tweetid,created,date,hour,weekday,text,tweet_text_raw,retweets,favorites,source.r,hashtag,num.emojis,sentiment_negative,sentiment_neutral,sentiment_positive,sentiment_score,sentiment_confidence,sentiment
2162,2017-10-16 21:28:10,2017-10-16,21,Monday,"#metoo.

I believe we are made in the image of God and we are uniquely, beautifully, and wonderfully made! No one... https://t.co/fXWcp4220T","#metoo. I believe we are made in the image of God and we are uniquely, beautifully, and wonderfully made! No one... https://t.co/fXWcp4220T",0.0,0.0,Unknown,#metoo,0.0,0.015210074372589588,0.11214181780815125,0.8726480603218079,0.8574379859492183,0.8726480603218079,Positive
20799,2017-10-16 20:54:34,2017-10-16,20,Monday,#MeToo #MeToo - one is for my mother. It has been more than 80 years of this. It has to stop.,#MeToo #MeToo - one is for my mother. It has been more than 80 years of this. It has to stop.,0.0,1.0,ANDROID,#metoo,0.0,0.747732937335968,0.20825406908988953,0.044012993574142456,-0.7037199437618256,0.747732937335968,Negative
1983,2017-10-16 19:30:47,2017-10-16,19,Monday,@EdKrassen We have all suffered and it needs to stop! #Metoo,@EdKrassen We have all suffered and it needs to stop! #Metoo,0.0,1.0,IPHONE,#metoo,0.0,0.8959862589836121,0.0932055339217186,0.010808193124830723,-0.8851780658587813,0.8959862589836121,Negative
3329,2017-10-16 20:04:05,2017-10-16,20,Monday,@johnw62 Indeed! And that is only one of many many stories I could have told. My friends almost all have #metoo stories too.,@johnw62 Indeed! And that is only one of many many stories I could have told. My friends almost all have #metoo stories too.,0.0,0.0,ANDROID,#metoo,0.0,0.02898748591542244,0.23541946709156036,0.7355930805206299,0.7066055946052074,0.7355930805206299,Positive
5210,2017-10-16 23:54:22,2017-10-16,23,Monday,#MeToo I like Coke &amp; a fresh buns.,#MeToo I like Coke &amp; a fresh buns.,1.0,0.0,ANDROID,#metoo,0.0,0.019862713292241096,0.25893181562423706,0.721205472946167,0.7013427596539259,0.721205472946167,Positive
3126,2017-10-16 22:11:14,2017-10-16,22,Monday,Unfortunately... #metoo. And not just once.,Unfortunately... #metoo. And not just once.,0.0,0.0,IPHONE,#metoo,0.0,0.9124345183372498,0.08196523785591125,0.0056002335622906685,-0.9068342847749591,0.9124345183372498,Negative
3476,2017-10-16 22:01:01,2017-10-16,22,Monday,"@jonathanchait cc:  @carronJphillips.  Your next article, right?  #MeToo

https://t.co/q1D9Vm4g4m","@jonathanchait cc: @carronJphillips. Your next article, right? #MeToo https://t.co/q1D9Vm4g4m",0.0,0.0,WEB,#metoo,0.0,0.009579664096236229,0.9107015132904053,0.07971876114606857,0.07013909704983234,0.9107015132904053,Neutral
8213,2017-10-16 19:17:33,2017-10-16,19,Monday,The latest Encore Living Daily Edition! https://t.co/vvNZMkSqh6 #gameofthrones #metoo,The latest Encore Living Daily Edition! https://t.co/vvNZMkSqh6 #gameofthrones #metoo,0.0,0.0,Unknown,#metoo,0.0,0.022859226912260056,0.8257583975791931,0.15138240158557892,0.12852317467331886,0.8257583975791931,Neutral
15166,2017-10-16 21:33:26,2017-10-16,21,Monday,a man grabbed my butt on the street when I was in high school and multiple men harassed me while I was working in bars and nightclubs #metoo,a man grabbed my butt on the street when I was in high school and multiple men harassed me while I was working in bars and nightclubs #metoo,0.0,3.0,WEB,#metoo,0.0,0.7876500487327576,0.20173068344593048,0.010619270615279675,-0.7770307781174779,0.7876500487327576,Negative
4010,2017-10-16 20:27:23,2017-10-16,20,Monday,Survivors of sexual violence deserve to be believed and supported. #MeToo https://t.co/Bo1p6trvSM,Survivors of sexual violence deserve to be believed and supported. #MeToo https://t.co/Bo1p6trvSM,0.0,0.0,Unknown,#metoo,0.0,0.10337627679109573,0.6072947382926941,0.28932908177375793,0.1859528049826622,0.6072947382926941,Neutral
12572,2017-10-16 22:14:09,2017-10-16,22,Monday,#metoo and my split second internal debate on whether to post is precisely the reason I have and it sucks.,#metoo and my split second internal debate on whether to post is precisely the reason I have and it sucks.,0.0,1.0,ANDROID,#metoo,0.0,0.930588960647583,0.0640130415558815,0.005398024804890156,-0.9251909358426929,0.930588960647583,Negative
4954,2017-10-16 23:14:46,2017-10-16,23,Monday,As we can see from the #MeToo something needs to be done of our culture of sexual assault and rape in America. This issue we must face.,As we can see from the #MeToo something needs to be done of our culture of sexual assault and rape in America. This issue we must face.,7.0,5.0,IPHONE,#metoo,0.0,0.718419075012207,0.26130232214927673,0.020278627052903175,-0.6981404479593039,0.718419075012207,Negative
12922,2017-10-16 19:47:00,2017-10-16,19,Monday,"@Alyssa_Milano #MeToo met. First time was when I was 16, my boss would grab my ass and rub against me while I was working.","@Alyssa_Milano #MeToo met. First time was when I was 16, my boss would grab my ass and rub against me while I was working.",0.0,0.0,ANDROID,#metoo,0.0,0.16978265345096588,0.7006894946098328,0.12952783703804016,-0.04025481641292572,0.7006894946098328,Neutral
5863,2017-10-16 22:19:53,2017-10-16,22,Monday,"Reminder that if a woman didn't post #MeToo, it doesn't mean she wasn't sexually assaulted or harassed. Survivors don't owe you their story.","Reminder that if a woman didn't post #MeToo, it doesn't mean she wasn't sexually assaulted or harassed. Survivors don't owe you their story.",0.0,3.0,IPHONE,#metoo,0.0,0.7579652070999146,0.2338283509016037,0.00820646807551384,-0.7497587390244007,0.7579652070999146,Negative
17495,2017-10-16 20:06:38,2017-10-16,20,Monday,This thread is everything. Thank you @jkwillettmd #MeToo https://t.co/nB3DdLbWLv,This thread is everything. Thank you @jkwillettmd #MeToo https://t.co/nB3DdLbWLv,0.0,3.0,IPHONE,#metoo,0.0,0.004701012745499611,0.015344368293881416,0.9799546599388123,0.9752536471933126,0.9799546599388123,Positive
9953,2017-10-16 21:16:41,2017-10-16,21,Monday,Some things we don't talk about because we don't want to recognize them as being real. Its time to talk. #MeToo,Some things we don't talk about because we don't want to recognize them as being real. Its time to talk. #MeToo,0.0,3.0,ANDROID,#metoo,0.0,0.3654121458530426,0.5852572321891785,0.04933064430952072,-0.3160815015435219,0.5852572321891785,Neutral
8357,2017-10-16 19:10:59,2017-10-16,19,Monday,"the magnitude of this is crazy.. 
#metoo https://t.co/897Bin98du",the magnitude of this is crazy.. #metoo https://t.co/897Bin98du,0.0,0.0,IPHONE,#metoo,0.0,0.7354317903518677,0.22695277631282806,0.03761540353298187,-0.6978163868188858,0.7354317903518677,Negative
27344,2017-10-16 20:14:53,2017-10-16,20,Monday,"#MeToo 
I dont wanna share but i want people to know this happens far more often than you think.",#MeToo I dont wanna share but i want people to know this happens far more often than you think.,0.0,13.0,ANDROID,#metoo,0.0,0.7601071000099182,0.2250862717628479,0.014806612394750118,-0.7453004876151681,0.7601071000099182,Negative
19758,2017-10-16 22:28:00,2017-10-16,22,Monday,"THIS. So much this. 
#MeToo https://t.co/tFgl1f3yGv",THIS. So much this. #MeToo https://t.co/tFgl1f3yGv,0.0,2.0,ANDROID,#metoo,0.0,0.1689874529838562,0.4265574812889099,0.4044550061225891,0.2354675531387329,0.4265574812889099,Neutral
27105,2017-10-16 23:02:31,2017-10-16,23,Monday,"As a Jew and as a victim of assault, I can not begin to apologize for the assaults caused by my jewish bretheren in hollywood. #MeToo","As a Jew and as a victim of assault, I can not begin to apologize for the assaults caused by my jewish bretheren in hollywood. #MeToo",0.0,0.0,WEB,#metoo,0.0,0.9220080375671387,0.0713684931397438,0.006623489316552877,-0.9153845482505858,0.9220080375671387,Negative
2870,2017-10-16 23:45:47,2017-10-16,23,Monday,"To any woman i ever treated badly, i apologize. I'm still learning and trying to right my wrongs.  #metoo","To any woman i ever treated badly, i apologize. I'm still learning and trying to right my wrongs. #metoo",0.0,1.0,ANDROID,#metoo,0.0,0.659006655216217,0.300492525100708,0.04050079733133316,-0.6185058578848839,0.659006655216217,Negative
15444,2017-10-16 20:33:12,2017-10-16,20,Monday,It<e2><80><99>s a fucking travesty that the vast majority of women on my timeline have a #MeToo story about sexual assault/harrsassment. It<e2><80><99>s not ok!,It<e2><80><99>s a fucking travesty that the vast majority of women on my timeline have a #MeToo story about sexual assault/harrsassment. It<e2><80><99>s not ok!,0.0,0.0,IPHONE,#metoo,0.0,0.9454213976860046,0.0491364561021328,0.005442073103040457,-0.9399793245829642,0.9454213976860046,Negative
4958,2017-10-16 23:25:36,2017-10-16,23,Monday,@Alyssa_Milano The first time it happened.. two guys from school offered me a ride.. then they wouldn't let me out<e2><80><a6> https://t.co/HHk141R7mQ,@Alyssa_Milano The first time it happened.. two guys from school offered me a ride.. then they wouldn't let me out<e2><80><a6> https://t.co/HHk141R7mQ,0.0,0.0,IPHONE,#metoo,0.0,0.687420666217804,0.3008178174495697,0.01176147349178791,-0.675659192726016,0.687420666217804,Negative
22671,2017-10-16 21:31:40,2017-10-16,21,Monday,A friend would have tweeted #MeToo twice...very sad <ed><a0><bd><ed><b8><9e>,A friend would have tweeted #MeToo twice...very sad <ed><a0><bd><ed><b8><9e>,0.0,0.0,IPHONE,#metoo,1.0,0.8544781804084778,0.1342306137084961,0.01129113882780075,-0.843187041580677,0.8544781804084778,Negative
24870,2017-10-16 19:03:41,2017-10-16,19,Monday,Reading through random #metoo stories. It's heartbreaking. :(,Reading through random #metoo stories. It's heartbreaking. :(,0.0,3.0,WEB,#metoo,0.0,0.922008216381073,0.07210038602352142,0.005891349166631699,-0.9161168672144413,0.922008216381073,Negative
21205,2017-10-16 22:40:08,2017-10-16,22,Monday,@JCCCtweet I bet not since they wouldn't investigate at all. Not even ask another student in the class. #metoo,@JCCCtweet I bet not since they wouldn't investigate at all. Not even ask another student in the class. #metoo,0.0,0.0,Unknown,#metoo,0.0,0.8474959135055542,0.14554178714752197,0.006962248589843512,-0.8405336649157107,0.8474959135055542,Negative
19631,2017-10-16 21:26:30,2017-10-16,21,Monday,"I honestly don't know how I feel about this or any of it. 
<e2><80><a2>
<e2><80><a2>
<e2><80><a2>
<e2><80><a2>
<e2><80><a2>
#metoo #meinfinity<e2><80><a6> https://t.co/Y206odTyIJ",I honestly don't know how I feel about this or any of it. <e2><80><a2> <e2><80><a2> <e2><80><a2> <e2><80><a2> <e2><80><a2> #metoo #meinfinity<e2><80><a6> https://t.co/Y206odTyIJ,0.0,0.0,Unknown,#metoo,0.0,0.8254591226577759,0.16414234042167664,0.010398486629128456,-0.8150606360286474,0.8254591226577759,Negative
5647,2017-10-16 20:47:34,2017-10-16,20,Monday,"If you tell me you have been sexually assaulted/harassed, #IWill support you and believe you.  #MeToo","If you tell me you have been sexually assaulted/harassed, #IWill support you and believe you. #MeToo",1.0,6.0,IPHONE,#metoo,0.0,0.19771423935890198,0.5885584950447083,0.21372729539871216,0.01601305603981018,0.5885584950447083,Neutral
8434,2017-10-16 21:54:00,2017-10-16,21,Monday,"Women are using #MeToo to speak on abuse they've endured.

Where the fuck are the men taking public responsibility for doing it?

#YESiHAVE",Women are using #MeToo to speak on abuse they've endured. Where the fuck are the men taking public responsibility for doing it? #YESiHAVE,1.0,7.0,ANDROID,#metoo,0.0,0.8483585119247437,0.14153313636779785,0.010108329355716705,-0.838250182569027,0.8483585119247437,Negative
22070,2017-10-16 23:43:17,2017-10-16,23,Monday,"#metoo

That said<e2><80><93> I'd like to try something else here. I want to recall all of the times I could have ended up being a victim of (1)",#metoo That said<e2><80><93> I'd like to try something else here. I want to recall all of the times I could have ended up being a victim of (1),0.0,0.0,WEB,#metoo,0.0,0.6495643854141235,0.3312767744064331,0.01915883459150791,-0.6304055508226156,0.6495643854141235,Negative
19052,2017-10-16 23:59:27,2017-10-16,23,Monday,"#MeToo Trends On Social Media With Stories Of Assault And Harassment https://t.co/Q367ED4neM 
#MeToo #Trending https://t.co/27gqymAN9T",#MeToo Trends On Social Media With Stories Of Assault And Harassment https://t.co/Q367ED4neM #MeToo #Trending https://t.co/27gqymAN9T,4.0,10.0,WEB,#metoo,0.0,0.4018495976924896,0.5740087628364563,0.024141676723957062,-0.37770792096853256,0.5740087628364563,Neutral
13007,2017-10-16 21:07:35,2017-10-16,21,Monday,Not telling my story because I can't go back there right now but #MeToo,Not telling my story because I can't go back there right now but #MeToo,1.0,4.0,ANDROID,#metoo,0.0,0.5684565901756287,0.40930476784706116,0.022238649427890778,-0.5462179407477379,0.5684565901756287,Negative
25710,2017-10-16 21:26:30,2017-10-16,21,Monday,The latest Thode Daily Health Review! https://t.co/OFuHR6fbuo #metoo,The latest Thode Daily Health Review! https://t.co/OFuHR6fbuo #metoo,0.0,0.0,Unknown,#metoo,0.0,0.010523708537220955,0.8204991817474365,0.16897715628147125,0.1584534477442503,0.8204991817474365,Neutral
15220,2017-10-16 20:54:52,2017-10-16,20,Monday,I have lost count of all of the times I've dealt with sexual harassment and assault since I was a child. You are not alone. #metoo,I have lost count of all of the times I've dealt with sexual harassment and assault since I was a child. You are not alone. #metoo,0.0,12.0,WEB,#metoo,0.0,0.8538808822631836,0.12676094472408295,0.019358156248927116,-0.8345227260142565,0.8538808822631836,Negative
7280,2017-10-16 19:49:38,2017-10-16,19,Monday,Me too #MeToo https://t.co/aqpO752Ceu,Me too #MeToo https://t.co/aqpO752Ceu,0.0,0.0,IPHONE,#metoo,0.0,0.05444973707199097,0.6012253165245056,0.3443250060081482,0.2898752689361572,0.6012253165245056,Neutral
2844,2017-10-16 21:27:30,2017-10-16,21,Monday,"2-161017-417p ""1 2 Gsus""
Dedicated 2 the voices of #metoo
4 (broke)n (me)n https://t.co/zkZGFHOZG9","2-161017-417p ""1 2 Gsus"" Dedicated 2 the voices of #metoo 4 (broke)n (me)n https://t.co/zkZGFHOZG9",0.0,0.0,ANDROID,#metoo,0.0,0.03429105505347252,0.8322218060493469,0.13348715007305145,0.09919609501957893,0.8322218060493469,Neutral
13342,2017-10-16 21:00:29,2017-10-16,21,Monday,"Isn't this the truth!
Me, too

#MeToo https://t.co/1V31y2P5w9","Isn't this the truth! Me, too #MeToo https://t.co/1V31y2P5w9",0.0,2.0,ANDROID,#metoo,0.0,0.06179891154170036,0.3453194200992584,0.5928816795349121,0.5310827679932117,0.5928816795349121,Positive
5272,2017-10-16 23:46:12,2017-10-16,23,Monday,#meToo. All that needs to be said. https://t.co/VI04l6HQ9P,#meToo. All that needs to be said. https://t.co/VI04l6HQ9P,0.0,1.0,ANDROID,#metoo,0.0,0.06978874653577805,0.6649072170257568,0.26530399918556213,0.1955152526497841,0.6649072170257568,Neutral
12722,2017-10-16 23:41:00,2017-10-16,23,Monday,@Alyssa_Milano #MeToo I was sexually harassed in 1985. haunts me wish I'd been stronger &amp; had the courage to say so<e2><80><a6> https://t.co/ugvirEbhF9,@Alyssa_Milano #MeToo I was sexually harassed in 1985. haunts me wish I'd been stronger &amp; had the courage to say so<e2><80><a6> https://t.co/ugvirEbhF9,0.0,2.0,IPHONE,#metoo,0.0,0.8730406165122986,0.11576639860868454,0.011193045414984226,-0.8618475710973144,0.8730406165122986,Negative
6677,2017-10-16 21:39:06,2017-10-16,21,Monday,"Since I was 13, I<e2><80><99>ve wanted to say, <e2><80><9c>If ur female &amp; ur breathing, expect to be sexually harassed at some point in your life.<e2><80><9d> #metoo","Since I was 13, I<e2><80><99>ve wanted to say, <e2><80><9c>If ur female &amp; ur breathing, expect to be sexually harassed at some point in your life.<e2><80><9d> #metoo",0.0,0.0,IPHONE,#metoo,0.0,0.5664674639701843,0.4058626890182495,0.027669841423630714,-0.5387976225465536,0.5664674639701843,Negative
22785,2017-10-16 20:43:40,2017-10-16,20,Monday,"Five decades in the industry.

Countless times.

#Neverthelessshepersisted 

#MeToo 

#ROSEARMY #SallysSoldiers",Five decades in the industry. Countless times. #Neverthelessshepersisted #MeToo #ROSEARMY #SallysSoldiers,1.0,10.0,ANDROID,#metoo,0.0,0.08265946805477142,0.44477206468582153,0.4725685119628906,0.3899090439081192,0.4725685119628906,Positive
23529,2017-10-16 20:50:59,2017-10-16,20,Monday,The latest Today's Best! https://t.co/xkFT1fWVcA Thanks to @haaretzcom @Herring_NBA @JanellRoss #metoo #patriots,The latest Today's Best! https://t.co/xkFT1fWVcA Thanks to @haaretzcom @Herring_NBA @JanellRoss #metoo #patriots,0.0,0.0,Unknown,#metoo,0.0,0.0019813913386315107,0.018055817112326622,0.9799628257751465,0.977981434436515,0.9799628257751465,Positive
770,2017-10-16 20:36:37,2017-10-16,20,Monday,@VoiceOfOBrien im a man and i even joined in. women arent the only ones assaulted. #metoo,@VoiceOfOBrien im a man and i even joined in. women arent the only ones assaulted. #metoo,0.0,0.0,WEB,#metoo,0.0,0.4416790008544922,0.5167799592018127,0.04154103994369507,-0.4001379609107971,0.5167799592018127,Neutral
1920,2017-10-16 20:06:04,2017-10-16,20,Monday,"#MeToo is telling the world of the pervasive sexual abuse/harassment that women face everyday, all around the world","#MeToo is telling the world of the pervasive sexual abuse/harassment that women face everyday, all around the world",0.0,0.0,ANDROID,#metoo,0.0,0.708571195602417,0.2650498151779175,0.026379037648439407,-0.6821921579539776,0.708571195602417,Negative
27474,2017-10-16 23:29:22,2017-10-16,23,Monday,A Conservative Comedian Just Made A Sexist <e2><80><9c>Joke<e2><80><9d> Amid #MeToo And Quickly Paid For It https://t.co/QwIpLsqF8L https://t.co/QwIpLsqF8L,A Conservative Comedian Just Made A Sexist <e2><80><9c>Joke<e2><80><9d> Amid #MeToo And Quickly Paid For It https://t.co/QwIpLsqF8L https://t.co/QwIpLsqF8L,0.0,0.0,Unknown,#metoo,0.0,0.5272320508956909,0.4432544410228729,0.029513465240597725,-0.4977185856550932,0.5272320508956909,Negative
18009,2017-10-16 20:37:11,2017-10-16,20,Monday,"Age 16, worked at McDonald's. Old man not allowed to work alone w/o a manager on staff. Harassed by him when we were short staffed #MeToo","Age 16, worked at McDonald's. Old man not allowed to work alone w/o a manager on staff. Harassed by him when we were short staffed #MeToo",0.0,0.0,ANDROID,#metoo,0.0,0.7504037618637085,0.23501813411712646,0.014578140340745449,-0.735825621522963,0.7504037618637085,Negative
4766,2017-10-16 23:14:07,2017-10-16,23,Monday,"Even after so long, I still walk with keys as impromptu claws when alone. #MeToo","Even after so long, I still walk with keys as impromptu claws when alone. #MeToo",0.0,0.0,IPHONE,#metoo,0.0,0.3812773823738098,0.5323706269264221,0.08635193854570389,-0.2949254438281059,0.5323706269264221,Neutral
21414,2017-10-16 23:41:42,2017-10-16,23,Monday,"I kept it to myself and thought I led him on and maybe it was my fault, even though I said no. Still a hard thing to talk about. #MeToo","I kept it to myself and thought I led him on and maybe it was my fault, even though I said no. Still a hard thing to talk about. #MeToo",1.0,3.0,IPHONE,#metoo,0.0,0.786850094795227,0.2054535448551178,0.007696330547332764,-0.7791537642478943,0.786850094795227,Negative
14261,2017-10-16 19:11:55,2017-10-16,19,Monday,"If the #metoo stories have shocked you - 70% of women have experienced #harassment 
What are you going to do to sto<e2><80><a6> https://t.co/oRVexbej88",If the #metoo stories have shocked you - 70% of women have experienced #harassment What are you going to do to sto<e2><80><a6> https://t.co/oRVexbej88,1.0,2.0,WEB,#metoo,0.0,0.8126240372657776,0.17953190207481384,0.007844003848731518,-0.8047800334170461,0.8126240372657776,Negative
5117,2017-10-16 19:06:09,2017-10-16,19,Monday,"Because I don't want to stay silent anymore. <ed><a0><bd><ed><b5><af>
#MeToo",Because I don't want to stay silent anymore. <ed><a0><bd><ed><b5><af> #MeToo,0.0,1.0,IPHONE,#metoo,1.0,0.6031781435012817,0.3630451261997223,0.033776745200157166,-0.5694013983011246,0.6031781435012817,Negative
17330,2017-10-16 23:56:51,2017-10-16,23,Monday,"This is not okay. The number of people who have showed up on my Facebook and Twitter feeds breaks my heart, we must stand together. #MeToo","This is not okay. The number of people who have showed up on my Facebook and Twitter feeds breaks my heart, we must stand together. #MeToo",0.0,1.0,IPHONE,#metoo,0.0,0.9051097631454468,0.08598894625902176,0.00890137068927288,-0.8962083924561739,0.9051097631454468,Negative
15959,2017-10-16 22:22:27,2017-10-16,22,Monday,#Metoo stories show a certain collective reckoning against sexual assault &amp; harassment<e2><80><93><e2><80><93>something always worth thinking about,#Metoo stories show a certain collective reckoning against sexual assault &amp; harassment<e2><80><93><e2><80><93>something always worth thinking about,0.0,2.0,WEB,#metoo,0.0,0.07826940715312958,0.614305853843689,0.30742472410202026,0.22915531694889069,0.614305853843689,Neutral
17634,2017-10-16 19:10:48,2017-10-16,19,Monday,#MeToo I am grateful that I've gotten to the point where their wrongs no longer define me. That is their burden to carry. Not mine. #Karma,#MeToo I am grateful that I've gotten to the point where their wrongs no longer define me. That is their burden to carry. Not mine. #Karma,0.0,18.0,WEB,#metoo,0.0,0.48501601815223694,0.3401971161365509,0.17478680610656738,-0.31022921204566956,0.48501601815223694,Negative
27413,2017-10-16 22:47:49,2017-10-16,22,Monday,@Khan_Murad1 Having your boss come up behind you and grab your breast.  #metoo,@Khan_Murad1 Having your boss come up behind you and grab your breast. #metoo,0.0,3.0,ANDROID,#metoo,0.0,0.3232478201389313,0.6315699219703674,0.04518226161599159,-0.2780655585229397,0.6315699219703674,Neutral
14244,2017-10-16 19:14:11,2017-10-16,19,Monday,"Whenever one person stands up and says,
''Wait a minute, this is wrong.''
It helps other people to do the same...!<e2><80><a6> https://t.co/su4Vu66Gnu","Whenever one person stands up and says, ''Wait a minute, this is wrong.'' It helps other people to do the same...!<e2><80><a6> https://t.co/su4Vu66Gnu",0.0,0.0,WEB,#metoo,0.0,0.13567663729190826,0.6051164269447327,0.25920698046684265,0.12353034317493439,0.6051164269447327,Neutral
6408,2017-10-16 19:10:49,2017-10-16,19,Monday,"From Trump and Weinstein to your workplace, on the train and down the pub. It's time more men stood up and said #NoMore to #MeToo.","From Trump and Weinstein to your workplace, on the train and down the pub. It's time more men stood up and said #NoMore to #MeToo.",29.0,66.0,IPHONE,#metoo,0.0,0.7803651690483093,0.20323944091796875,0.016395386308431625,-0.7639697827398777,0.7803651690483093,Negative
19659,2017-10-16 22:20:32,2017-10-16,22,Monday,"Retweeted freakin' bats (@himynameisaine):

Saw this on Facebook. So simple but absolutely nails it. #metoo... https://t.co/9Q5X5YeY8m",Retweeted freakin' bats (@himynameisaine): Saw this on Facebook. So simple but absolutely nails it. #metoo... https://t.co/9Q5X5YeY8m,0.0,0.0,Unknown,#metoo,0.0,0.02294515073299408,0.17384354770183563,0.8032113313674927,0.7802661806344986,0.8032113313674927,Positive
16755,2017-10-16 23:33:06,2017-10-16,23,Monday,"@Alyssa_Milano Whether it be the guy slipping something in my drink, or the men I plan my running route around every day; change it. #metoo","@Alyssa_Milano Whether it be the guy slipping something in my drink, or the men I plan my running route around every day; change it. #metoo",0.0,6.0,IPHONE,#metoo,0.0,0.48576581478118896,0.48740410804748535,0.026830041781067848,-0.4589357730001211,0.48740410804748535,Neutral
2061,2017-10-16 23:21:41,2017-10-16,23,Monday,Me too #MeToo,Me too #MeToo,0.0,2.0,IPHONE,#metoo,0.0,0.07976878434419632,0.6041861772537231,0.31604501605033875,0.23627623170614243,0.6041861772537231,Neutral
21701,2017-10-16 22:43:17,2017-10-16,22,Monday,"The sad truth is that if the hashtag was #neverhappenedtome it wouldn't be trending, so hell yes, #metoo","The sad truth is that if the hashtag was #neverhappenedtome it wouldn't be trending, so hell yes, #metoo",0.0,2.0,IPHONE,#metoo,0.0,0.8574709892272949,0.13046976923942566,0.01205921545624733,-0.8454117737710476,0.8574709892272949,Negative
6280,2017-10-16 21:48:22,2017-10-16,21,Monday,"#MondayMorning Sean Hughes #Ophelia #redsun #MeToo #IdLikeToTeach Harvey Weinstein's $250,000 #DementiaCareSummit<ed><a0><bc><ed><b7><ba><ed><a0><bc><ed><b7><b8><ed><a0><bc><ed><b7><ba><ed><a0><bc><ed><b7><b8>https://t.co/274CkOHNF5","#MondayMorning Sean Hughes #Ophelia #redsun #MeToo #IdLikeToTeach Harvey Weinstein's $250,000 #DementiaCareSummit<ed><a0><bc><ed><b7><ba><ed><a0><bc><ed><b7><b8><ed><a0><bc><ed><b7><ba><ed><a0><bc><ed><b7><b8>https://t.co/274CkOHNF5",39.0,39.0,WEB,#metoo,1.0,0.21887938678264618,0.7357074618339539,0.045413173735141754,-0.17346621304750443,0.7357074618339539,Neutral
22896,2017-10-16 19:03:54,2017-10-16,19,Monday,"#MeToo. OF COURSE!
It's not a coincidence. IT'S a structurally necessary part of patriarchal society. Men, you have a lot of work to do.","#MeToo. OF COURSE! It's not a coincidence. IT'S a structurally necessary part of patriarchal society. Men, you have a lot of work to do.",0.0,0.0,ANDROID,#metoo,0.0,0.3349035382270813,0.4184820353984833,0.24661439657211304,-0.08828914165496826,0.4184820353984833,Neutral
21041,2017-10-16 22:12:02,2017-10-16,22,Monday,#MeToo I was groped in the crotch while getting cash out. The guy then laughed with his mates afterwards.,#MeToo I was groped in the crotch while getting cash out. The guy then laughed with his mates afterwards.,0.0,0.0,Unknown,#metoo,0.0,0.5873698592185974,0.3858112692832947,0.02681882306933403,-0.5605510361492634,0.5873698592185974,Negative
2203,2017-10-16 20:18:48,2017-10-16,20,Monday,Twitter is too constricting with 140 characters to tweet all that<e2><80><99>s happened over the years. But yes. #MeToo,Twitter is too constricting with 140 characters to tweet all that<e2><80><99>s happened over the years. But yes. #MeToo,0.0,0.0,IPHONE,#metoo,0.0,0.6315473914146423,0.34163808822631836,0.026814492419362068,-0.6047328989952803,0.6315473914146423,Negative
7677,2017-10-16 20:51:22,2017-10-16,20,Monday,I shouldn't need to post #MeToo. https://t.co/KjLwGjX1L8,I shouldn't need to post #MeToo. https://t.co/KjLwGjX1L8,0.0,0.0,Unknown,#metoo,0.0,0.7634259462356567,0.22673587501049042,0.009838180616497993,-0.7535877656191587,0.7634259462356567,Negative
5279,2017-10-16 20:14:37,2017-10-16,20,Monday,Been an important conversation on twitter today. Didn't say earlier cos imp women's voices are heard. Its dying down though so  #metoo,Been an important conversation on twitter today. Didn't say earlier cos imp women's voices are heard. Its dying down though so #metoo,0.0,2.0,ANDROID,#metoo,0.0,0.11695864796638489,0.36156296730041504,0.5214783549308777,0.4045197069644928,0.5214783549308777,Positive
1621,2017-10-16 19:38:15,2017-10-16,19,Monday,To all the #metoo<e2><80><99>s I believe you. And i support you.,To all the #metoo<e2><80><99>s I believe you. And i support you.,0.0,1.0,IPHONE,#metoo,0.0,0.010356798768043518,0.11602655053138733,0.8736166954040527,0.8632598966360092,0.8736166954040527,Positive
5305,2017-10-16 22:17:25,2017-10-16,22,Monday,"#MeToo it started at age 6, the rapes started at 8 and I started acting out at 12, had a baby at 15... Need more or is that #EnoughAlready","#MeToo it started at age 6, the rapes started at 8 and I started acting out at 12, had a baby at 15... Need more or is that #EnoughAlready",1.0,0.0,IPHONE,#metoo,0.0,0.7233221530914307,0.26007258892059326,0.016605321317911148,-0.7067168317735195,0.7233221530914307,Negative
12947,2017-10-16 23:12:55,2017-10-16,23,Monday,"#SexualAbuse
#MeToo is flying around the world and I am completely overwhelmed because my #MeToo feels so... https://t.co/XOFUki0c3p",#SexualAbuse #MeToo is flying around the world and I am completely overwhelmed because my #MeToo feels so... https://t.co/XOFUki0c3p,0.0,1.0,Unknown,#metoo,0.0,0.8613687753677368,0.12446963787078857,0.014161543920636177,-0.8472072314471006,0.8613687753677368,Negative
550,2017-10-16 23:54:51,2017-10-16,23,Monday,#MeToo #IWill push back and help younger women navigate it better than I did.,#MeToo #IWill push back and help younger women navigate it better than I did.,1.0,2.0,WEB,#metoo,0.0,0.0635404959321022,0.45191648602485657,0.48454299569129944,0.42100249975919724,0.48454299569129944,Positive
2463,2017-10-16 20:33:38,2017-10-16,20,Monday,"I don't care how far back we go - if you're a creep, don't know how to respect women, you're cut from the team period #MeToo","I don't care how far back we go - if you're a creep, don't know how to respect women, you're cut from the team period #MeToo",0.0,13.0,WEB,#metoo,0.0,0.902036190032959,0.09058669954538345,0.007377163972705603,-0.8946590260602534,0.902036190032959,Negative
4526,2017-10-16 21:08:40,2017-10-16,21,Monday,"@Alyssa_Milano <e2><80><9c>but what were you wearing<e2><80><9d>, <e2><80><9c>were you flirting<e2><80><9d>, <e2><80><9c>did you lead them on<e2><80><9d>, <e2><80><9c>how much did you drink<e2><80><9d> #metoo","@Alyssa_Milano <e2><80><9c>but what were you wearing<e2><80><9d>, <e2><80><9c>were you flirting<e2><80><9d>, <e2><80><9c>did you lead them on<e2><80><9d>, <e2><80><9c>how much did you drink<e2><80><9d> #metoo",0.0,2.0,IPHONE,#metoo,0.0,0.08709199726581573,0.8682552576065063,0.044652845710515976,-0.04243915155529976,0.8682552576065063,Neutral
27368,2017-10-16 23:10:13,2017-10-16,23,Monday,#MeToo What else can I say......me too <ed><a0><be><ed><b5><80>,#MeToo What else can I say......me too <ed><a0><be><ed><b5><80>,0.0,1.0,WEB,#metoo,1.0,0.4383065104484558,0.4831901490688324,0.07850342988967896,-0.35980308055877686,0.4831901490688324,Neutral
248,2017-10-16 22:29:09,2017-10-16,22,Monday,"Mothers and fathers, teach your sons and daughters not  to sexually harass anyone.. #metoo #sexualharrassment","Mothers and fathers, teach your sons and daughters not to sexually harass anyone.. #metoo #sexualharrassment",0.0,0.0,IPHONE,#metoo,0.0,0.6492941975593567,0.3219664990901947,0.028739308938384056,-0.6205548886209726,0.6492941975593567,Negative
2433,2017-10-16 19:24:27,2017-10-16,19,Monday,I should have the right not to be harassed at work by drunk Santas or by fuckboys with a Latina fetish #MeToo,I should have the right not to be harassed at work by drunk Santas or by fuckboys with a Latina fetish #MeToo,0.0,0.0,ANDROID,#metoo,0.0,0.7393016815185547,0.2417721152305603,0.018926184624433517,-0.7203754968941212,0.7393016815185547,Negative
14414,2017-10-16 23:25:22,2017-10-16,23,Monday,#metoo Draws Attention To Sexual Assault And Harassment (RT<e2><86><ba> Fav<e2><9d><a4><ef><b8><8f>) https://t.co/1GOM5jppQu,#metoo Draws Attention To Sexual Assault And Harassment (RT<e2><86><ba> Fav<e2><9d><a4><ef><b8><8f>) https://t.co/1GOM5jppQu,0.0,0.0,Unknown,#metoo,1.0,0.5992366671562195,0.38722652196884155,0.013536769896745682,-0.5856998972594738,0.5992366671562195,Negative
15762,2017-10-16 20:03:31,2017-10-16,20,Monday,Survivors shouldn't have to have a hashtag campaign for you to believe us. And we don't owe you our stories. #MeToo,Survivors shouldn't have to have a hashtag campaign for you to believe us. And we don't owe you our stories. #MeToo,3.0,6.0,ANDROID,#metoo,0.0,0.7465308904647827,0.24206984043121338,0.011399232782423496,-0.7351316576823592,0.7465308904647827,Negative
614,2017-10-16 19:53:18,2017-10-16,19,Monday,"#MeToo <e2><9a><a1><ef><b8><8f> <e2><80><9c>How 'me too' is showing the magnitude of sexual assault<e2><80><9d>

https://t.co/1sJ6oMW2vD",#MeToo <e2><9a><a1><ef><b8><8f> <e2><80><9c>How 'me too' is showing the magnitude of sexual assault<e2><80><9d> https://t.co/1sJ6oMW2vD,0.0,0.0,WEB,#metoo,1.0,0.5116305351257324,0.4683438837528229,0.020025556907057762,-0.49160497821867466,0.5116305351257324,Negative
24907,2017-10-16 20:41:32,2017-10-16,20,Monday,"Weinstein, harassment, assault...none of it should be surprising. In Hollywood, or anywhere else. #metoo","Weinstein, harassment, assault...none of it should be surprising. In Hollywood, or anywhere else. #metoo",0.0,1.0,IPHONE,#metoo,0.0,0.8626718521118164,0.12852105498313904,0.008807122707366943,-0.8538647294044495,0.8626718521118164,Negative
22640,2017-10-16 20:53:04,2017-10-16,20,Monday,https://t.co/6rZEpSv2sc Me Too: Harvey Weinstein and the Story We Keep Hearing Over and Over #rva #HarveyWeinstein #MeToo #virginia,https://t.co/6rZEpSv2sc Me Too: Harvey Weinstein and the Story We Keep Hearing Over and Over #rva #HarveyWeinstein #MeToo #virginia,2.0,3.0,WEB,#metoo,0.0,0.20654504001140594,0.7493172883987427,0.044137611985206604,-0.16240742802619934,0.7493172883987427,Neutral
2798,2017-10-16 22:49:50,2017-10-16,22,Monday,"yes, of course, #metoo. I worked in restaurants for years<e2><80><94>partly why I switched to bartending, where I had a literal barrier in front of me.","yes, of course, #metoo. I worked in restaurants for years<e2><80><94>partly why I switched to bartending, where I had a literal barrier in front of me.",0.0,2.0,Unknown,#metoo,0.0,0.33620747923851013,0.5556818842887878,0.10811062157154083,-0.2280968576669693,0.5556818842887878,Neutral
25705,2017-10-16 21:53:55,2017-10-16,21,Monday,Me too <ed><a0><bd><ed><b8><a1> #MeToo,Me too <ed><a0><bd><ed><b8><a1> #MeToo,0.0,1.0,IPHONE,#metoo,1.0,0.3173736333847046,0.584351658821106,0.09827470034360886,-0.21909893304109573,0.584351658821106,Neutral
25043,2017-10-16 22:43:45,2017-10-16,22,Monday,"1. I couldn't post #MeToo today. take a wild guess why not. it's literally my privilege, in more than one sense, to<e2><80><a6> https://t.co/afkyXjFsrf","1. I couldn't post #MeToo today. take a wild guess why not. it's literally my privilege, in more than one sense, to<e2><80><a6> https://t.co/afkyXjFsrf",0.0,7.0,WEB,#metoo,0.0,0.5543212890625,0.39285680651664734,0.052821870893239975,-0.50149941816926,0.5543212890625,Negative
13994,2017-10-16 20:40:20,2017-10-16,20,Monday,"#MeToo because What happened doesn<e2><80><99>t make me damaged goods, or less than others. https://t.co/dmX6Qi2JNV","#MeToo because What happened doesn<e2><80><99>t make me damaged goods, or less than others. https://t.co/dmX6Qi2JNV",0.0,1.0,Unknown,#metoo,0.0,0.563307523727417,0.4052668511867523,0.03142564743757248,-0.5318818762898445,0.563307523727417,Negative
13141,2017-10-16 21:11:15,2017-10-16,21,Monday,Me too. #metoo,Me too. #metoo,0.0,0.0,IPHONE,#metoo,0.0,0.1284576952457428,0.6448686122894287,0.22667373716831207,0.09821604192256927,0.6448686122894287,Neutral
21638,2017-10-16 22:32:04,2017-10-16,22,Monday,@leenanorms Currently reading all of your #metoo stories &amp; honestly each &amp; every one of you is so brave. I<e2><80><99>ve had t<e2><80><a6> https://t.co/ihZKBRebeV,@leenanorms Currently reading all of your #metoo stories &amp; honestly each &amp; every one of you is so brave. I<e2><80><99>ve had t<e2><80><a6> https://t.co/ihZKBRebeV,0.0,16.0,IPHONE,#metoo,0.0,0.009193100966513157,0.044127825647592545,0.9466789960861206,0.9374858951196074,0.9466789960861206,Positive
11857,2017-10-16 20:16:22,2017-10-16,20,Monday,"@Microbe_Mom I just watched the hunting ground and am shocked. Shocked. About all, but especially about staff who s<e2><80><a6> https://t.co/MGOGmKXoeH","@Microbe_Mom I just watched the hunting ground and am shocked. Shocked. About all, but especially about staff who s<e2><80><a6> https://t.co/MGOGmKXoeH",0.0,1.0,ANDROID,#metoo,0.0,0.8859585523605347,0.10720445960760117,0.00683710677549243,-0.8791214455850422,0.8859585523605347,Negative
12968,2017-10-16 23:54:55,2017-10-16,23,Monday,@mommytrish2010 *hugs sestra* I won<e2><80><99>t go into detail I<e2><80><99>ll just say #MeToo,@mommytrish2010 *hugs sestra* I won<e2><80><99>t go into detail I<e2><80><99>ll just say #MeToo,0.0,1.0,IPHONE,#metoo,0.0,0.3606657087802887,0.5807830691337585,0.05855122581124306,-0.30211448296904564,0.5807830691337585,Neutral
14822,2017-10-16 21:54:38,2017-10-16,21,Monday,Me too. #MeToo,Me too. #MeToo,0.0,0.0,IPHONE,#metoo,0.0,0.06320705264806747,0.5410102605819702,0.3957826495170593,0.33257559686899185,0.5410102605819702,Neutral
16062,2017-10-16 23:20:55,2017-10-16,23,Monday,#metoo and the college covered it up.,#metoo and the college covered it up.,0.0,0.0,WEB,#metoo,0.0,0.8422325849533081,0.14954981207847595,0.00821760855615139,-0.8340149763971567,0.8422325849533081,Negative
1477,2017-10-16 21:47:54,2017-10-16,21,Monday,"Now do you guys get the magnitude of sexual harassment/assault in the US?!When it happened to me, I was told I must<e2><80><a6> https://t.co/9tmqjoG76C","Now do you guys get the magnitude of sexual harassment/assault in the US?!When it happened to me, I was told I must<e2><80><a6> https://t.co/9tmqjoG76C",0.0,0.0,IPHONE,#metoo,0.0,0.8105872869491577,0.18046489357948303,0.00894777663052082,-0.8016395103186369,0.8105872869491577,Negative
23381,2017-10-16 21:20:47,2017-10-16,21,Monday,"I am no longer ashamed of what was done to me, and instead choose to speak out. #MeToo","I am no longer ashamed of what was done to me, and instead choose to speak out. #MeToo",0.0,1.0,IPHONE,#metoo,0.0,0.23394030332565308,0.5563448667526245,0.20971477031707764,-0.02422553300857544,0.5563448667526245,Neutral
18397,2017-10-16 22:34:10,2017-10-16,22,Monday,this is why I hate #metoo - it<e2><80><99>s just another opportunity for trauma to be exploited by the very people who caused it in the first place,this is why I hate #metoo - it<e2><80><99>s just another opportunity for trauma to be exploited by the very people who caused it in the first place,0.0,3.0,IPHONE,#metoo,0.0,0.9513475894927979,0.044344205409288406,0.004308179020881653,-0.9470394104719162,0.9513475894927979,Negative
21330,2017-10-16 19:52:04,2017-10-16,19,Monday,Men need to take responsibility in this. #metoo #ibelieveyou because my sister is growing up in a world where she can<e2><80><99>t walk alone.,Men need to take responsibility in this. #metoo #ibelieveyou because my sister is growing up in a world where she can<e2><80><99>t walk alone.,0.0,9.0,IPHONE,#metoo,0.0,0.740775465965271,0.24451258778572083,0.014712036587297916,-0.7260634293779731,0.740775465965271,Negative
18004,2017-10-16 21:21:58,2017-10-16,21,Monday,#MeToo my best friends(at the time)dad came home drunk &amp; thought I was asleep. I shifted in my <e2><80><9c>sleep<e2><80><9d> hoping to scare him off. Didnt work.,#MeToo my best friends(at the time)dad came home drunk &amp; thought I was asleep. I shifted in my <e2><80><9c>sleep<e2><80><9d> hoping to scare him off. Didnt work.,0.0,0.0,IPHONE,#metoo,0.0,0.6495673060417175,0.32418617606163025,0.02624659240245819,-0.6233207136392593,0.6495673060417175,Negative
9693,2017-10-16 19:34:17,2017-10-16,19,Monday,@MacShootFace But she keeps attacking @shannonrwatts who also receives death threats.  But Shannon did not hijack<e2><80><a6> https://t.co/Yl6pr51WMB,@MacShootFace But she keeps attacking @shannonrwatts who also receives death threats. But Shannon did not hijack<e2><80><a6> https://t.co/Yl6pr51WMB,0.0,0.0,ANDROID,#metoo,0.0,0.7994018197059631,0.19343240559101105,0.007165767718106508,-0.7922360519878566,0.7994018197059631,Negative
10580,2017-10-16 21:42:51,2017-10-16,21,Monday,#MeToo becomes a rallying cry for survivors of sexual assault https://t.co/WxLwjOQqQz,#MeToo becomes a rallying cry for survivors of sexual assault https://t.co/WxLwjOQqQz,0.0,3.0,Unknown,#metoo,0.0,0.07793927192687988,0.7991609573364258,0.12289978563785553,0.04496051371097565,0.7991609573364258,Neutral
23051,2017-10-16 21:53:06,2017-10-16,21,Monday,I can't say anything except...   #metoo,I can't say anything except... #metoo,0.0,1.0,WEB,#metoo,0.0,0.6447048187255859,0.34252461791038513,0.012770538218319416,-0.6319342805072665,0.6447048187255859,Negative
20008,2017-10-16 23:59:54,2017-10-16,23,Monday,This #MeToo hashtag really making me hate men. There are too many foul ones smh,This #MeToo hashtag really making me hate men. There are too many foul ones smh,0.0,1.0,IPHONE,#metoo,0.0,0.9498831629753113,0.0453769750893116,0.0047398838214576244,-0.9451432791538537,0.9498831629753113,Negative
27765,2017-10-16 19:35:00,2017-10-16,19,Monday,"Senior colleague shoved his hand down my top and into my bra. He was just pissed, they said. Having a bit of fun. Don't make a fuss. #MeToo","Senior colleague shoved his hand down my top and into my bra. He was just pissed, they said. Having a bit of fun. Don't make a fuss. #MeToo",0.0,0.0,Unknown,#metoo,0.0,0.6451859474182129,0.3180643916130066,0.03674972802400589,-0.608436219394207,0.6451859474182129,Negative
9134,2017-10-16 23:27:20,2017-10-16,23,Monday,@OmniDestiny Im confused. The tweet Ian is responding to literally is a guy telling men to stop sharing their experiences in the #metoo tag.,@OmniDestiny Im confused. The tweet Ian is responding to literally is a guy telling men to stop sharing their experiences in the #metoo tag.,0.0,5.0,WEB,#metoo,0.0,0.642658531665802,0.35011571645736694,0.00722578214481473,-0.6354327495209873,0.642658531665802,Negative
10848,2017-10-16 23:16:40,2017-10-16,23,Monday,The #MeToo tag is both breaking my heart and helping me heal. I'm so amazed at all the strong women sharing their stories.,The #MeToo tag is both breaking my heart and helping me heal. I'm so amazed at all the strong women sharing their stories.,0.0,1.0,ANDROID,#metoo,0.0,0.08044354617595673,0.1359267383813858,0.7836297154426575,0.7031861692667007,0.7836297154426575,Positive
1224,2017-10-16 19:26:17,2017-10-16,19,Monday,Why do we feel the need to protect the person sent to protect us but that harmed us instead? #MeToo,Why do we feel the need to protect the person sent to protect us but that harmed us instead? #MeToo,0.0,1.0,IPHONE,#metoo,0.0,0.8802348971366882,0.11436151713132858,0.0054035484790802,-0.874831348657608,0.8802348971366882,Negative
5775,2017-10-16 21:31:21,2017-10-16,21,Monday,Via @euronews: #MeToo Twitter trend exposes scale of sexual abuse https://t.co/rdgmzfKVF7,Via @euronews: #MeToo Twitter trend exposes scale of sexual abuse https://t.co/rdgmzfKVF7,1.0,1.0,Unknown,#metoo,0.0,0.1524437516927719,0.8216930627822876,0.025863166898489,-0.1265805847942829,0.8216930627822876,Neutral
3998,2017-10-16 22:10:23,2017-10-16,22,Monday,@carrie_j1975 @EdKrassen Maybe this will help. I wrote it for all of us.#MeToo https://t.co/RZ80otdUWW?amp=1,@carrie_j1975 @EdKrassen Maybe this will help. I wrote it for all of us.#MeToo https://t.co/RZ80otdUWW?amp=1,0.0,1.0,IPHONE,#metoo,0.0,0.010554918088018894,0.2651302218437195,0.7243148684501648,0.7137599503621459,0.7243148684501648,Positive
13166,2017-10-16 21:07:46,2017-10-16,21,Monday,#MeToo - but I won't let that dictate my future,#MeToo - but I won't let that dictate my future,0.0,5.0,IPHONE,#metoo,0.0,0.5916635394096375,0.38023659586906433,0.02809986099600792,-0.5635636784136295,0.5916635394096375,Negative
12320,2017-10-16 20:11:16,2017-10-16,20,Monday,@nadiasheaessa Thank you &amp; you too. This #metoo movement has made me feel so supported &amp; so horrified at how preval<e2><80><a6> https://t.co/n2qDnX4oYO,@nadiasheaessa Thank you &amp; you too. This #metoo movement has made me feel so supported &amp; so horrified at how preval<e2><80><a6> https://t.co/n2qDnX4oYO,0.0,2.0,IPHONE,#metoo,0.0,0.1897527128458023,0.2434503138065338,0.5667970180511475,0.37704430520534515,0.5667970180511475,Positive
23972,2017-10-16 23:58:55,2017-10-16,23,Monday,#Metoo trend highlights sexual harassment in wake of Weinstein claims https://t.co/DK7hfgiGrI,#Metoo trend highlights sexual harassment in wake of Weinstein claims https://t.co/DK7hfgiGrI,0.0,0.0,WEB,#metoo,0.0,0.7325258255004883,0.2597450911998749,0.007729167118668556,-0.7247966583818197,0.7325258255004883,Negative
10788,2017-10-16 23:13:52,2017-10-16,23,Monday,#MeToo is helpful to see the stream of so many.  It's a culture shift of not needing to dress modestly or take self-dense. Men can change,#MeToo is helpful to see the stream of so many. It's a culture shift of not needing to dress modestly or take self-dense. Men can change,0.0,0.0,WEB,#metoo,0.0,0.028550809249281883,0.21395470201969147,0.7574945092201233,0.7289436999708414,0.7574945092201233,Positive
28291,2017-10-16 20:36:13,2017-10-16,20,Monday,"Just yesterday a man said to me that he'd like to ""have me"" whilst my boyfriend was stood feet away #MeToo","Just yesterday a man said to me that he'd like to ""have me"" whilst my boyfriend was stood feet away #MeToo",0.0,0.0,ANDROID,#metoo,0.0,0.23654207587242126,0.7021521329879761,0.06130576133728027,-0.175236314535141,0.7021521329879761,Neutral
9748,2017-10-16 20:04:53,2017-10-16,20,Monday,it happend to #MeToo and countless other men and women. And I honestly don't know very women that it hasn't happened to.,it happend to #MeToo and countless other men and women. And I honestly don't know very women that it hasn't happened to.,0.0,4.0,ANDROID,#metoo,0.0,0.5702822804450989,0.38783615827560425,0.041881583631038666,-0.5284006968140602,0.5702822804450989,Negative
18082,2017-10-16 20:03:36,2017-10-16,20,Monday,#metoo we have to remember sexual harassment happens to BOTH women and men. And happens alot more than we hear in gay male culture.,#metoo we have to remember sexual harassment happens to BOTH women and men. And happens alot more than we hear in gay male culture.,0.0,4.0,ANDROID,#metoo,0.0,0.6938885450363159,0.28852078318595886,0.0175907164812088,-0.6762978285551071,0.6938885450363159,Negative
15056,2017-10-16 20:30:45,2017-10-16,20,Monday,#MeToo ... yep me too! I was 11 and my mother told me not to tell anybody .. that hurts as much as the agonising abuse!,#MeToo ... yep me too! I was 11 and my mother told me not to tell anybody .. that hurts as much as the agonising abuse!,0.0,0.0,Unknown,#metoo,0.0,0.8886693120002747,0.09752307087182999,0.013807646930217743,-0.8748616650700569,0.8886693120002747,Negative
4047,2017-10-16 19:16:38,2017-10-16,19,Monday,"Men have always used power to manipulate, harass, and assault women. Stop being surprised, be angry. Listen. Do something about it. #MeToo","Men have always used power to manipulate, harass, and assault women. Stop being surprised, be angry. Listen. Do something about it. #MeToo",1.0,3.0,WEB,#metoo,0.0,0.8584600687026978,0.13221968710422516,0.009320329874753952,-0.8491397388279438,0.8584600687026978,Negative
24133,2017-10-16 20:15:23,2017-10-16,20,Monday,"#metoo is a great concept, but I doubt it<e2><80><99>ll approach the actual number of victims because breaking silence is brave but very difficult.","#metoo is a great concept, but I doubt it<e2><80><99>ll approach the actual number of victims because breaking silence is brave but very difficult.",0.0,0.0,IPHONE,#metoo,0.0,0.7421925067901611,0.2407471090555191,0.01706034503877163,-0.7251321617513895,0.7421925067901611,Negative
13534,2017-10-16 22:33:24,2017-10-16,22,Monday,"In the midst of #metoo posts, I<e2><80><99>d like to give credit to those male artists who never made me feel unsafe around them, even while alone.","In the midst of #metoo posts, I<e2><80><99>d like to give credit to those male artists who never made me feel unsafe around them, even while alone.",1.0,12.0,Unknown,#metoo,0.0,0.08108805865049362,0.4304852783679962,0.48842674493789673,0.4073386862874031,0.48842674493789673,Positive
2966,2017-10-16 19:52:02,2017-10-16,19,Monday,#MeToo O Lord my God I cried out for your help &amp; you healed me Psalm 30:2 TY GOD,#MeToo O Lord my God I cried out for your help &amp; you healed me Psalm 30:2 TY GOD,0.0,2.0,ANDROID,#metoo,0.0,0.006292438600212336,0.037723787128925323,0.9559836983680725,0.9496912597678602,0.9559836983680725,Positive
16218,2017-10-16 19:44:49,2017-10-16,19,Monday,Trust the stories first. Worry about the accused second.  #MeToo,Trust the stories first. Worry about the accused second. #MeToo,1.0,1.0,IPHONE,#metoo,0.0,0.21179530024528503,0.6746657490730286,0.11353893578052521,-0.09825636446475983,0.6746657490730286,Neutral
3758,2017-10-16 21:12:45,2017-10-16,21,Monday,I've had a boy threaten to rape/stalk me because I said NO. I reported him to the officials and never told anyone but my therapist #MeToo.,I've had a boy threaten to rape/stalk me because I said NO. I reported him to the officials and never told anyone but my therapist #MeToo.,0.0,2.0,WEB,#metoo,0.0,0.8676941990852356,0.12517358362674713,0.007132245227694511,-0.8605619538575411,0.8676941990852356,Negative
11741,2017-10-16 20:18:57,2017-10-16,20,Monday,"Awareness without subsequent action is often insufficient. @AlyssaRosenberg, on what needs to happen after #MeToo. https://t.co/yZEBFUjCi2","Awareness without subsequent action is often insufficient. @AlyssaRosenberg, on what needs to happen after #MeToo. https://t.co/yZEBFUjCi2",19.0,48.0,Unknown,#metoo,0.0,0.1696738600730896,0.7905094623565674,0.03981669247150421,-0.1298571676015854,0.7905094623565674,Neutral
24935,2017-10-16 21:07:51,2017-10-16,21,Monday,#metoo nothing more to add..,#metoo nothing more to add..,0.0,2.0,ANDROID,#metoo,0.0,0.7979885339736938,0.19355688989162445,0.008454577997326851,-0.789533955976367,0.7979885339736938,Negative
4642,2017-10-16 20:32:24,2017-10-16,20,Monday,@Alyssa_Milano Me Too! #MeToo,@Alyssa_Milano Me Too! #MeToo,0.0,0.0,WEB,#metoo,0.0,0.023895222693681717,0.36352303624153137,0.6125816702842712,0.5886864475905895,0.6125816702842712,Positive
18764,2017-10-16 21:57:31,2017-10-16,21,Monday,"Men are raped, molested, sexually assaulted too, if you're offended by men partaking in #MeToo, then you're ignoring the pain &amp; shame of men","Men are raped, molested, sexually assaulted too, if you're offended by men partaking in #MeToo, then you're ignoring the pain &amp; shame of men",110.0,296.0,ANDROID,#metoo,0.0,0.8863005638122559,0.10758168995380402,0.006117783486843109,-0.8801827803254128,0.8863005638122559,Negative
616,2017-10-16 19:22:17,2017-10-16,19,Monday,"#MeToo I was a child sexually abused by another child, a family friend. I trivialize it far too often, but it happened. Every story matters.","#MeToo I was a child sexually abused by another child, a family friend. I trivialize it far too often, but it happened. Every story matters.",0.0,1.0,ANDROID,#metoo,0.0,0.8096295595169067,0.1784227192401886,0.011947765946388245,-0.7976817935705185,0.8096295595169067,Negative
15183,2017-10-16 20:25:18,2017-10-16,20,Monday,"I wonder how many offenders are reading #MeToo and realizing what they've done for the first time. Hopefully, it finally makes sense to them","I wonder how many offenders are reading #MeToo and realizing what they've done for the first time. Hopefully, it finally makes sense to them",1.0,1.0,WEB,#metoo,0.0,0.18949933350086212,0.5823962688446045,0.22810442745685577,0.03860509395599365,0.5823962688446045,Neutral
8581,2017-10-16 21:19:13,2017-10-16,21,Monday,"#metoo #yotambien #moiaussi
If all the women who have been sexually harassed or assaulted wrote ""Me too"" as a... https://t.co/gXW0fkyHeS","#metoo #yotambien #moiaussi If all the women who have been sexually harassed or assaulted wrote ""Me too"" as a... https://t.co/gXW0fkyHeS",0.0,0.0,Unknown,#metoo,0.0,0.7114284634590149,0.2751355767250061,0.013435970060527325,-0.6979924933984876,0.7114284634590149,Negative
5643,2017-10-16 22:31:47,2017-10-16,22,Monday,"voguemagazine: Yesterday evening, Alyssa_Milano called for survivors to tweet #MeToo. Tens of thousands responded. https://t.co/kr5glHcpEL","voguemagazine: Yesterday evening, Alyssa_Milano called for survivors to tweet #MeToo. Tens of thousands responded. https://t.co/kr5glHcpEL",0.0,0.0,Unknown,#metoo,0.0,0.0371435210108757,0.8262436985969543,0.13661281764507294,0.09946929663419724,0.8262436985969543,Neutral
15561,2017-10-16 20:09:50,2017-10-16,20,Monday,"The whole #metoo thing makes me so uncomfortable, all it does is encourage society to place the burden on victims to speak up...","The whole #metoo thing makes me so uncomfortable, all it does is encourage society to place the burden on victims to speak up...",0.0,3.0,IPHONE,#metoo,0.0,0.9424201250076294,0.05370726063847542,0.0038725691847503185,-0.9385475558228791,0.9424201250076294,Negative
747,2017-10-16 23:50:41,2017-10-16,23,Monday,#MeToo Never disappears never goes away always in the back of your head.,#MeToo Never disappears never goes away always in the back of your head.,0.0,1.0,ANDROID,#metoo,0.0,0.3344492018222809,0.5729711055755615,0.09257971495389938,-0.2418694868683815,0.5729711055755615,Neutral
1020,2017-10-16 22:08:37,2017-10-16,22,Monday,I was 14 #MeToo,I was 14 #MeToo,0.0,0.0,ANDROID,#metoo,0.0,0.07649724185466766,0.7726872563362122,0.15081553161144257,0.0743182897567749,0.7726872563362122,Neutral
16669,2017-10-16 21:15:10,2017-10-16,21,Monday,"I know I<e2><80><99>m late, but #MeToo.","I know I<e2><80><99>m late, but #MeToo.",7.0,82.0,IPHONE,#metoo,0.0,0.4513496160507202,0.4631156325340271,0.08553477376699448,-0.36581484228372574,0.4631156325340271,Neutral
3122,2017-10-16 23:49:48,2017-10-16,23,Monday,"It doesn't matter who you are, it can happen to anyone.

It happened to me. 
#MeToo","It doesn't matter who you are, it can happen to anyone. It happened to me. #MeToo",1.0,36.0,ANDROID,#metoo,0.0,0.34538280963897705,0.5099925994873047,0.14462457597255707,-0.20075823366641998,0.5099925994873047,Neutral
3748,2017-10-16 20:04:43,2017-10-16,20,Monday,I want to give proper credit to @taranaburke after learning today that she started #MeToo movement years ago. Thank<e2><80><a6> https://t.co/12QCsZ54Nm,I want to give proper credit to @taranaburke after learning today that she started #MeToo movement years ago. Thank<e2><80><a6> https://t.co/12QCsZ54Nm,0.0,2.0,ANDROID,#metoo,0.0,0.006222840864211321,0.059070028364658356,0.9347071647644043,0.928484323900193,0.9347071647644043,Positive
28085,2017-10-16 21:06:05,2017-10-16,21,Monday,Three times I was assaulted #MeToo,Three times I was assaulted #MeToo,0.0,0.0,ANDROID,#metoo,0.0,0.8453267812728882,0.14261575043201447,0.012057386338710785,-0.8332693949341774,0.8453267812728882,Negative
11411,2017-10-16 23:27:21,2017-10-16,23,Monday,Please know that not all of us can tag ourselves in #MeToo on all platforms for fear of our audience. Specifically Facebook.,Please know that not all of us can tag ourselves in #MeToo on all platforms for fear of our audience. Specifically Facebook.,0.0,3.0,ANDROID,#metoo,0.0,0.41018036007881165,0.5550894737243652,0.0347302109003067,-0.37545014917850494,0.5550894737243652,Neutral
15714,2017-10-16 19:25:49,2017-10-16,19,Monday,"#MeToo for myself, and all those who can't speak about it. I'm standing up for you too.","#MeToo for myself, and all those who can't speak about it. I'm standing up for you too.",1.0,4.0,ANDROID,#metoo,0.0,0.04979836568236351,0.4574889540672302,0.49271270632743835,0.44291434064507484,0.49271270632743835,Positive
8959,2017-10-16 22:16:53,2017-10-16,22,Monday,"Yeah #metoo

I believe most/nearly all women can say the same sadly.",Yeah #metoo I believe most/nearly all women can say the same sadly.,0.0,1.0,Unknown,#metoo,0.0,0.8091550469398499,0.17811354994773865,0.012731409631669521,-0.7964236373081803,0.8091550469398499,Negative
5957,2017-10-16 21:03:46,2017-10-16,21,Monday,"I'm just going to leave this here. 

#MeToo https://t.co/kAppTevr4W",I'm just going to leave this here. #MeToo https://t.co/kAppTevr4W,19.0,61.0,IPHONE,#metoo,0.0,0.17998477816581726,0.7306982278823853,0.08931693434715271,-0.09066784381866455,0.7306982278823853,Neutral
15227,2017-10-16 19:44:24,2017-10-16,19,Monday,@Chi_JBean I admire your courage for sharing. You<e2><80><99>re not alone. Big hugs <ed><a0><bd><ed><b2><99> #MeToo,@Chi_JBean I admire your courage for sharing. You<e2><80><99>re not alone. Big hugs <ed><a0><bd><ed><b2><99> #MeToo,0.0,3.0,IPHONE,#metoo,1.0,0.014398514293134212,0.0722864642739296,0.913314938545227,0.8989164242520928,0.913314938545227,Positive
14816,2017-10-16 19:20:17,2017-10-16,19,Monday,More than anyone can really know. #MeToo,More than anyone can really know. #MeToo,0.0,0.0,WEB,#metoo,0.0,0.13063158094882965,0.6881126165390015,0.18125581741333008,0.05062423646450043,0.6881126165390015,Neutral
5493,2017-10-16 21:28:18,2017-10-16,21,Monday,"#MeToo aged 13
#StrongerTogether",#MeToo aged 13 #StrongerTogether,0.0,0.0,ANDROID,#metoo,0.0,0.02986971288919449,0.7750226259231567,0.195107564330101,0.16523785144090652,0.7750226259231567,Neutral
9570,2017-10-16 23:30:53,2017-10-16,23,Monday,"He punched my gf in the head then outcasted her for years amongst her peers, lying and stalking her along the way # hertoo #metoo #outit","He punched my gf in the head then outcasted her for years amongst her peers, lying and stalking her along the way # hertoo #metoo #outit",0.0,0.0,IPHONE,#metoo,0.0,0.917070209980011,0.07758526504039764,0.005344444885849953,-0.911725765094161,0.917070209980011,Negative
8796,2017-10-16 21:18:28,2017-10-16,21,Monday,#Metoo trend highlights sexual harassment in wake of #Weinstein claims - @Guardian https://t.co/TtE3pseKPk,#Metoo trend highlights sexual harassment in wake of #Weinstein claims - @Guardian https://t.co/TtE3pseKPk,0.0,0.0,Unknown,#metoo,0.0,0.5771880745887756,0.4128028452396393,0.01000907365232706,-0.5671790009364486,0.5771880745887756,Negative
12442,2017-10-16 21:29:39,2017-10-16,21,Monday,"the fact that it took me all day to muster up the courage says something.
#metoo",the fact that it took me all day to muster up the courage says something. #metoo,0.0,3.0,IPHONE,#metoo,0.0,0.7441473007202148,0.22746044397354126,0.0283922478556633,-0.7157550528645515,0.7441473007202148,Negative
27155,2017-10-16 23:08:24,2017-10-16,23,Monday,ICYMI: Chicago ordinance ensures hotel workers have safety measures to protect from sexual violence by guests<e2><80><a6> https://t.co/mRabmoxoor,ICYMI: Chicago ordinance ensures hotel workers have safety measures to protect from sexual violence by guests<e2><80><a6> https://t.co/mRabmoxoor,5.0,5.0,WEB,#metoo,0.0,0.062155984342098236,0.8589641451835632,0.07887981086969376,0.01672382652759552,0.8589641451835632,Neutral
4925,2017-10-16 23:34:12,2017-10-16,23,Monday,"In saying #MeToo, Alyssa Milano pushes awareness campaign about sexual assault<e2><80><a6> https://t.co/X2xtN03P7k https://t.co/FXwWxL6oSz","In saying #MeToo, Alyssa Milano pushes awareness campaign about sexual assault<e2><80><a6> https://t.co/X2xtN03P7k https://t.co/FXwWxL6oSz",0.0,0.0,Unknown,#metoo,0.0,0.08513522148132324,0.8544909954071045,0.06037387251853943,-0.024761348962783813,0.8544909954071045,Neutral
6730,2017-10-16 19:52:32,2017-10-16,19,Monday,"it first started ten years ago and didnt stop for three years or so, im still traumatized by it #MeToo","it first started ten years ago and didnt stop for three years or so, im still traumatized by it #MeToo",0.0,2.0,IPHONE,#metoo,0.0,0.9259239435195923,0.06752823293209076,0.006547749973833561,-0.9193761935457587,0.9259239435195923,Negative
3962,2017-10-16 19:30:51,2017-10-16,19,Monday,"Never be ashamed of something that was t your fault. You<e2><80><99>re strong, you<e2><80><99>re beautiful, you<e2><80><99>re amazing, you are inspiring! #MeToo","Never be ashamed of something that was t your fault. You<e2><80><99>re strong, you<e2><80><99>re beautiful, you<e2><80><99>re amazing, you are inspiring! #MeToo",1.0,2.0,IPHONE,#metoo,0.0,0.0615173764526844,0.14070330560207367,0.7977793216705322,0.7362619452178478,0.7977793216705322,Positive
8579,2017-10-16 19:52:55,2017-10-16,19,Monday,"Sucks to see many female friends posting #metoo. In 2017, can't we treat women w/ respect &amp; dignity regardless of location &amp; situation?","Sucks to see many female friends posting #metoo. In 2017, can't we treat women w/ respect &amp; dignity regardless of location &amp; situation?",0.0,0.0,WEB,#metoo,0.0,0.9035881757736206,0.09119104593992233,0.005220823921263218,-0.8983673518523574,0.9035881757736206,Negative
3183,2017-10-16 20:47:10,2017-10-16,20,Monday,"I still struggle to feel safe and comfortable around others. Not saying 'no' doesn't always mean 'yes, keep going'. #metoo","I still struggle to feel safe and comfortable around others. Not saying 'no' doesn't always mean 'yes, keep going'. #metoo",0.0,0.0,IPHONE,#metoo,0.0,0.7062066197395325,0.2760070562362671,0.017786307260394096,-0.6884203124791384,0.7062066197395325,Negative
9269,2017-10-16 20:46:43,2017-10-16,20,Monday,Men: Respond to #MeToo With #IWill https://t.co/rfRNjmF1nT https://t.co/CasYd1skq6,Men: Respond to #MeToo With #IWill https://t.co/rfRNjmF1nT https://t.co/CasYd1skq6,0.0,0.0,Unknown,#metoo,0.0,0.02260611392557621,0.9013626575469971,0.07603120803833008,0.05342509411275387,0.9013626575469971,Neutral
12645,2017-10-16 23:27:10,2017-10-16,23,Monday,Wow wtf  RT @kath3000: One artist stuck his hand between my legs in the middle of an interview. #metoo,Wow wtf RT @kath3000: One artist stuck his hand between my legs in the middle of an interview. #metoo,0.0,0.0,Unknown,#metoo,0.0,0.7138441801071167,0.2560531198978424,0.030102668330073357,-0.6837415117770433,0.7138441801071167,Negative
211,2017-10-16 21:33:40,2017-10-16,21,Monday,so many women ready to say #metoo but so few men ready to admit their threshold of assaulted friends before they believe in rape culture <ed><a0><be><ed><b4><94>,so many women ready to say #metoo but so few men ready to admit their threshold of assaulted friends before they believe in rape culture <ed><a0><be><ed><b4><94>,3.0,6.0,ANDROID,#metoo,1.0,0.7207627296447754,0.2675297260284424,0.0117075489833951,-0.7090551806613803,0.7207627296447754,Negative
1441,2017-10-16 20:51:27,2017-10-16,20,Monday,it<e2><80><99>s so fun when a rapist makes a public statement supporting #metoo,it<e2><80><99>s so fun when a rapist makes a public statement supporting #metoo,0.0,1.0,IPHONE,#metoo,0.0,0.5165079236030579,0.3129107654094696,0.17058131098747253,-0.3459266126155853,0.5165079236030579,Negative
1475,2017-10-16 23:29:10,2017-10-16,23,Monday,"Seeing all of these #MeToo tweets from family, friends and people that ive known my whole life makes me sad but thank you for being brave<ed><a0><bd><ed><b2><97>","Seeing all of these #MeToo tweets from family, friends and people that ive known my whole life makes me sad but thank you for being brave<ed><a0><bd><ed><b2><97>",0.0,0.0,IPHONE,#metoo,1.0,0.7074563503265381,0.21964745223522186,0.07289618253707886,-0.6345601677894592,0.7074563503265381,Negative
1133,2017-10-16 19:02:03,2017-10-16,19,Monday,#metoo ...it happens to too many people <ed><a0><bd><ed><b8><94><ed><a0><bd><ed><b2><94> always remember #yourenotalone,#metoo ...it happens to too many people <ed><a0><bd><ed><b8><94><ed><a0><bd><ed><b2><94> always remember #yourenotalone,1.0,1.0,IPHONE,#metoo,2.0,0.7195746898651123,0.2575347423553467,0.022890595719218254,-0.696684094145894,0.7195746898651123,Negative
10994,2017-10-16 20:54:00,2017-10-16,20,Monday,#MeToo It makes me sick to my stomach to see how many people have been in such a situation but maybe now people can be more open about it,#MeToo It makes me sick to my stomach to see how many people have been in such a situation but maybe now people can be more open about it,1.0,0.0,IPHONE,#metoo,0.0,0.9287713170051575,0.0660937950015068,0.0051348344422876835,-0.9236364825628698,0.9287713170051575,Negative
16786,2017-10-16 20:22:28,2017-10-16,20,Monday,"Sexual assault can happen to anyone men, women, children, ANYONE. If it happens to you SPEAK OUT. If you don't know how ask for help! #MeToo","Sexual assault can happen to anyone men, women, children, ANYONE. If it happens to you SPEAK OUT. If you don't know how ask for help! #MeToo",0.0,0.0,WEB,#metoo,0.0,0.8526744842529297,0.13600735366344452,0.011318125762045383,-0.8413563584908843,0.8526744842529297,Negative
26408,2017-10-16 20:00:35,2017-10-16,20,Monday,Women share #MeToo stories of sexual harassment &amp; assault. But is anyone really listening? https://t.co/GLT8bMbcAy  #cdnpoli #uspoli,Women share #MeToo stories of sexual harassment &amp; assault. But is anyone really listening? https://t.co/GLT8bMbcAy #cdnpoli #uspoli,0.0,0.0,Unknown,#metoo,0.0,0.6902008652687073,0.29880160093307495,0.010997569188475609,-0.6792032960802317,0.6902008652687073,Negative
15617,2017-10-16 19:09:09,2017-10-16,19,Monday,"#MeToo 14, 24, 33. I didn't tell. My first thought regarding this was why? my second was because the world needs to know this happens.","#MeToo 14, 24, 33. I didn't tell. My first thought regarding this was why? my second was because the world needs to know this happens.",0.0,0.0,ANDROID,#metoo,0.0,0.346944123506546,0.6194911599159241,0.03356469050049782,-0.3133794330060482,0.6194911599159241,Neutral
8784,2017-10-16 23:08:26,2017-10-16,23,Monday,"#MeToo but yes, THIS https://t.co/Bc7YlVOvhz","#MeToo but yes, THIS https://t.co/Bc7YlVOvhz",0.0,2.0,ANDROID,#metoo,0.0,0.17319872975349426,0.6427368521690369,0.18406438827514648,0.010865658521652222,0.6427368521690369,Neutral
13428,2017-10-16 19:15:48,2017-10-16,19,Monday,"Men have a million ways of <e2><80><9c>keeping us in our place.<e2><80><9d>  Sometimes its out of insensitivity, sometimes misogyny, sometimes fear...#metoo","Men have a million ways of <e2><80><9c>keeping us in our place.<e2><80><9d> Sometimes its out of insensitivity, sometimes misogyny, sometimes fear...#metoo",0.0,0.0,Unknown,#metoo,0.0,0.7079598307609558,0.2757824957370758,0.01625770516693592,-0.6917021255940199,0.7079598307609558,Negative
22476,2017-10-16 22:50:27,2017-10-16,22,Monday,"<e2><9d><a4><ef><b8><8f> To those of you speaking up: We hear you, you are not alone, you are loved!

#MeToo","<e2><9d><a4><ef><b8><8f> To those of you speaking up: We hear you, you are not alone, you are loved! #MeToo",1.0,7.0,Unknown,#metoo,1.0,0.010090693831443787,0.12577036023139954,0.8641389608383179,0.8540482670068741,0.8641389608383179,Positive
19002,2017-10-16 20:20:06,2017-10-16,20,Monday,"Thank you to all the brave people who gave me courage. Also, thank you @amyschumer for sharing your story in your b<e2><80><a6> https://t.co/nC12xTiFqx","Thank you to all the brave people who gave me courage. Also, thank you @amyschumer for sharing your story in your b<e2><80><a6> https://t.co/nC12xTiFqx",0.0,1.0,ANDROID,#metoo,0.0,0.004279688000679016,0.03210928291082382,0.9636110663414001,0.9593313783407211,0.9636110663414001,Positive
443,2017-10-16 23:19:33,2017-10-16,23,Monday,Figured I<e2><80><99>d say it on Twitter first... #metoo,Figured I<e2><80><99>d say it on Twitter first... #metoo,0.0,0.0,IPHONE,#metoo,0.0,0.1705193966627121,0.7696805000305176,0.05980009213089943,-0.11071930453181267,0.7696805000305176,Neutral
27326,2017-10-16 22:11:16,2017-10-16,22,Monday,".@ladygaga, @DebraMessing, &amp; more stars flock to social media to share their stories of sexual harassment #MeToo<e2><80><a6> https://t.co/l2LXZ0kGa0",".@ladygaga, @DebraMessing, &amp; more stars flock to social media to share their stories of sexual harassment #MeToo<e2><80><a6> https://t.co/l2LXZ0kGa0",117.0,367.0,Unknown,#metoo,0.0,0.30416440963745117,0.6609500646591187,0.034885551780462265,-0.2692788578569889,0.6609500646591187,Neutral
17720,2017-10-16 19:18:45,2017-10-16,19,Monday,"Standing together with other women and girls. Say it loud, say it often, and say it clearly. #MeToo https://t.co/A2eWBbSEOH","Standing together with other women and girls. Say it loud, say it often, and say it clearly. #MeToo https://t.co/A2eWBbSEOH",0.0,1.0,IPHONE,#metoo,0.0,0.043558139353990555,0.5196340680122375,0.4368078112602234,0.39324967190623283,0.5196340680122375,Neutral
5489,2017-10-16 23:42:41,2017-10-16,23,Monday,"glad to see so many speaking openly abt gendered violence, but also feel like women/femmes are long past pt of needing to ""prove it"" #MeToo","glad to see so many speaking openly abt gendered violence, but also feel like women/femmes are long past pt of needing to ""prove it"" #MeToo",0.0,9.0,Unknown,#metoo,0.0,0.12365512549877167,0.39812174439430237,0.47822314500808716,0.3545680195093155,0.47822314500808716,Positive
25076,2017-10-16 21:11:52,2017-10-16,21,Monday,"#MeToo

5 years of silence bc the first person I confided in didn't believe me. I was told things from you're a slut/lying- it's gods plan.",#MeToo 5 years of silence bc the first person I confided in didn't believe me. I was told things from you're a slut/lying- it's gods plan.,0.0,15.0,Unknown,#metoo,0.0,0.9422357678413391,0.05357349291443825,0.004190770443528891,-0.9380449973978102,0.9422357678413391,Negative
10764,2017-10-16 23:45:29,2017-10-16,23,Monday,The basement of #house #music is here! https://t.co/iNU2wIWkgu https://t.co/7QkZfwp8ik #MeToo #BlackPanther #housemusic 03:45,The basement of #house #music is here! https://t.co/iNU2wIWkgu https://t.co/7QkZfwp8ik #MeToo #BlackPanther #housemusic 03:45,0.0,0.0,Unknown,#metoo,0.0,0.012636569328606129,0.6646712422370911,0.32269224524497986,0.31005567591637373,0.6646712422370911,Neutral
11745,2017-10-16 23:45:25,2017-10-16,23,Monday,#metoo because it matters,#metoo because it matters,0.0,1.0,ANDROID,#metoo,0.0,0.06322714686393738,0.5994725823402405,0.3373003304004669,0.27407318353652954,0.5994725823402405,Neutral
24657,2017-10-16 23:03:34,2017-10-16,23,Monday,#MeToo it happened at the age of 15 raped by 10 men. wanted to act but decided not 2 when a casting director started to flirt with me.,#MeToo it happened at the age of 15 raped by 10 men. wanted to act but decided not 2 when a casting director started to flirt with me.,0.0,0.0,ANDROID,#metoo,0.0,0.836365282535553,0.15666021406650543,0.006974627263844013,-0.829390655271709,0.836365282535553,Negative
21197,2017-10-16 21:28:14,2017-10-16,21,Monday,1 in 4 female children are sexually abuse. At Age 6 I was the one &amp; it continued for years #meToo,1 in 4 female children are sexually abuse. At Age 6 I was the one &amp; it continued for years #meToo,0.0,1.0,IPHONE,#metoo,0.0,0.8759124875068665,0.11510372906923294,0.008983686566352844,-0.8669288009405136,0.8759124875068665,Negative
24367,2017-10-16 20:23:28,2017-10-16,20,Monday,"TEACH KIDS CONSENT + RESPECT. Right now we're teaching ""if he hits you, he likes you!"" which normalizes violence. #tellusatoday #metoo","TEACH KIDS CONSENT + RESPECT. Right now we're teaching ""if he hits you, he likes you!"" which normalizes violence. #tellusatoday #metoo",13.0,23.0,WEB,#metoo,0.0,0.803053617477417,0.18491901457309723,0.012027425691485405,-0.7910261917859316,0.803053617477417,Negative
22327,2017-10-16 20:37:20,2017-10-16,20,Monday,"I, too, can<e2><80><99>t ignore this. You are not alone. There<e2><80><99>s healing after, I promise. #metoo https://t.co/w8b6JIui3P","I, too, can<e2><80><99>t ignore this. You are not alone. There<e2><80><99>s healing after, I promise. #metoo https://t.co/w8b6JIui3P",1.0,4.0,IPHONE,#metoo,0.0,0.311930388212204,0.4788520634174347,0.20921751856803894,-0.10271286964416504,0.4788520634174347,Neutral
2677,2017-10-16 21:48:34,2017-10-16,21,Monday,When he thinks it<e2><80><99>s okay to touch you because you seem drunk &amp; eager #metoo,When he thinks it<e2><80><99>s okay to touch you because you seem drunk &amp; eager #metoo,0.0,0.0,IPHONE,#metoo,0.0,0.4437006115913391,0.5091296434402466,0.04716971516609192,-0.3965308964252472,0.5091296434402466,Neutral
2096,2017-10-16 20:12:14,2017-10-16,20,Monday,"And yes, #MeToo","And yes, #MeToo",0.0,1.0,IPHONE,#metoo,0.0,0.024620739743113518,0.32065942883491516,0.6547198295593262,0.6300990898162127,0.6547198295593262,Positive
14907,2017-10-16 20:19:20,2017-10-16,20,Monday,Let's create space for male &amp; genderqueer survivors in this #MeToo conversation. Powerful piece from @noahmichelson https://t.co/SboDBzG4xT,Let's create space for male &amp; genderqueer survivors in this #MeToo conversation. Powerful piece from @noahmichelson https://t.co/SboDBzG4xT,2.0,4.0,WEB,#metoo,0.0,0.007581953424960375,0.11703243106603622,0.8753856420516968,0.8678036886267364,0.8753856420516968,Positive
18878,2017-10-16 23:45:12,2017-10-16,23,Monday,"If you see any dude getting upset or annoyed by the #MeToo tweets, then there<e2><80><99>s a high probability he is a part of the problem.","If you see any dude getting upset or annoyed by the #MeToo tweets, then there<e2><80><99>s a high probability he is a part of the problem.",0.0,21.0,IPHONE,#metoo,0.0,0.8616985082626343,0.13100597262382507,0.007295557297766209,-0.8544029509648681,0.8616985082626343,Negative
8924,2017-10-16 21:42:14,2017-10-16,21,Monday,#MeToo From 10 yrs old. Older men use 2 tell my mom she should keep me @ home because I was jail bait. Didn't understand that until I was 15,#MeToo From 10 yrs old. Older men use 2 tell my mom she should keep me @ home because I was jail bait. Didn't understand that until I was 15,0.0,2.0,WEB,#metoo,0.0,0.6503760814666748,0.33476120233535767,0.01486262958496809,-0.6355134518817067,0.6503760814666748,Negative
17858,2017-10-16 23:08:18,2017-10-16,23,Monday,"To those that say ""well why didn't they say something after it happened?"" Take it from me it's not that fucking simple #MeToo","To those that say ""well why didn't they say something after it happened?"" Take it from me it's not that fucking simple #MeToo",1.0,1.0,ANDROID,#metoo,0.0,0.8762807846069336,0.11682494729757309,0.006894161459058523,-0.8693866231478751,0.8762807846069336,Negative
16065,2017-10-16 20:36:44,2017-10-16,20,Monday,NEW: 10 Tips for Dealing With Workplace Harassment @LollyDaskal  https://t.co/1t1Tgsho7P via @Inc #Leadership #Harassment #MEtoo,NEW: 10 Tips for Dealing With Workplace Harassment @LollyDaskal https://t.co/1t1Tgsho7P via @Inc #Leadership #Harassment #MEtoo,7.0,9.0,Unknown,#metoo,0.0,0.08624397218227386,0.8389688730239868,0.07478713989257812,-0.01145683228969574,0.8389688730239868,Neutral
3067,2017-10-16 19:03:25,2017-10-16,19,Monday,"#metoo when I was younger and this horrible predatory shit happened to me, or, people I  was<e2><80><a6> https://t.co/JzqbaYZRRC","#metoo when I was younger and this horrible predatory shit happened to me, or, people I was<e2><80><a6> https://t.co/JzqbaYZRRC",0.0,1.0,Unknown,#metoo,0.0,0.9142200350761414,0.08043181896209717,0.005348131526261568,-0.9088719035498798,0.9142200350761414,Negative
20844,2017-10-16 20:19:53,2017-10-16,20,Monday,I think a lot of people are missing the harassment portion of #MeToo. I'm confident that includes ALL women.,I think a lot of people are missing the harassment portion of #MeToo. I'm confident that includes ALL women.,0.0,7.0,Unknown,#metoo,0.0,0.47017818689346313,0.46815893054008484,0.061662886291742325,-0.4085153006017208,0.47017818689346313,Negative
19045,2017-10-16 23:02:42,2017-10-16,23,Monday,Its Not You -https://t.co/YMIJ8xyPAC #MeToo #ItsOnUs #Change #MondayMotivation #nomore #NoMoreSilence,Its Not You -https://t.co/YMIJ8xyPAC #MeToo #ItsOnUs #Change #MondayMotivation #nomore #NoMoreSilence,1.0,1.0,WEB,#metoo,0.0,0.442532479763031,0.5073849558830261,0.05008258670568466,-0.39244989305734634,0.5073849558830261,Neutral
7805,2017-10-16 21:18:20,2017-10-16,21,Monday,"#metoo Once had an older acquaintance invite me up to his apartment to ""grab some books"", ""oh I'll just wait out... https://t.co/iDLDO6H0wS","#metoo Once had an older acquaintance invite me up to his apartment to ""grab some books"", ""oh I'll just wait out... https://t.co/iDLDO6H0wS",1.0,2.0,Unknown,#metoo,0.0,0.14633487164974213,0.7969270348548889,0.05673809349536896,-0.08959677815437317,0.7969270348548889,Neutral
12363,2017-10-16 23:16:57,2017-10-16,23,Monday,"#metoo, on more than one occasion. And one occasion is already one too many.","#metoo, on more than one occasion. And one occasion is already one too many.",0.0,0.0,IPHONE,#metoo,0.0,0.6959883570671082,0.2783370018005371,0.025674596428871155,-0.670313760638237,0.6959883570671082,Negative
25482,2017-10-16 19:45:43,2017-10-16,19,Monday,#seenoevil Why powerful men get away w/sexual abuse. #MeToo @ShowMe50org https://t.co/UaGbYcVBs9,#seenoevil Why powerful men get away w/sexual abuse. #MeToo @ShowMe50org https://t.co/UaGbYcVBs9,1.0,1.0,IPHONE,#metoo,0.0,0.7939519286155701,0.19737772643566132,0.008670400828123093,-0.785281527787447,0.7939519286155701,Negative
11316,2017-10-16 21:19:01,2017-10-16,21,Monday,#metoo and I owe no one my story. I stand and shout me too because I have a story I shouldn<e2><80><99>t have! @Alyssa_Milano https://t.co/USERCcDphZ,#metoo and I owe no one my story. I stand and shout me too because I have a story I shouldn<e2><80><99>t have! @Alyssa_Milano https://t.co/USERCcDphZ,0.0,0.0,IPHONE,#metoo,0.0,0.779133141040802,0.20046834647655487,0.020398488268256187,-0.7587346527725458,0.779133141040802,Negative
21360,2017-10-16 23:17:53,2017-10-16,23,Monday,thank you @Alyssa_Milano not only for standing up to Women but for the vulnerable men and Women with Autism who hav<e2><80><a6> https://t.co/kxuxucgFXv,thank you @Alyssa_Milano not only for standing up to Women but for the vulnerable men and Women with Autism who hav<e2><80><a6> https://t.co/kxuxucgFXv,0.0,0.0,WEB,#metoo,0.0,0.007918043993413448,0.11646232008934021,0.875619649887085,0.8677016058936715,0.875619649887085,Positive
17266,2017-10-16 23:27:21,2017-10-16,23,Monday,A Conservative Comedian Just Made A Sexist <e2><80><9c>Joke<e2><80><9d> Amid #MeToo And Quickly Paid For It https://t.co/SgWOjYaLTH https://t.co/SgWOjYaLTH,A Conservative Comedian Just Made A Sexist <e2><80><9c>Joke<e2><80><9d> Amid #MeToo And Quickly Paid For It https://t.co/SgWOjYaLTH https://t.co/SgWOjYaLTH,0.0,0.0,Unknown,#metoo,0.0,0.5272320508956909,0.4432544410228729,0.029513465240597725,-0.4977185856550932,0.5272320508956909,Negative
16214,2017-10-16 22:41:51,2017-10-16,22,Monday,Not only #MeToo but almost every woman I know. https://t.co/EOhFe4lHDK,Not only #MeToo but almost every woman I know. https://t.co/EOhFe4lHDK,39.0,167.0,IPHONE,#metoo,0.0,0.14732524752616882,0.7128478288650513,0.1398269683122635,-0.0074982792139053345,0.7128478288650513,Neutral
12976,2017-10-16 20:04:44,2017-10-16,20,Monday,Shared my (never shared before) #MeToo story with my DH today. Was in tears. 20 yrs later I still want to vomit when I think about it.,Shared my (never shared before) #MeToo story with my DH today. Was in tears. 20 yrs later I still want to vomit when I think about it.,0.0,7.0,ANDROID,#metoo,0.0,0.823505163192749,0.13676594197750092,0.03972886502742767,-0.7837762981653214,0.823505163192749,Negative
22652,2017-10-16 23:48:42,2017-10-16,23,Monday,#MeToo. Sigh. This is a work text. Yes that's a gif of male strippers. I was the only female in the conversation wi<e2><80><a6> https://t.co/ufW0js7tLb,#MeToo. Sigh. This is a work text. Yes that's a gif of male strippers. I was the only female in the conversation wi<e2><80><a6> https://t.co/ufW0js7tLb,0.0,2.0,IPHONE,#metoo,0.0,0.6288210153579712,0.34493276476860046,0.02624622732400894,-0.6025747880339622,0.6288210153579712,Negative
22639,2017-10-16 20:15:21,2017-10-16,20,Monday,#MeToo This assault is directly and indirectly related to #narcisissticdisorder #npd that is destroying #ourcountry,#MeToo This assault is directly and indirectly related to #narcisissticdisorder #npd that is destroying #ourcountry,0.0,0.0,ANDROID,#metoo,0.0,0.9221982955932617,0.07166837900876999,0.006133347749710083,-0.9160649478435516,0.9221982955932617,Negative
13068,2017-10-16 23:14:09,2017-10-16,23,Monday,"I can<e2><80><99>t help but think about my students &amp; how if we don<e2><80><99>t change things now, they<e2><80><99>re gonna have a #metoo story soon, if they don<e2><80><99>t already","I can<e2><80><99>t help but think about my students &amp; how if we don<e2><80><99>t change things now, they<e2><80><99>re gonna have a #metoo story soon, if they don<e2><80><99>t already",2.0,8.0,IPHONE,#metoo,0.0,0.7598235607147217,0.2199576050043106,0.02021878957748413,-0.7396047711372375,0.7598235607147217,Negative
5926,2017-10-16 19:38:37,2017-10-16,19,Monday,"Molested at 5 by uncle, raped as a virgin at 16 by a boy in my school #MeToo","Molested at 5 by uncle, raped as a virgin at 16 by a boy in my school #MeToo",0.0,0.0,ANDROID,#metoo,0.0,0.7559376358985901,0.23406891524791718,0.009993499144911766,-0.7459441367536783,0.7559376358985901,Negative
22515,2017-10-16 19:55:08,2017-10-16,19,Monday,Please don't lecture #BitterClingers on sexual assault with #MeToo... *especially* if you *ever* supported @BillClinton or @HillaryClinton.<ed><a0><bd><ed><b8><a1>,Please don't lecture #BitterClingers on sexual assault with #MeToo... *especially* if you *ever* supported @BillClinton or @HillaryClinton.<ed><a0><bd><ed><b8><a1>,0.0,0.0,ANDROID,#metoo,1.0,0.8726106882095337,0.12062904238700867,0.006760216783732176,-0.8658504714258015,0.8726106882095337,Negative
3363,2017-10-16 20:47:38,2017-10-16,20,Monday,This is a good man. RT @Jack_McFly: I see your #MeToo. I hear you and I believe you. I'm heartbroken and I want to be a stronger ally.,This is a good man. RT @Jack_McFly: I see your #MeToo. I hear you and I believe you. I'm heartbroken and I want to be a stronger ally.,0.0,0.0,Unknown,#metoo,0.0,0.116197869181633,0.2100890725851059,0.6737130284309387,0.5575151592493057,0.6737130284309387,Positive
11831,2017-10-16 20:06:47,2017-10-16,20,Monday,#MeToo: Sexual harassment stories sweep social media after Weinstein allegations https://t.co/aCpXOJu3pQ,#MeToo: Sexual harassment stories sweep social media after Weinstein allegations https://t.co/aCpXOJu3pQ,0.0,0.0,IPHONE,#metoo,0.0,0.6772369146347046,0.3103470504283905,0.012415992096066475,-0.6648209225386381,0.6772369146347046,Negative
6652,2017-10-16 19:42:35,2017-10-16,19,Monday,I don't even know where to begin. All I can say is #MeToo,I don't even know where to begin. All I can say is #MeToo,0.0,0.0,ANDROID,#metoo,0.0,0.41117191314697266,0.4150035083293915,0.17382456362247467,-0.23734734952449799,0.4150035083293915,Neutral
5407,2017-10-16 23:00:00,2017-10-16,23,Monday,@Alyssa_Milano Me too. #MeToo,@Alyssa_Milano Me too. #MeToo,0.0,0.0,IPHONE,#metoo,0.0,0.04420842230319977,0.5965523719787598,0.3592391610145569,0.3150307387113571,0.5965523719787598,Neutral
25669,2017-10-16 20:13:22,2017-10-16,20,Monday,@HollyConrad #metoo Thank you for being so strong Holly! Everyone's bravery will make a difference!,@HollyConrad #metoo Thank you for being so strong Holly! Everyone's bravery will make a difference!,0.0,0.0,ANDROID,#metoo,0.0,0.007108445279300213,0.031007902696728706,0.9618836045265198,0.9547751592472196,0.9618836045265198,Positive
2824,2017-10-16 19:23:07,2017-10-16,19,Monday,Quebecers share #MeToo hashtag to show prevalence of sexual harassment #AylmerQuebec https://t.co/w1Uirn8dt2,Quebecers share #MeToo hashtag to show prevalence of sexual harassment #AylmerQuebec https://t.co/w1Uirn8dt2,0.0,0.0,Unknown,#metoo,0.0,0.2694747745990753,0.7102925181388855,0.02023272030055523,-0.2492420542985201,0.7102925181388855,Neutral
5341,2017-10-16 20:25:58,2017-10-16,20,Monday,And if there is a woman who hasn't posted #MeToo.....probably her too. https://t.co/1PYHmHZrPF,And if there is a woman who hasn't posted #MeToo.....probably her too. https://t.co/1PYHmHZrPF,0.0,0.0,WEB,#metoo,0.0,0.6664480566978455,0.31901198625564575,0.0145399896427989,-0.6519080670550466,0.6664480566978455,Negative
9141,2017-10-16 20:57:33,2017-10-16,20,Monday,I have harassed or abused women in my life. I regret that deeply. #MeToo,I have harassed or abused women in my life. I regret that deeply. #MeToo,1.0,0.0,IPHONE,#metoo,0.0,0.9324004054069519,0.06160397082567215,0.005995604209601879,-0.92640480119735,0.9324004054069519,Negative
20161,2017-10-16 19:03:03,2017-10-16,19,Monday,#MeToo <e2><80><94> now what? A post-Harvey Weinstein<c2><a0>plan https://t.co/3a5Tn6InSN,#MeToo <e2><80><94> now what? A post-Harvey Weinstein<c2><a0>plan https://t.co/3a5Tn6InSN,0.0,0.0,Unknown,#metoo,0.0,0.3050503730773926,0.6738924384117126,0.021057235077023506,-0.28399313800036907,0.6738924384117126,Neutral
10253,2017-10-16 22:12:16,2017-10-16,22,Monday,My body has nothing to do with you. #MeToo,My body has nothing to do with you. #MeToo,0.0,1.0,ANDROID,#metoo,0.0,0.6766946911811829,0.3065287172794342,0.016776565462350845,-0.659918125718832,0.6766946911811829,Negative
22572,2017-10-16 21:58:08,2017-10-16,21,Monday,"#metoo: several situations with a friend of my parents, when I was 14, a boss at 26 and recently with a neighbour. I' m getting 54 soon.","#metoo: several situations with a friend of my parents, when I was 14, a boss at 26 and recently with a neighbour. I' m getting 54 soon.",0.0,0.0,IPHONE,#metoo,0.0,0.11094827950000763,0.7839299440383911,0.10512171685695648,-0.0058265626430511475,0.7839299440383911,Neutral
13453,2017-10-16 23:15:18,2017-10-16,23,Monday,"Had a boss who would give me unwanted neck and shoulder massages, it made me very uncomfortable #MeToo","Had a boss who would give me unwanted neck and shoulder massages, it made me very uncomfortable #MeToo",0.0,0.0,ANDROID,#metoo,0.0,0.9038646817207336,0.08951928466558456,0.0066159688867628574,-0.8972487128339708,0.9038646817207336,Negative
21185,2017-10-16 21:57:27,2017-10-16,21,Monday,"#MeToo and that's why I'm adamant about having #goodsex now: consensual, mutually enjoyable, respectful erotic adventures.","#MeToo and that's why I'm adamant about having #goodsex now: consensual, mutually enjoyable, respectful erotic adventures.",0.0,5.0,ANDROID,#metoo,0.0,0.013215803541243076,0.20669318735599518,0.7800909876823425,0.7668751841410995,0.7800909876823425,Positive
28421,2017-10-16 22:02:39,2017-10-16,22,Monday,"Was burdened today by #metoo . Wept over the women I know who have stories to tell.  Wept about my own stories. Again-Lord, have mercy.","Was burdened today by #metoo . Wept over the women I know who have stories to tell. Wept about my own stories. Again-Lord, have mercy.",1.0,13.0,IPHONE,#metoo,0.0,0.7989655137062073,0.17310093343257904,0.027933573350310326,-0.771031940355897,0.7989655137062073,Negative
25458,2017-10-16 21:31:22,2017-10-16,21,Monday,"All this talk of Harvey Weinstein, yet no one mentions the pussy grabber in chief @realDonaldTrump . #MAGA #MeToo","All this talk of Harvey Weinstein, yet no one mentions the pussy grabber in chief @realDonaldTrump . #MAGA #MeToo",0.0,0.0,WEB,#metoo,0.0,0.8696293234825134,0.1189340278506279,0.011436671018600464,-0.858192652463913,0.8696293234825134,Negative
14345,2017-10-16 23:50:16,2017-10-16,23,Monday,Thank you for writing this. #MeToo #MeToo #MeToo https://t.co/h1iOgWzh9x,Thank you for writing this. #MeToo #MeToo #MeToo https://t.co/h1iOgWzh9x,0.0,3.0,IPHONE,#metoo,0.0,0.011466341093182564,0.09480901062488556,0.8937246799468994,0.8822583388537169,0.8937246799468994,Positive
24346,2017-10-16 19:46:50,2017-10-16,19,Monday,#MeToo [by Society6 Artist @witchoria] https://t.co/3sFDUwhODW,#MeToo [by Society6 Artist @witchoria] https://t.co/3sFDUwhODW,15.0,45.0,WEB,#metoo,0.0,0.029657138511538506,0.9242808818817139,0.046061921864748,0.016404783353209496,0.9242808818817139,Neutral
15066,2017-10-16 19:47:51,2017-10-16,19,Monday,It happened when I was young and didn't speak up for myself. It happened when I was older and didn't want to cause a fuss. No more #metoo,It happened when I was young and didn't speak up for myself. It happened when I was older and didn't want to cause a fuss. No more #metoo,25.0,140.0,WEB,#metoo,0.0,0.7702155709266663,0.21923314034938812,0.010551288723945618,-0.7596642822027206,0.7702155709266663,Negative
13669,2017-10-16 22:45:03,2017-10-16,22,Monday,"Yep. #metoo. Now you're seeing the magnitude. But instead of just hashtagging, let's do something about it.","Yep. #metoo. Now you're seeing the magnitude. But instead of just hashtagging, let's do something about it.",0.0,0.0,WEB,#metoo,0.0,0.5202512145042419,0.4079262614250183,0.07182247191667557,-0.4484287425875664,0.5202512145042419,Negative
8017,2017-10-16 20:41:18,2017-10-16,20,Monday,i use my story to help others who don<e2><80><99>t know how to deal with theirs<e2><99><a5><ef><b8><8f> i<e2><80><99>m here for anyone who ever needs to talk #MeToo,i use my story to help others who don<e2><80><99>t know how to deal with theirs<e2><99><a5><ef><b8><8f> i<e2><80><99>m here for anyone who ever needs to talk #MeToo,0.0,2.0,IPHONE,#metoo,1.0,0.2498149424791336,0.5942267179489136,0.15595833957195282,-0.09385660290718079,0.5942267179489136,Neutral
13650,2017-10-16 20:23:29,2017-10-16,20,Monday,I'm not sure which incident to pick for this post. #MeToo,I'm not sure which incident to pick for this post. #MeToo,0.0,18.0,WEB,#metoo,0.0,0.664760410785675,0.31856727600097656,0.016672339290380478,-0.6480880714952946,0.664760410785675,Negative
1989,2017-10-16 23:54:55,2017-10-16,23,Monday,The list is too long for a tweet. #MeToo,The list is too long for a tweet. #MeToo,0.0,0.0,IPHONE,#metoo,0.0,0.7377192378044128,0.24115726351737976,0.021123457700014114,-0.7165957801043987,0.7377192378044128,Negative
3870,2017-10-16 22:22:47,2017-10-16,22,Monday,"So, #MeToo
But also... it would be nice if women didn't have to out themselves as survivors to make the point.
How about #ISawIt, gentlemen?","So, #MeToo But also... it would be nice if women didn't have to out themselves as survivors to make the point. How about #ISawIt, gentlemen?",0.0,3.0,Unknown,#metoo,0.0,0.2396063357591629,0.6292862892150879,0.1311073750257492,-0.1084989607334137,0.6292862892150879,Neutral
16108,2017-10-16 22:16:56,2017-10-16,22,Monday,Alyssa Milano Started #MeToo on Twitter To Raised Awareness Against Harvey<c2><a0>Weinstein https://t.co/6Fz9R2TTF4 https://t.co/VtFX2LZNtg,Alyssa Milano Started #MeToo on Twitter To Raised Awareness Against Harvey<c2><a0>Weinstein https://t.co/6Fz9R2TTF4 https://t.co/VtFX2LZNtg,0.0,1.0,Unknown,#metoo,0.0,0.020606229081749916,0.920660138130188,0.05873362720012665,0.03812739811837673,0.920660138130188,Neutral
26552,2017-10-16 20:13:19,2017-10-16,20,Monday,"I've battled alone for decades to recover from sexual assaults in the military, today I stand tall by saying #MeToo","I've battled alone for decades to recover from sexual assaults in the military, today I stand tall by saying #MeToo",3.0,9.0,IPHONE,#metoo,0.0,0.3317023813724518,0.45866888761520386,0.20962874591350555,-0.12207363545894623,0.45866888761520386,Neutral
8272,2017-10-16 21:25:44,2017-10-16,21,Monday,Ew! Not sure she<e2><80><99>d be able to get a packet of crisps for that nowadays! That<e2><80><99>s a currency that went out with the De<e2><80><a6> https://t.co/yxKocbFW5M,Ew! Not sure she<e2><80><99>d be able to get a packet of crisps for that nowadays! That<e2><80><99>s a currency that went out with the De<e2><80><a6> https://t.co/yxKocbFW5M,0.0,0.0,IPHONE,#metoo,0.0,0.8468241691589355,0.13929565250873566,0.013880168087780476,-0.8329440010711551,0.8468241691589355,Negative
11353,2017-10-16 23:44:23,2017-10-16,23,Monday,Thread. #metoo https://t.co/LtKZzteNMX,Thread. #metoo https://t.co/LtKZzteNMX,0.0,1.0,IPHONE,#metoo,0.0,0.03224312141537666,0.8985211849212646,0.06923574954271317,0.0369926281273365,0.8985211849212646,Neutral
4478,2017-10-16 23:21:45,2017-10-16,23,Monday,"#MeToo Multiple times. And I don't need to explain myself, cause it sucked and I'm trying to heal from some of these instances.","#MeToo Multiple times. And I don't need to explain myself, cause it sucked and I'm trying to heal from some of these instances.",0.0,3.0,ANDROID,#metoo,0.0,0.7863500118255615,0.1864342838525772,0.02721567638218403,-0.7591343354433775,0.7863500118255615,Negative
16933,2017-10-16 20:06:25,2017-10-16,20,Monday,You are not alone! #Metoo,You are not alone! #Metoo,0.0,0.0,IPHONE,#metoo,0.0,0.1398501992225647,0.4600772559642792,0.4000725746154785,0.2602223753929138,0.4600772559642792,Neutral
21027,2017-10-16 19:30:44,2017-10-16,19,Monday,"#MeToo  If everyone has a story...then no one does.  Everyone has been abused, even the abusers.","#MeToo If everyone has a story...then no one does. Everyone has been abused, even the abusers.",1.0,1.0,Unknown,#metoo,0.0,0.8161637783050537,0.17614729702472687,0.007689002435654402,-0.8084747758693993,0.8161637783050537,Negative
7534,2017-10-16 22:06:41,2017-10-16,22,Monday,"When I told my friend about it, he laughed #MeToo","When I told my friend about it, he laughed #MeToo",0.0,0.0,WEB,#metoo,0.0,0.12209782004356384,0.5773203372955322,0.30058181285858154,0.1784839928150177,0.5773203372955322,Neutral
3552,2017-10-16 21:41:56,2017-10-16,21,Monday,#MeToo At 5 years old. Effects my life to this day.,#MeToo At 5 years old. Effects my life to this day.,0.0,1.0,WEB,#metoo,0.0,0.180564746260643,0.5753054618835449,0.24412980675697327,0.06356506049633026,0.5753054618835449,Neutral
22981,2017-10-16 21:26:55,2017-10-16,21,Monday,#MeToo sexual assault isn<e2><80><99>t always from strangers,#MeToo sexual assault isn<e2><80><99>t always from strangers,0.0,8.0,IPHONE,#metoo,0.0,0.6146122217178345,0.3668907582759857,0.018497031182050705,-0.5961151905357838,0.6146122217178345,Negative
18982,2017-10-16 19:04:40,2017-10-16,19,Monday,Quebecers share #MeToo hashtag to show prevalence of sexual harassment https://t.co/OtTnfkSEtH,Quebecers share #MeToo hashtag to show prevalence of sexual harassment https://t.co/OtTnfkSEtH,1.0,5.0,Unknown,#metoo,0.0,0.2472243458032608,0.7339227795600891,0.018852856010198593,-0.2283714897930622,0.7339227795600891,Neutral
28276,2017-10-16 19:08:48,2017-10-16,19,Monday,"Not here to share my story bt 
participating in #MeToo because WE need this conversation. Stop normalizing victimisation.",Not here to share my story bt participating in #MeToo because WE need this conversation. Stop normalizing victimisation.,0.0,0.0,ANDROID,#metoo,0.0,0.7280165553092957,0.2520464360713959,0.019936954602599144,-0.7080796007066965,0.7280165553092957,Negative
19260,2017-10-16 20:39:53,2017-10-16,20,Monday,"For the sake of every daughter, sister and friend sexual harassment must stop. #MeToo https://t.co/zM2SJI9eXD","For the sake of every daughter, sister and friend sexual harassment must stop. #MeToo https://t.co/zM2SJI9eXD",0.0,3.0,IPHONE,#metoo,0.0,0.6036933064460754,0.32157444953918457,0.07473219931125641,-0.528961107134819,0.6036933064460754,Negative
6480,2017-10-16 20:58:40,2017-10-16,20,Monday,#metoo though it's not something I like to relive/think about/talk about.,#metoo though it's not something I like to relive/think about/talk about.,0.0,1.0,ANDROID,#metoo,0.0,0.8376445174217224,0.15386123955249786,0.008494240231812,-0.8291502771899104,0.8376445174217224,Negative
15876,2017-10-16 20:08:15,2017-10-16,20,Monday,@_caitfitz I think it's a good theory #metoo,@_caitfitz I think it's a good theory #metoo,0.0,0.0,IPHONE,#metoo,0.0,0.010654677636921406,0.12244639545679092,0.8668988943099976,0.8562442166730762,0.8668988943099976,Positive
9781,2017-10-16 21:48:03,2017-10-16,21,Monday,For all who have been sexually abused: You<e2><80><99>re not alone.A lie is that is is somehow your fault. 6 yrs later+I am finally owning that. #metoo,For all who have been sexually abused: You<e2><80><99>re not alone.A lie is that is is somehow your fault. 6 yrs later+I am finally owning that. #metoo,0.0,5.0,Unknown,#metoo,0.0,0.851373016834259,0.13588446378707886,0.012742546387016773,-0.8386304704472423,0.851373016834259,Negative
28274,2017-10-16 21:07:42,2017-10-16,21,Monday,Men: Respond to #MeToo With #IWill https://t.co/M1qLNcxoKZ,Men: Respond to #MeToo With #IWill https://t.co/M1qLNcxoKZ,0.0,0.0,Unknown,#metoo,0.0,0.028256267309188843,0.905764639377594,0.06597913056612015,0.037722863256931305,0.905764639377594,Neutral
15977,2017-10-16 22:51:00,2017-10-16,22,Monday,Because my <ed><a0><bc><ed><bd><91> is NOT YOURS to grab! #MeToo,Because my <ed><a0><bc><ed><bd><91> is NOT YOURS to grab! #MeToo,0.0,4.0,IPHONE,#metoo,1.0,0.758743166923523,0.21688814461231232,0.024368716403841972,-0.734374450519681,0.758743166923523,Negative
20829,2017-10-16 21:08:40,2017-10-16,21,Monday,"#MeToo

in so many ways, over so many years - I have lost count. It was a humiliating ""normality"" most men cannot know. 
(more another time)","#MeToo in so many ways, over so many years - I have lost count. It was a humiliating ""normality"" most men cannot know. (more another time)",0.0,3.0,ANDROID,#metoo,0.0,0.8302528858184814,0.14118137955665588,0.028565704822540283,-0.8016871809959412,0.8302528858184814,Negative
20928,2017-10-16 22:33:46,2017-10-16,22,Monday,Family friend who harassed #MeToo took advantage of this loophole. I wrote to FB in tears begging them to block him from my page. No answer.,Family friend who harassed #MeToo took advantage of this loophole. I wrote to FB in tears begging them to block him from my page. No answer.,0.0,0.0,WEB,#metoo,0.0,0.8947046995162964,0.09854186326265335,0.006753411144018173,-0.8879512883722782,0.8947046995162964,Negative
9806,2017-10-16 23:09:28,2017-10-16,23,Monday,"Guy yelling from a car. age 13 
Guy who flashed his junk at me. age 15
First girlfriend. ages 15-19
Some guy at a night club. age 21

#MeToo",Guy yelling from a car. age 13 Guy who flashed his junk at me. age 15 First girlfriend. ages 15-19 Some guy at a night club. age 21 #MeToo,0.0,3.0,IPHONE,#metoo,0.0,0.454119473695755,0.5204184651374817,0.02546202391386032,-0.4286574497818947,0.5204184651374817,Neutral
26824,2017-10-16 22:00:11,2017-10-16,22,Monday,metoo is nr.7 trending hashtag in UK in last 4 hours. https://t.co/OsnHi8pcGi #metoo,metoo is nr.7 trending hashtag in UK in last 4 hours. https://t.co/OsnHi8pcGi #metoo,0.0,0.0,Unknown,#metoo,0.0,0.022961249575018883,0.8824102282524109,0.09462860226631165,0.07166735269129276,0.8824102282524109,Neutral
5045,2017-10-16 19:10:00,2017-10-16,19,Monday,".@BethMooreLPM lends her voice to the disturbing reality of #SexualHarassment, #assault. #meToo https://t.co/AdK5cuxo6i",".@BethMooreLPM lends her voice to the disturbing reality of #SexualHarassment, #assault. #meToo https://t.co/AdK5cuxo6i",0.0,1.0,Unknown,#metoo,0.0,0.45270371437072754,0.5121486783027649,0.03514758124947548,-0.41755613312125206,0.5121486783027649,Neutral
7462,2017-10-16 22:15:39,2017-10-16,22,Monday,"I am proud of and humbled by all the survivors coming out to say #metoo, but I wish we didn<e2><80><99>t have to. It is not... https://t.co/FLsvJnvRsc","I am proud of and humbled by all the survivors coming out to say #metoo, but I wish we didn<e2><80><99>t have to. It is not... https://t.co/FLsvJnvRsc",0.0,0.0,Unknown,#metoo,0.0,0.35278430581092834,0.33359426259994507,0.3136214017868042,-0.039162904024124146,0.35278430581092834,Negative
7090,2017-10-16 20:20:58,2017-10-16,20,Monday,I called him StalkerBoyJoe #metoo,I called him StalkerBoyJoe #metoo,1.0,1.0,WEB,#metoo,0.0,0.42961522936820984,0.5334892272949219,0.036895543336868286,-0.39271968603134155,0.5334892272949219,Neutral
3640,2017-10-16 21:35:37,2017-10-16,21,Monday,"My mom still doesn't know, and I feel alone sometimes. #MeToo","My mom still doesn't know, and I feel alone sometimes. #MeToo",0.0,2.0,IPHONE,#metoo,0.0,0.889011561870575,0.10416164249181747,0.006826849188655615,-0.8821847126819193,0.889011561870575,Negative
1170,2017-10-16 20:36:25,2017-10-16,20,Monday,I/others challenged a male friend of a friend's online response to #MeToo campaign. Edited highlights (original pos<e2><80><a6> https://t.co/yuSgWp9ou9,I/others challenged a male friend of a friend's online response to #MeToo campaign. Edited highlights (original pos<e2><80><a6> https://t.co/yuSgWp9ou9,0.0,0.0,ANDROID,#metoo,0.0,0.10072287917137146,0.8694949150085449,0.029782159253954887,-0.07094071991741657,0.8694949150085449,Neutral
18949,2017-10-16 19:18:25,2017-10-16,19,Monday,"Needing help and being told ""they CAN help if I'm willing to...."" #MeToo","Needing help and being told ""they CAN help if I'm willing to...."" #MeToo",0.0,0.0,ANDROID,#metoo,0.0,0.7257475852966309,0.2537635564804077,0.020488891750574112,-0.7052586935460567,0.7257475852966309,Negative
8695,2017-10-16 19:54:30,2017-10-16,19,Monday,"After time I typed #MeToo, I backspaced. I even posted &amp; immediately deleted it. Even when you know you did nothing wrong, it feels wrong","After time I typed #MeToo, I backspaced. I even posted &amp; immediately deleted it. Even when you know you did nothing wrong, it feels wrong",0.0,0.0,WEB,#metoo,0.0,0.8110431432723999,0.18024085462093353,0.00871594250202179,-0.8023272007703781,0.8110431432723999,Negative
16330,2017-10-16 23:07:39,2017-10-16,23,Monday,"#MeToo
How many more people need to say it until people realize how fucked up all this shit is?We all deserve to walk alone without fear.
<ed><a0><bd><ed><b9><8f><ed><a0><bc><ed><bf><bc>",#MeToo How many more people need to say it until people realize how fucked up all this shit is?We all deserve to walk alone without fear. <ed><a0><bd><ed><b9><8f><ed><a0><bc><ed><bf><bc>,0.0,0.0,IPHONE,#metoo,2.0,0.8802362084388733,0.11077692359685898,0.008986790664494038,-0.8712494177743793,0.8802362084388733,Negative
16285,2017-10-16 19:25:11,2017-10-16,19,Monday,Me Too  #MeToo,Me Too #MeToo,0.0,0.0,WEB,#metoo,0.0,0.0634361058473587,0.7115073800086975,0.2250564694404602,0.1616203635931015,0.7115073800086975,Neutral
1619,2017-10-16 22:35:16,2017-10-16,22,Monday,@Alyssa_Milano #metoo as well as my mom. I thought it was normal to be made to feel small and helpless by men. I do<e2><80><a6> https://t.co/sCLlehpJh6,@Alyssa_Milano #metoo as well as my mom. I thought it was normal to be made to feel small and helpless by men. I do<e2><80><a6> https://t.co/sCLlehpJh6,0.0,0.0,WEB,#metoo,0.0,0.7351459860801697,0.2532404065132141,0.011613614857196808,-0.7235323712229729,0.7351459860801697,Negative
12194,2017-10-16 19:16:15,2017-10-16,19,Monday,#metoo &amp; let's stop being horrible &amp; punishing ourselves <e2><9d><a4><ef><b8><8f>,#metoo &amp; let's stop being horrible &amp; punishing ourselves <e2><9d><a4><ef><b8><8f>,0.0,7.0,IPHONE,#metoo,1.0,0.7141690850257874,0.26297229528427124,0.022858671844005585,-0.6913104131817818,0.7141690850257874,Negative
22879,2017-10-16 21:21:27,2017-10-16,21,Monday,#MeToo If all the people who have been sexually harassed or assaulted put #MeToo it might give people asense of the magnitude of the problem,#MeToo If all the people who have been sexually harassed or assaulted put #MeToo it might give people asense of the magnitude of the problem,0.0,1.0,IPHONE,#metoo,0.0,0.4697585999965668,0.5012884140014648,0.028952989727258682,-0.4408056102693081,0.5012884140014648,Neutral
27822,2017-10-16 20:59:29,2017-10-16,20,Monday,#MeToo It<e2><80><99>s time to force the government to stop funding cuts to refuges,#MeToo It<e2><80><99>s time to force the government to stop funding cuts to refuges,0.0,0.0,IPHONE,#metoo,0.0,0.4403809905052185,0.5149139761924744,0.04470500349998474,-0.39567598700523376,0.5149139761924744,Neutral
25097,2017-10-16 20:38:54,2017-10-16,20,Monday,22 Women Share Their Stories of Sexual Assault In the Music Industry (#MeToo) https://t.co/llnpzzXHwV,22 Women Share Their Stories of Sexual Assault In the Music Industry (#MeToo) https://t.co/llnpzzXHwV,0.0,0.0,WEB,#metoo,0.0,0.07875438779592514,0.8941206932067871,0.027124864980578423,-0.05162952281534672,0.8941206932067871,Neutral
22489,2017-10-16 21:49:55,2017-10-16,21,Monday,"In  a public swimming pool at about 13-15, attacked by sexual preditor  Did Not understand why    Too young and sorely ignorant
#MeToo","In a public swimming pool at about 13-15, attacked by sexual preditor Did Not understand why Too young and sorely ignorant #MeToo",0.0,1.0,Unknown,#metoo,0.0,0.8963162899017334,0.09706034511327744,0.006623366381973028,-0.8896929235197604,0.8963162899017334,Negative
26423,2017-10-16 19:55:54,2017-10-16,19,Monday,I was called selfish and was guilt tripped into it every time. #MeToo,I was called selfish and was guilt tripped into it every time. #MeToo,0.0,1.0,IPHONE,#metoo,0.0,0.9044790267944336,0.0883621945977211,0.0071587515994906425,-0.897320275194943,0.9044790267944336,Negative
25537,2017-10-16 20:23:36,2017-10-16,20,Monday,"#metoo

Thousand of voices shouting out the same thing in silence! Me too!

The stories that I've heard haunts... https://t.co/SxxoAtkHGH",#metoo Thousand of voices shouting out the same thing in silence! Me too! The stories that I've heard haunts... https://t.co/SxxoAtkHGH,1.0,1.0,Unknown,#metoo,0.0,0.766293466091156,0.21811018884181976,0.015596372075378895,-0.7506970940157771,0.766293466091156,Negative
17087,2017-10-16 19:34:54,2017-10-16,19,Monday,"With the barrage of #metoo posts, I had to take a moment to weep for all the women around me who've had to suffer in silence.","With the barrage of #metoo posts, I had to take a moment to weep for all the women around me who've had to suffer in silence.",0.0,0.0,Unknown,#metoo,0.0,0.8552930355072021,0.13415656983852386,0.01055044587701559,-0.8447425896301866,0.8552930355072021,Negative
16293,2017-10-16 22:00:30,2017-10-16,22,Monday,Posting #MeToo isn't an invitation to be questioned about the legitimacy of what happened to me. Just know that it happened.,Posting #MeToo isn't an invitation to be questioned about the legitimacy of what happened to me. Just know that it happened.,0.0,1.0,ANDROID,#metoo,0.0,0.6804840564727783,0.3089045584201813,0.010611356236040592,-0.6698727002367377,0.6804840564727783,Negative
6980,2017-10-16 19:28:18,2017-10-16,19,Monday,#MeToo Met this lady in Vegas went back to my room after some drinks I remember telling her please don't stop I'll never forget that night.,#MeToo Met this lady in Vegas went back to my room after some drinks I remember telling her please don't stop I'll never forget that night.,0.0,1.0,ANDROID,#metoo,0.0,0.08448385447263718,0.41614019870758057,0.4993758797645569,0.4148920252919197,0.4993758797645569,Positive
2632,2017-10-16 23:17:44,2017-10-16,23,Monday,"#MeToo I have been harassed. Lost a job because I turned down a woman, been propositioned, by both a man and woman unwontedly...","#MeToo I have been harassed. Lost a job because I turned down a woman, been propositioned, by both a man and woman unwontedly...",1.0,18.0,WEB,#metoo,0.0,0.9165816903114319,0.07831773906946182,0.005100581794977188,-0.9114811085164547,0.9165816903114319,Negative
9344,2017-10-16 19:11:21,2017-10-16,19,Monday,"#MeToo 
as a child 
as a Teen 
as a Women
... growing up in India it's part of the struggle. It becomes an... https://t.co/a4EkmUzMLu",#MeToo as a child as a Teen as a Women ... growing up in India it's part of the struggle. It becomes an... https://t.co/a4EkmUzMLu,0.0,0.0,Unknown,#metoo,0.0,0.1762179285287857,0.7691944241523743,0.054587628692388535,-0.12163029983639717,0.7691944241523743,Neutral
24347,2017-10-16 22:19:31,2017-10-16,22,Monday,"#MeToo It can happen to anyone, even a big white guy.","#MeToo It can happen to anyone, even a big white guy.",0.0,1.0,ANDROID,#metoo,0.0,0.6250445246696472,0.35124722123146057,0.023708295077085495,-0.6013362295925617,0.6250445246696472,Negative
26769,2017-10-16 21:14:21,2017-10-16,21,Monday,#metoo stronger and no more fear,#metoo stronger and no more fear,0.0,0.0,IPHONE,#metoo,0.0,0.057481806725263596,0.3416070342063904,0.6009111404418945,0.5434293337166309,0.6009111404418945,Positive
11347,2017-10-16 23:35:02,2017-10-16,23,Monday,@donnalindell I was walking home tonight debating whether I dare Tweet #MeToo and now... I dare.,@donnalindell I was walking home tonight debating whether I dare Tweet #MeToo and now... I dare.,0.0,2.0,IPHONE,#metoo,0.0,0.12955336272716522,0.6946167349815369,0.1758299022912979,0.04627653956413269,0.6946167349815369,Neutral
3682,2017-10-16 20:21:43,2017-10-16,20,Monday,"I was raped by the IRS 

#MeToo https://t.co/cwLzjyc1xU",I was raped by the IRS #MeToo https://t.co/cwLzjyc1xU,0.0,1.0,Unknown,#metoo,0.0,0.737335205078125,0.24700382351875305,0.015660999342799187,-0.7216742057353258,0.737335205078125,Negative
10112,2017-10-16 19:51:32,2017-10-16,19,Monday,"#MeToo 

So gutting how widespread this hashtag is. Enough is enough.",#MeToo So gutting how widespread this hashtag is. Enough is enough.,0.0,1.0,IPHONE,#metoo,0.0,0.9248775839805603,0.06768374890089035,0.007438775151968002,-0.9174388088285923,0.9248775839805603,Negative
19892,2017-10-16 23:58:53,2017-10-16,23,Monday,#MeToo and this is my story!! We need to talk about our experiences if we are ready to do it.  Change will happen... https://t.co/U1HJD4DaUh,#MeToo and this is my story!! We need to talk about our experiences if we are ready to do it. Change will happen... https://t.co/U1HJD4DaUh,0.0,0.0,Unknown,#metoo,0.0,0.025189802050590515,0.5128030180931091,0.4620072543621063,0.4368174523115158,0.5128030180931091,Neutral
16899,2017-10-16 23:34:51,2017-10-16,23,Monday,I didn<e2><80><99>t feel that I had it too badly but #metoo. I<e2><80><99>m grateful for all those who spoke first and send my love to those who have not,I didn<e2><80><99>t feel that I had it too badly but #metoo. I<e2><80><99>m grateful for all those who spoke first and send my love to those who have not,0.0,0.0,IPHONE,#metoo,0.0,0.18882718682289124,0.2781025767326355,0.5330702662467957,0.3442430794239044,0.5330702662467957,Positive
17616,2017-10-16 21:56:32,2017-10-16,21,Monday,"I just heard a WOMAN say about #MeToo that ""all these women think they're brave warriors just because someone pinched their bum""","I just heard a WOMAN say about #MeToo that ""all these women think they're brave warriors just because someone pinched their bum""",0.0,1.0,IPHONE,#metoo,0.0,0.7413678765296936,0.24046207964420319,0.018170049414038658,-0.723197827115655,0.7413678765296936,Negative
12154,2017-10-16 23:17:01,2017-10-16,23,Monday,@WomenEd_US @WomenEd in light of #metoo taking a pledge to be #10%braver for my ALL my sisters  #WeBelieveYou #EmpowerWomen,@WomenEd_US @WomenEd in light of #metoo taking a pledge to be #10%braver for my ALL my sisters #WeBelieveYou #EmpowerWomen,6.0,7.0,WEB,#metoo,0.0,0.019379310309886932,0.2234874814748764,0.7571332454681396,0.7377539351582527,0.7571332454681396,Positive
3323,2017-10-16 19:14:43,2017-10-16,19,Monday,"#MeToo 
Harassment: Too much to recount.

Assault: 
The guy at work got fired. Grabby hands. His friend at work bel<e2><80><a6> https://t.co/cool1WQFyO",#MeToo Harassment: Too much to recount. Assault: The guy at work got fired. Grabby hands. His friend at work bel<e2><80><a6> https://t.co/cool1WQFyO,1.0,3.0,WEB,#metoo,0.0,0.8990458250045776,0.09590548276901245,0.0050486368127167225,-0.8939971881918609,0.8990458250045776,Negative
11053,2017-10-16 19:25:12,2017-10-16,19,Monday,#MeToo I was in 6th grade and this boy was harassing me non stop and he even touched me inappropriately his hand was under my skirt,#MeToo I was in 6th grade and this boy was harassing me non stop and he even touched me inappropriately his hand was under my skirt,0.0,1.0,ANDROID,#metoo,0.0,0.8816330432891846,0.10863298922777176,0.009733895771205425,-0.8718991475179791,0.8816330432891846,Negative
26641,2017-10-16 23:20:31,2017-10-16,23,Monday,Sadly this campaign has blown up but #MeToo <ed><a0><bd><ed><b2><99>,Sadly this campaign has blown up but #MeToo <ed><a0><bd><ed><b2><99>,0.0,0.0,IPHONE,#metoo,1.0,0.774253785610199,0.20682933926582336,0.018916891887784004,-0.755336893722415,0.774253785610199,Negative
16531,2017-10-16 23:59:48,2017-10-16,23,Monday,#MeToo is filling my feed and  I want to walk down the street handing flowers to all the survivors just to tell them they are not alone,#MeToo is filling my feed and I want to walk down the street handing flowers to all the survivors just to tell them they are not alone,0.0,3.0,ANDROID,#metoo,0.0,0.028630074113607407,0.13603396713733673,0.8353360295295715,0.8067059554159641,0.8353360295295715,Positive
20296,2017-10-16 23:17:54,2017-10-16,23,Monday,"#MeToo. I always feel weird chiming in on these conversations. It never feels valid because it wasn't violent, but it happened.","#MeToo. I always feel weird chiming in on these conversations. It never feels valid because it wasn't violent, but it happened.",0.0,9.0,ANDROID,#metoo,0.0,0.855544924736023,0.13819453120231628,0.00626050028949976,-0.8492844244465232,0.855544924736023,Negative
10554,2017-10-16 20:48:29,2017-10-16,20,Monday,"For the sake of my daughter, all my 7 sisters and countless of friends #MeToo
#endsexualharassment","For the sake of my daughter, all my 7 sisters and countless of friends #MeToo #endsexualharassment",0.0,0.0,ANDROID,#metoo,0.0,0.15821576118469238,0.5312246680259705,0.31055957078933716,0.15234380960464478,0.5312246680259705,Neutral
9394,2017-10-16 19:32:15,2017-10-16,19,Monday,World Famous GENERAL PHLINT News! is out! https://t.co/e2CVehlnYG Stories via @WomenMilAv8rs @SPUR_Urbanist @VerbalVixen #leadership #metoo,World Famous GENERAL PHLINT News! is out! https://t.co/e2CVehlnYG Stories via @WomenMilAv8rs @SPUR_Urbanist @VerbalVixen #leadership #metoo,0.0,0.0,Unknown,#metoo,0.0,0.002679581055417657,0.14254425466060638,0.85477614402771,0.8520965629722923,0.85477614402771,Positive
25906,2017-10-16 20:11:03,2017-10-16,20,Monday,"I decided to write a thinkpiece about the #MeToo hashtag, in honour of everyone using it yesterday and today:<e2><80><a6> https://t.co/t0E2MVKqU6","I decided to write a thinkpiece about the #MeToo hashtag, in honour of everyone using it yesterday and today:<e2><80><a6> https://t.co/t0E2MVKqU6",1.0,0.0,WEB,#metoo,0.0,0.009351336397230625,0.6176584362983704,0.37299031019210815,0.36363897379487753,0.6176584362983704,Neutral
7410,2017-10-16 20:01:17,2017-10-16,20,Monday,"Tweets under #MeToo are heartbreaking.What already happened cant be changed
Raise awareness to make the future a be<e2><80><a6> https://t.co/Uuef4OVPlk",Tweets under #MeToo are heartbreaking.What already happened cant be changed Raise awareness to make the future a be<e2><80><a6> https://t.co/Uuef4OVPlk,3.0,13.0,ANDROID,#metoo,0.0,0.8565263152122498,0.13240519165992737,0.011068512685596943,-0.8454578025266528,0.8565263152122498,Negative
20132,2017-10-16 20:24:31,2017-10-16,20,Monday,"Hey, you know what else was mostly done to women, by men, because of her sex? #Witchhunt 
Butt out, #WoodyAllen
 
#Weinstein #MeToo","Hey, you know what else was mostly done to women, by men, because of her sex? #Witchhunt Butt out, #WoodyAllen #Weinstein #MeToo",0.0,0.0,WEB,#metoo,0.0,0.7753934264183044,0.21038472652435303,0.014221783727407455,-0.761171642690897,0.7753934264183044,Negative
13421,2017-10-16 19:39:41,2017-10-16,19,Monday,US POLITICS &amp; POLICIES is out! https://t.co/kbUJ520gAs #usa #metoo,US POLITICS &amp; POLICIES is out! https://t.co/kbUJ520gAs #usa #metoo,0.0,0.0,Unknown,#metoo,0.0,0.10405925661325455,0.8085789680480957,0.08736177533864975,-0.016697481274604797,0.8085789680480957,Neutral
27152,2017-10-16 20:47:02,2017-10-16,20,Monday,"I posted to my personal Facebook yesterday, but I'll post here as well. 

#metoo","I posted to my personal Facebook yesterday, but I'll post here as well. #metoo",0.0,0.0,ANDROID,#metoo,0.0,0.010476307943463326,0.8800709843635559,0.1094527542591095,0.09897644631564617,0.8800709843635559,Neutral
10280,2017-10-16 21:51:25,2017-10-16,21,Monday,"No experience should be ignored because ""common/minor issue"". It affects you anyway. Wounds can't be seen, but they're always there. #MeToo","No experience should be ignored because ""common/minor issue"". It affects you anyway. Wounds can't be seen, but they're always there. #MeToo",0.0,0.0,ANDROID,#metoo,0.0,0.6503278613090515,0.3293129503726959,0.020359227433800697,-0.6299686338752508,0.6503278613090515,Negative
5068,2017-10-16 21:39:35,2017-10-16,21,Monday,"#MeToo
If all the people who have been sexually harassed or assaulted wrote ""Me, too"" we might have a sense of the magnitude of the problem!","#MeToo If all the people who have been sexually harassed or assaulted wrote ""Me, too"" we might have a sense of the magnitude of the problem!",0.0,1.0,ANDROID,#metoo,0.0,0.6719589233398438,0.294624000787735,0.03341711685061455,-0.6385418064892292,0.6719589233398438,Negative
15350,2017-10-16 20:17:19,2017-10-16,20,Monday,"#Metoo
Me, too.
If all the women who have been sexually harassed or assaulted wrote ""Me too."" as a status, we... https://t.co/2X7RW6Il94","#Metoo Me, too. If all the women who have been sexually harassed or assaulted wrote ""Me too."" as a status, we... https://t.co/2X7RW6Il94",0.0,0.0,Unknown,#metoo,0.0,0.4658246338367462,0.4907769560813904,0.043398402631282806,-0.4224262312054634,0.4907769560813904,Neutral
7746,2017-10-16 19:09:56,2017-10-16,19,Monday,When an ugly bitch writes #metoo and says she was sexually assaulted https://t.co/OmflheuesE,When an ugly bitch writes #metoo and says she was sexually assaulted https://t.co/OmflheuesE,0.0,0.0,ANDROID,#metoo,0.0,0.8953437209129333,0.09823765605688095,0.006418583448976278,-0.8889251374639571,0.8953437209129333,Negative
247,2017-10-16 20:39:58,2017-10-16,20,Monday,"#MeToo has made for grim reading today, on what has all round been a grim day.","#MeToo has made for grim reading today, on what has all round been a grim day.",0.0,3.0,WEB,#metoo,0.0,0.9068092107772827,0.08552618324756622,0.007664640434086323,-0.8991445703431964,0.9068092107772827,Negative
9557,2017-10-16 22:21:19,2017-10-16,22,Monday,"I had to hide in the back of a mechanics until they left. 

#MeToo",I had to hide in the back of a mechanics until they left. #MeToo,0.0,4.0,IPHONE,#metoo,0.0,0.6548568606376648,0.3152424395084381,0.029900724068284035,-0.6249561365693808,0.6548568606376648,Negative
10688,2017-10-16 19:12:12,2017-10-16,19,Monday,"just because a police report wasn<e2><80><99>t filed, it doesn<e2><80><99>t mean nothing happened #MeToo","just because a police report wasn<e2><80><99>t filed, it doesn<e2><80><99>t mean nothing happened #MeToo",3.0,4.0,IPHONE,#metoo,0.0,0.7294068336486816,0.25873202085494995,0.01186112780123949,-0.7175457058474422,0.7294068336486816,Negative
28209,2017-10-16 20:30:17,2017-10-16,20,Monday,These #metoo tags are making me truly aware of how common sexual assault is. No one deserves to have a piece of themself taken away.,These #metoo tags are making me truly aware of how common sexual assault is. No one deserves to have a piece of themself taken away.,0.0,0.0,ANDROID,#metoo,0.0,0.9227501153945923,0.07196540385484695,0.005284421611577272,-0.917465693783015,0.9227501153945923,Negative
8797,2017-10-16 20:15:00,2017-10-16,20,Monday,@wisconsass This is exactly how it was with my ex. If you ever want to talk about it I<e2><80><99>m here! #MeToo,@wisconsass This is exactly how it was with my ex. If you ever want to talk about it I<e2><80><99>m here! #MeToo,0.0,0.0,IPHONE,#metoo,0.0,0.6355526447296143,0.32625871896743774,0.0381886288523674,-0.5973640158772469,0.6355526447296143,Negative
13601,2017-10-16 21:50:59,2017-10-16,21,Monday,Proud to be part of the solution. Raising a member of the next generation of men to <e2><80><9c>do better<e2><80><9d>. #MeToo<e2><80><a6> https://t.co/A7ImcLHOgB,Proud to be part of the solution. Raising a member of the next generation of men to <e2><80><9c>do better<e2><80><9d>. #MeToo<e2><80><a6> https://t.co/A7ImcLHOgB,0.0,2.0,IPHONE,#metoo,0.0,0.006579363718628883,0.05707569792866707,0.9363449811935425,0.9297656174749136,0.9363449811935425,Positive
19921,2017-10-16 21:08:52,2017-10-16,21,Monday,"As awful and hard it<e2><80><99>s to admit, but 
#metoo 
Not once, not twice but has happened multiple times, in various stages of my life.","As awful and hard it<e2><80><99>s to admit, but #metoo Not once, not twice but has happened multiple times, in various stages of my life.",0.0,1.0,IPHONE,#metoo,0.0,0.8326637148857117,0.15369334816932678,0.01364295743405819,-0.8190207574516535,0.8326637148857117,Negative
13654,2017-10-16 19:14:35,2017-10-16,19,Monday,"#MeToo 
Too many times to count. https://t.co/HAa7TcbaE2",#MeToo Too many times to count. https://t.co/HAa7TcbaE2,0.0,0.0,WEB,#metoo,0.0,0.3740772008895874,0.5380973815917969,0.08782541751861572,-0.2862517833709717,0.5380973815917969,Neutral
15487,2017-10-16 21:37:17,2017-10-16,21,Monday,Worst memories of this from my 20s are of dealing with advice like 'You should learn how to handle it'; 'It's the way you dress' #MeToo,Worst memories of this from my 20s are of dealing with advice like 'You should learn how to handle it'; 'It's the way you dress' #MeToo,0.0,0.0,WEB,#metoo,0.0,0.8995264768600464,0.09546639770269394,0.005007053259760141,-0.8945194236002862,0.8995264768600464,Negative
25788,2017-10-16 20:35:45,2017-10-16,20,Monday,"#MeToo cause it is time to make them ashamed, not us","#MeToo cause it is time to make them ashamed, not us",0.0,2.0,WEB,#metoo,0.0,0.7115105986595154,0.2605783939361572,0.027911026030778885,-0.6835995726287365,0.7115105986595154,Negative
27444,2017-10-16 19:23:56,2017-10-16,19,Monday,I hate to fucking say it but #MeToo. Nobody owns us but ourselves. Nobody is entitled to our body's BUT OURSELVES.,I hate to fucking say it but #MeToo. Nobody owns us but ourselves. Nobody is entitled to our body's BUT OURSELVES.,0.0,0.0,IPHONE,#metoo,0.0,0.8005214333534241,0.17261135578155518,0.026867210865020752,-0.7736542224884033,0.8005214333534241,Negative
9944,2017-10-16 22:42:59,2017-10-16,22,Monday,it's been 4 and a half years since the first time and i still worry about seeing him in public every time i leave my house. #MeToo,it's been 4 and a half years since the first time and i still worry about seeing him in public every time i leave my house. #MeToo,0.0,36.0,IPHONE,#metoo,0.0,0.8191779255867004,0.1683090776205063,0.01251300424337387,-0.8066649213433266,0.8191779255867004,Negative
45,2017-10-16 21:57:50,2017-10-16,21,Monday,"""This [sex/sexual assault] is my alcoholism.""  --D. Trump

Watch the video. NOT funny. NOT ok.

#MeToo https://t.co/3Mkr5hcmeG","""This [sex/sexual assault] is my alcoholism."" --D. Trump Watch the video. NOT funny. NOT ok. #MeToo https://t.co/3Mkr5hcmeG",0.0,0.0,WEB,#metoo,0.0,0.9344769716262817,0.05997232347726822,0.00555078499019146,-0.9289261866360903,0.9344769716262817,Negative
12464,2017-10-16 19:41:23,2017-10-16,19,Monday,"And I want these suckers to be called out, but if you<e2><80><99>re a victim, I understand if you can<e2><80><99>t bring yourself to do it, and I<e2><80><99>m sorry. #metoo","And I want these suckers to be called out, but if you<e2><80><99>re a victim, I understand if you can<e2><80><99>t bring yourself to do it, and I<e2><80><99>m sorry. #metoo",0.0,4.0,IPHONE,#metoo,0.0,0.9119578003883362,0.08166279643774033,0.006379412021487951,-0.9055783883668482,0.9119578003883362,Negative
2889,2017-10-16 19:30:18,2017-10-16,19,Monday,To all the #MeToo I give you a true &amp; big hug filled of love <ed><a0><bd><ed><b2><9e>,To all the #MeToo I give you a true &amp; big hug filled of love <ed><a0><bd><ed><b2><9e>,0.0,0.0,IPHONE,#metoo,1.0,0.008316706866025925,0.03842714801430702,0.9532561302185059,0.9449394233524799,0.9532561302185059,Positive
15712,2017-10-16 19:31:09,2017-10-16,19,Monday,"To every other #MeToo I've seen on my timeline today, I believe you.","To every other #MeToo I've seen on my timeline today, I believe you.",0.0,2.0,Unknown,#metoo,0.0,0.01135416142642498,0.2417341023683548,0.7469117641448975,0.7355576027184725,0.7469117641448975,Positive
9227,2017-10-16 23:53:09,2017-10-16,23,Monday,Me too. #metoo #solidarity #womenwhoroar #ibelieveyou #GETLOUD https://t.co/xrRyYz2oS2,Me too. #metoo #solidarity #womenwhoroar #ibelieveyou #GETLOUD https://t.co/xrRyYz2oS2,0.0,0.0,IPHONE,#metoo,0.0,0.030601302161812782,0.4413145184516907,0.5280842185020447,0.4974829163402319,0.5280842185020447,Positive
19304,2017-10-16 21:23:04,2017-10-16,21,Monday,This is why pretty much every girl has a #metoo story. It starts young and keeps going.,This is why pretty much every girl has a #metoo story. It starts young and keeps going.,0.0,3.0,IPHONE,#metoo,0.0,0.17889666557312012,0.6980080604553223,0.12309534847736359,-0.05580131709575653,0.6980080604553223,Neutral
23242,2017-10-16 19:02:28,2017-10-16,19,Monday,"It's always the victim's fault.
-IndianMen.

#MeToo",It's always the victim's fault. -IndianMen. #MeToo,0.0,0.0,Unknown,#metoo,0.0,0.8128897547721863,0.17735104262828827,0.009759203530848026,-0.8031305512413383,0.8128897547721863,Negative
1766,2017-10-16 21:31:33,2017-10-16,21,Monday,"#MeToo

If all who have been sexually assaulted/harassed set their status as <e2><80><9c>me too,<e2><80><9d> the world might see how big the problem is.","#MeToo If all who have been sexually assaulted/harassed set their status as <e2><80><9c>me too,<e2><80><9d> the world might see how big the problem is.",0.0,0.0,ANDROID,#metoo,0.0,0.7782427072525024,0.20917856693267822,0.012578731402754784,-0.7656639758497477,0.7782427072525024,Negative
9418,2017-10-16 19:55:59,2017-10-16,19,Monday,honestly have no desire whatsoever to share my #metoo stories. But solidarity to those who are doing so,honestly have no desire whatsoever to share my #metoo stories. But solidarity to those who are doing so,0.0,2.0,WEB,#metoo,0.0,0.760915219783783,0.22310519218444824,0.015979627147316933,-0.744935592636466,0.760915219783783,Negative
8691,2017-10-16 21:51:20,2017-10-16,21,Monday,I am loving this #metoo hashtag AND also swimming lucidly through the horrors of my past like that guy in Slaughterhouse Five,I am loving this #metoo hashtag AND also swimming lucidly through the horrors of my past like that guy in Slaughterhouse Five,0.0,1.0,IPHONE,#metoo,0.0,0.06318755447864532,0.1407165378332138,0.7960959076881409,0.7329083532094955,0.7960959076881409,Positive
2320,2017-10-16 20:14:17,2017-10-16,20,Monday,I<e2><80><99>m not going to write my full story as police were involved but all I will say is #metoo and keep spreading the word!!!,I<e2><80><99>m not going to write my full story as police were involved but all I will say is #metoo and keep spreading the word!!!,0.0,3.0,IPHONE,#metoo,0.0,0.4796505868434906,0.44854387640953064,0.07180549949407578,-0.4078450873494148,0.4796505868434906,Negative
19463,2017-10-16 19:38:36,2017-10-16,19,Monday,"#metoo when I told him I didn't want sex, he'd force himself on me. When I was mad at him, he threatened to kill himself. When I told him-","#metoo when I told him I didn't want sex, he'd force himself on me. When I was mad at him, he threatened to kill himself. When I told him-",0.0,2.0,IPHONE,#metoo,0.0,0.8769000172615051,0.11754575371742249,0.005554271396249533,-0.8713457458652556,0.8769000172615051,Negative
27398,2017-10-16 22:53:33,2017-10-16,22,Monday,I said no multiple times. He decided that didn<e2><80><99>t matter. Tried to cover up that it even happened to save my own reputation #metoo #speakup,I said no multiple times. He decided that didn<e2><80><99>t matter. Tried to cover up that it even happened to save my own reputation #metoo #speakup,0.0,11.0,IPHONE,#metoo,0.0,0.8465457558631897,0.14563900232315063,0.007815205492079258,-0.8387305503711104,0.8465457558631897,Negative
1616,2017-10-16 22:06:53,2017-10-16,22,Monday,Are you sick of Hollywood calling you a racist sexist bigot homophobe while at the same time protecting people like<e2><80><a6> https://t.co/CioPMEZRaK,Are you sick of Hollywood calling you a racist sexist bigot homophobe while at the same time protecting people like<e2><80><a6> https://t.co/CioPMEZRaK,1.0,0.0,ANDROID,#metoo,0.0,0.8902499675750732,0.10402010381221771,0.0057299938052892685,-0.884519973769784,0.8902499675750732,Negative
16487,2017-10-16 22:26:57,2017-10-16,22,Monday,"@Alyssa_Milano I didn't know that others had been spoken to in such a disrespectful and sexist, horrific manner. #MeToo","@Alyssa_Milano I didn't know that others had been spoken to in such a disrespectful and sexist, horrific manner. #MeToo",0.0,0.0,IPHONE,#metoo,0.0,0.9203845858573914,0.07406911253929138,0.005546289961785078,-0.9148382958956063,0.9203845858573914,Negative
14635,2017-10-16 19:34:22,2017-10-16,19,Monday,"Have never spoken up about this, but #MeToo","Have never spoken up about this, but #MeToo",0.0,3.0,ANDROID,#metoo,0.0,0.5247223973274231,0.43586134910583496,0.03941633924841881,-0.4853060580790043,0.5247223973274231,Negative
7453,2017-10-16 19:11:01,2017-10-16,19,Monday,"Among several male perpetrators, I was assaulted by a woman. Today I saw her join in the #MeToo movement.","Among several male perpetrators, I was assaulted by a woman. Today I saw her join in the #MeToo movement.",0.0,0.0,IPHONE,#metoo,0.0,0.5463642477989197,0.4271566569805145,0.026479071006178856,-0.5198851767927408,0.5463642477989197,Negative
453,2017-10-16 22:48:35,2017-10-16,22,Monday,"Here it is: an insane, barbaric disgraceful interpretation of Trump's ""grab em by the pussy"" comment. This is what<e2><80><a6> https://t.co/69zbVc9txI","Here it is: an insane, barbaric disgraceful interpretation of Trump's ""grab em by the pussy"" comment. This is what<e2><80><a6> https://t.co/69zbVc9txI",0.0,1.0,ANDROID,#metoo,0.0,0.9244714975357056,0.06838251650333405,0.007145969197154045,-0.9173255283385515,0.9244714975357056,Negative
6103,2017-10-16 21:05:10,2017-10-16,21,Monday,"""growing over something isn't the same as putting it to rest"" ~K.S.
#MeToo","""growing over something isn't the same as putting it to rest"" ~K.S. #MeToo",0.0,0.0,WEB,#metoo,0.0,0.25727221369743347,0.6917673945426941,0.050960395485162735,-0.20631181821227074,0.6917673945426941,Neutral
17378,2017-10-16 19:37:53,2017-10-16,19,Monday,"Incredible and wonderful 'reset' on what it means to be respected. No more excuses, concessions. No more unclear boundaries. #MeToo","Incredible and wonderful 'reset' on what it means to be respected. No more excuses, concessions. No more unclear boundaries. #MeToo",0.0,2.0,WEB,#metoo,0.0,0.022353865206241608,0.13904836773872375,0.83859783411026,0.8162439689040184,0.83859783411026,Positive
8507,2017-10-16 22:00:10,2017-10-16,22,Monday,"I'm not ready to share, but I'm proud of all of you who are and I love you all. You are my heroes. #MeToo","I'm not ready to share, but I'm proud of all of you who are and I love you all. You are my heroes. #MeToo",0.0,6.0,IPHONE,#metoo,0.0,0.00847536139190197,0.024013657122850418,0.9675110578536987,0.9590356964617968,0.9675110578536987,Positive
24568,2017-10-16 22:42:30,2017-10-16,22,Monday,Am I the only person NOT shocked by the volume of #MeToo posts?,Am I the only person NOT shocked by the volume of #MeToo posts?,0.0,0.0,Unknown,#metoo,0.0,0.6095966100692749,0.3642543852329254,0.026149077340960503,-0.5834475327283144,0.6095966100692749,Negative
25417,2017-10-16 21:39:01,2017-10-16,21,Monday,"I don't tweet that much but #MeToo. And to all the women that spoke out and all the women that didn't, we love and support you. Always.","I don't tweet that much but #MeToo. And to all the women that spoke out and all the women that didn't, we love and support you. Always.",0.0,7.0,WEB,#metoo,0.0,0.018144642934203148,0.09118857234716415,0.8906667828559875,0.8725221399217844,0.8906667828559875,Positive
7943,2017-10-16 19:52:43,2017-10-16,19,Monday,Seeing the amount of people coming forward is so inspiring... and saddening. #MeToo,Seeing the amount of people coming forward is so inspiring... and saddening. #MeToo,0.0,0.0,IPHONE,#metoo,0.0,0.03698733076453209,0.13258089125156403,0.8304317593574524,0.7934444285929203,0.8304317593574524,Positive
28361,2017-10-16 20:40:44,2017-10-16,20,Monday,"From the replies to the #MeToo tweet, it seems quicker to find out who hasn't been sexually assaulted *sigh*","From the replies to the #MeToo tweet, it seems quicker to find out who hasn't been sexually assaulted *sigh*",0.0,0.0,ANDROID,#metoo,0.0,0.5684748291969299,0.40017372369766235,0.03135146573185921,-0.5371233634650707,0.5684748291969299,Negative
26434,2017-10-16 19:26:23,2017-10-16,19,Monday,"I was molested by my stepdad<e2><80><99>s closest friend, someone I trusted. That broken trust has made it hard to trust. #metoo","I was molested by my stepdad<e2><80><99>s closest friend, someone I trusted. That broken trust has made it hard to trust. #metoo",0.0,0.0,IPHONE,#metoo,0.0,0.8870826959609985,0.10679261386394501,0.006124624516814947,-0.8809580714441836,0.8870826959609985,Negative
7935,2017-10-16 21:34:26,2017-10-16,21,Monday,"It's not just a #MeToo, it's #AllOfUs.","It's not just a #MeToo, it's #AllOfUs.",0.0,0.0,ANDROID,#metoo,0.0,0.10594827681779861,0.7328239679336548,0.16122771799564362,0.055279441177845,0.7328239679336548,Neutral
7933,2017-10-16 22:52:50,2017-10-16,22,Monday,"It has happened repeatedly throughout my life. My first memory is when I was 4yrs.old
#MeToo",It has happened repeatedly throughout my life. My first memory is when I was 4yrs.old #MeToo,0.0,0.0,ANDROID,#metoo,0.0,0.4473552405834198,0.5146666169166565,0.037978146225214005,-0.4093770943582058,0.5146666169166565,Neutral
18444,2017-10-16 21:40:40,2017-10-16,21,Monday,"i find strength and healing in disclosure, not everyone who is a survivor of sexual violence does. #MeToo","i find strength and healing in disclosure, not everyone who is a survivor of sexual violence does. #MeToo",1.0,9.0,WEB,#metoo,0.0,0.2644869387149811,0.5633618831634521,0.1721511334180832,-0.09233580529689789,0.5633618831634521,Neutral
27798,2017-10-16 20:07:37,2017-10-16,20,Monday,@Alyssa_Milano Me too #metoo,@Alyssa_Milano Me too #metoo,0.0,0.0,IPHONE,#metoo,0.0,0.046470433473587036,0.7105442881584167,0.24298521876335144,0.1965147852897644,0.7105442881584167,Neutral
4484,2017-10-16 19:02:07,2017-10-16,19,Monday,#MeToo: Twitter flooded with personal stories of<c2><a0>assault https://t.co/qFrZ1ib54e https://t.co/84KGhFvPLK,#MeToo: Twitter flooded with personal stories of<c2><a0>assault https://t.co/qFrZ1ib54e https://t.co/84KGhFvPLK,0.0,0.0,Unknown,#metoo,0.0,0.2232367992401123,0.727577269077301,0.04918592423200607,-0.17405087500810623,0.727577269077301,Neutral
16221,2017-10-16 19:43:58,2017-10-16,19,Monday,"THIS ""Comedian"" is WHINING About ""Left"" Not Laughing At His ""Joke"". #MeToo https://t.co/H5uWxRhVTm","THIS ""Comedian"" is WHINING About ""Left"" Not Laughing At His ""Joke"". #MeToo https://t.co/H5uWxRhVTm",0.0,0.0,IPHONE,#metoo,0.0,0.7386537194252014,0.24611391127109528,0.015232321806252003,-0.7234213976189494,0.7386537194252014,Negative
1977,2017-10-16 19:56:02,2017-10-16,19,Monday,FUCKED IT #metoo x,FUCKED IT #metoo x,0.0,0.0,IPHONE,#metoo,0.0,0.935704231262207,0.056250493973493576,0.00804523192346096,-0.9276589993387461,0.935704231262207,Negative
5025,2017-10-16 19:45:39,2017-10-16,19,Monday,"In high school PE class,a student slapped me on the butt while running laps. I reported it to the teacher &amp; he laughed &amp; did nothing #metoo","In high school PE class,a student slapped me on the butt while running laps. I reported it to the teacher &amp; he laughed &amp; did nothing #metoo",0.0,0.0,IPHONE,#metoo,0.0,0.8133687376976013,0.17639373242855072,0.010237552225589752,-0.8031311854720116,0.8133687376976013,Negative
13057,2017-10-16 19:36:57,2017-10-16,19,Monday,"#MeToo 
Luckily not seriously assaulted

I've been pinched, fondled, catcalled and told to smile. 1/2","#MeToo Luckily not seriously assaulted I've been pinched, fondled, catcalled and told to smile. 1/2",0.0,0.0,Unknown,#metoo,0.0,0.4211592674255371,0.4099176526069641,0.16892307996749878,-0.25223618745803833,0.4211592674255371,Negative
16525,2017-10-16 19:36:06,2017-10-16,19,Monday,"#MeToo, I thought just for sexual harassment at work then I remembered The Other Thing and now I feel physically sick.","#MeToo, I thought just for sexual harassment at work then I remembered The Other Thing and now I feel physically sick.",0.0,1.0,ANDROID,#metoo,0.0,0.9234747290611267,0.0698164701461792,0.006708836182951927,-0.9167658928781748,0.9234747290611267,Negative
489,2017-10-16 20:50:26,2017-10-16,20,Monday,"The person who raped me in college was an ally, they preached consent and claimed to care. #metoo","The person who raped me in college was an ally, they preached consent and claimed to care. #metoo",0.0,10.0,ANDROID,#metoo,0.0,0.7898448705673218,0.1967589408159256,0.013396126218140125,-0.7764487443491817,0.7898448705673218,Negative
13592,2017-10-16 19:16:37,2017-10-16,19,Monday,The deafening #silence of #men about the #MeToo hashtag is exactly why we need more #women in #office. #VoteRunLead #FairVote #womenroar,The deafening #silence of #men about the #MeToo hashtag is exactly why we need more #women in #office. #VoteRunLead #FairVote #womenroar,0.0,0.0,IPHONE,#metoo,0.0,0.6442803144454956,0.32027143239974976,0.03544825315475464,-0.608832061290741,0.6442803144454956,Negative
4886,2017-10-16 23:16:18,2017-10-16,23,Monday,@Alyssa_Milano ME TOO #metoo,@Alyssa_Milano ME TOO #metoo,0.0,0.0,Unknown,#metoo,0.0,0.06517641991376877,0.6778231859207153,0.2570004463195801,0.1918240264058113,0.6778231859207153,Neutral
21845,2017-10-16 22:59:48,2017-10-16,22,Monday,"I unfortunately am in no way shocked by the amount of women who have been victims, I sadly am shocked when I meet someone who hasnt #MeToo","I unfortunately am in no way shocked by the amount of women who have been victims, I sadly am shocked when I meet someone who hasnt #MeToo",0.0,0.0,ANDROID,#metoo,0.0,0.8568974733352661,0.13526788353919983,0.00783476047217846,-0.8490627128630877,0.8568974733352661,Negative
28549,2017-10-16 23:08:58,2017-10-16,23,Monday,Every woman you know. And me too. #meToo,Every woman you know. And me too. #meToo,0.0,1.0,Unknown,#metoo,0.0,0.04035809263586998,0.6089687347412109,0.350673109292984,0.31031501665711403,0.6089687347412109,Neutral
14008,2017-10-16 22:05:56,2017-10-16,22,Monday,First time was at the age of 7 as far as i can remember. #MeToo,First time was at the age of 7 as far as i can remember. #MeToo,0.0,0.0,IPHONE,#metoo,0.0,0.021604269742965698,0.8337054252624512,0.14469026029109955,0.12308599054813385,0.8337054252624512,Neutral
4521,2017-10-16 20:22:21,2017-10-16,20,Monday,I never reported the person who assaulted me because I thought nobody would ever believe me #metoo #morethanonce,I never reported the person who assaulted me because I thought nobody would ever believe me #metoo #morethanonce,2.0,12.0,IPHONE,#metoo,0.0,0.8674010038375854,0.12488126754760742,0.007717723026871681,-0.8596832808107138,0.8674010038375854,Negative
14433,2017-10-16 22:06:45,2017-10-16,22,Monday,"#NewMusicMonday @Koncreat ""Window Seat"" on #SoundCloud https://t.co/7hWTCWNnuF #RealHipHop #HipHop #MeToo #Lyrics","#NewMusicMonday @Koncreat ""Window Seat"" on #SoundCloud https://t.co/7hWTCWNnuF #RealHipHop #HipHop #MeToo #Lyrics",1.0,0.0,IPHONE,#metoo,0.0,0.004188993480056524,0.7121187448501587,0.28369230031967163,0.2795033068396151,0.7121187448501587,Neutral
23290,2017-10-16 21:52:21,2017-10-16,21,Monday,@TheLostNarrator #metoo stay safe everyone,@TheLostNarrator #metoo stay safe everyone,0.0,3.0,IPHONE,#metoo,0.0,0.02279658429324627,0.403874933719635,0.57332843542099,0.5505318511277437,0.57332843542099,Positive
15226,2017-10-16 20:50:54,2017-10-16,20,Monday,"to being strong and staying strong.

#MeToo",to being strong and staying strong. #MeToo,3.0,8.0,IPHONE,#metoo,0.0,0.02314499020576477,0.2980958819389343,0.6787591576576233,0.6556141674518585,0.6787591576576233,Positive
910,2017-10-16 20:04:37,2017-10-16,20,Monday,"#RETWEEET #MeToo , as a child, student, scientist, and pilot.  But never once by a client, as an #escort.<e2><80><a6> https://t.co/3h7idPgAhN","#RETWEEET #MeToo , as a child, student, scientist, and pilot. But never once by a client, as an #escort.<e2><80><a6> https://t.co/3h7idPgAhN",0.0,1.0,WEB,#metoo,0.0,0.2551600933074951,0.7052029371261597,0.03963693976402283,-0.2155231535434723,0.7052029371261597,Neutral
27484,2017-10-16 19:57:23,2017-10-16,19,Monday,@AlenaChek LMAO!!!! I think women who is posting under a #MeToo should be questioning themselves because a celeb to<e2><80><a6> https://t.co/G2DEKIC8ds,@AlenaChek LMAO!!!! I think women who is posting under a #MeToo should be questioning themselves because a celeb to<e2><80><a6> https://t.co/G2DEKIC8ds,0.0,0.0,WEB,#metoo,0.0,0.7867884635925293,0.1930016428232193,0.020209848880767822,-0.7665786147117615,0.7867884635925293,Negative
12228,2017-10-16 23:09:08,2017-10-16,23,Monday,A better measure of prevalence of sex harrassment/assault: have those untouched by it hashtag #notme instead of #metoo. Will be a thin crowd,A better measure of prevalence of sex harrassment/assault: have those untouched by it hashtag #notme instead of #metoo. Will be a thin crowd,0.0,0.0,ANDROID,#metoo,0.0,0.6489480137825012,0.3324073553085327,0.018644651398062706,-0.6303033623844385,0.6489480137825012,Negative
16467,2017-10-16 21:41:54,2017-10-16,21,Monday,How many of your female friends are #MeToo. Every. Single. One. The numbers matter.,How many of your female friends are #MeToo. Every. Single. One. The numbers matter.,0.0,0.0,IPHONE,#metoo,0.0,0.05593208596110344,0.8018009066581726,0.14226700365543365,0.08633491769433022,0.8018009066581726,Neutral
2106,2017-10-16 23:34:19,2017-10-16,23,Monday,A Conservative Comedian Just Made A Sexist <e2><80><9c>Joke<e2><80><9d> Amid #MeToo And Quickly Paid For It https://t.co/IDKp19WLQb https://t.co/IDKp19WLQb,A Conservative Comedian Just Made A Sexist <e2><80><9c>Joke<e2><80><9d> Amid #MeToo And Quickly Paid For It https://t.co/IDKp19WLQb https://t.co/IDKp19WLQb,1.0,0.0,Unknown,#metoo,0.0,0.5272320508956909,0.4432544410228729,0.029513465240597725,-0.4977185856550932,0.5272320508956909,Negative
20614,2017-10-16 20:19:40,2017-10-16,20,Monday,#MeToo is perhaps social media at its best revealing reality at its worst. Lord have mercy,#MeToo is perhaps social media at its best revealing reality at its worst. Lord have mercy,4.0,26.0,ANDROID,#metoo,0.0,0.7669705748558044,0.20018932223320007,0.032840095460414886,-0.7341304793953896,0.7669705748558044,Negative
7759,2017-10-16 19:36:11,2017-10-16,19,Monday,"@kimrhodes4real Kim, thank you so much for sharing your story, and helping so many of us feel like we<e2><80><99>ve got someon<e2><80><a6> https://t.co/ZzzvPFdu9G","@kimrhodes4real Kim, thank you so much for sharing your story, and helping so many of us feel like we<e2><80><99>ve got someon<e2><80><a6> https://t.co/ZzzvPFdu9G",0.0,0.0,IPHONE,#metoo,0.0,0.004189035855233669,0.025324098765850067,0.9704868793487549,0.9662978434935212,0.9704868793487549,Positive
10880,2017-10-16 23:29:13,2017-10-16,23,Monday,Had a boss named Dallas Lutz that used to frot my chair &amp; wld brush my ass <e2><80><9c>by accident<e2><80><9d>w/his hand as he followed me down the hall.  #MeToo,Had a boss named Dallas Lutz that used to frot my chair &amp; wld brush my ass <e2><80><9c>by accident<e2><80><9d>w/his hand as he followed me down the hall. #MeToo,0.0,0.0,Unknown,#metoo,0.0,0.5073811411857605,0.4571298062801361,0.0354890413582325,-0.471892099827528,0.5073811411857605,Negative
3865,2017-10-16 20:06:00,2017-10-16,20,Monday,Believe your friends when they confide in you. It is the ultimate betrayal of trust not to. #metoo #womenwhoroar<e2><80><a6> https://t.co/nJyh9MppHh,Believe your friends when they confide in you. It is the ultimate betrayal of trust not to. #metoo #womenwhoroar<e2><80><a6> https://t.co/nJyh9MppHh,1.0,1.0,Unknown,#metoo,0.0,0.17970587313175201,0.5872037410736084,0.233090341091156,0.05338446795940399,0.5872037410736084,Neutral
1327,2017-10-16 20:34:40,2017-10-16,20,Monday,@voguemagazine How are these stories still ok? You<e2><80><99>re enabling a culture of objectifying &amp; belittling women. Shame<e2><80><a6> https://t.co/wxdkmM0UPY,@voguemagazine How are these stories still ok? You<e2><80><99>re enabling a culture of objectifying &amp; belittling women. Shame<e2><80><a6> https://t.co/wxdkmM0UPY,1.0,3.0,IPHONE,#metoo,0.0,0.9326946139335632,0.0620093010365963,0.005296159535646439,-0.9273984543979168,0.9326946139335632,Negative
13182,2017-10-16 20:45:10,2017-10-16,20,Monday,"all this #metoo on my feeds and nary a man saying anything resembling solidarity, apology, or accountability","all this #metoo on my feeds and nary a man saying anything resembling solidarity, apology, or accountability",0.0,1.0,WEB,#metoo,0.0,0.8657233119010925,0.127606600522995,0.006670074537396431,-0.8590532373636961,0.8657233119010925,Negative
25490,2017-10-16 21:10:07,2017-10-16,21,Monday,It terrifies me to participate in #MeToo which says so much about the way survivors are viewed/treated in our society.,It terrifies me to participate in #MeToo which says so much about the way survivors are viewed/treated in our society.,9.0,34.0,IPHONE,#metoo,0.0,0.9205073118209839,0.07482722401618958,0.004665544256567955,-0.9158417675644159,0.9205073118209839,Negative
3087,2017-10-16 23:01:04,2017-10-16,23,Monday,What does <e2><80><98>#MeToo <e2><80><99> mean to #Indigenous women?  We would love to hear you thoughts https://t.co/fpFraTDBac,What does <e2><80><98>#MeToo <e2><80><99> mean to #Indigenous women? We would love to hear you thoughts https://t.co/fpFraTDBac,3.0,3.0,WEB,#metoo,0.0,0.016000190749764442,0.6673772931098938,0.31662246584892273,0.3006222750991583,0.6673772931098938,Neutral
14759,2017-10-16 19:15:21,2017-10-16,19,Monday,#MeToo Many times...,#MeToo Many times...,0.0,0.0,IPHONE,#metoo,0.0,0.06410743296146393,0.7270382046699524,0.20885440707206726,0.14474697411060333,0.7270382046699524,Neutral
6901,2017-10-16 22:57:45,2017-10-16,22,Monday,Add me to the list.  #MeToo,Add me to the list. #MeToo,0.0,1.0,IPHONE,#metoo,0.0,0.038670651614665985,0.7029924392700195,0.2583369016647339,0.2196662500500679,0.7029924392700195,Neutral
15933,2017-10-16 20:03:54,2017-10-16,20,Monday,#metoo a lot,#metoo a lot,0.0,0.0,IPHONE,#metoo,0.0,0.20497556030750275,0.739584743976593,0.05543972924351692,-0.14953583106398582,0.739584743976593,Neutral
25797,2017-10-16 22:19:44,2017-10-16,22,Monday,"Yes, let's, shall we. Read this thread.<e2><ac><87><ef><b8><8f> #MondayMotivaton #MeToo https://t.co/i4sGIZcbaI","Yes, let's, shall we. Read this thread.<e2><ac><87><ef><b8><8f> #MondayMotivaton #MeToo https://t.co/i4sGIZcbaI",3.0,3.0,WEB,#metoo,1.0,0.00918746180832386,0.36361727118492126,0.6271952390670776,0.6180077772587538,0.6271952390670776,Positive
20876,2017-10-16 23:41:00,2017-10-16,23,Monday,"#metoo 
Sexual assault/harassment/abuse is so much more prevalent than we like to think...",#metoo Sexual assault/harassment/abuse is so much more prevalent than we like to think...,0.0,1.0,ANDROID,#metoo,0.0,0.8818314671516418,0.11118937283754349,0.0069792079739272594,-0.8748522591777146,0.8818314671516418,Negative
17449,2017-10-16 20:20:03,2017-10-16,20,Monday,"Regarding the #metoo controversy about whether or not men should participate: I suppose the argument ""against"" is... https://t.co/KsLuBchqsm","Regarding the #metoo controversy about whether or not men should participate: I suppose the argument ""against"" is... https://t.co/KsLuBchqsm",0.0,1.0,Unknown,#metoo,0.0,0.21782884001731873,0.7691395282745361,0.013031581416726112,-0.2047972586005926,0.7691395282745361,Neutral
13219,2017-10-16 20:23:07,2017-10-16,20,Monday,"Only institutional space where I was not harrassed, when I was in a gated girls-only school. #MeToo","Only institutional space where I was not harrassed, when I was in a gated girls-only school. #MeToo",3.0,0.0,IPHONE,#metoo,0.0,0.2355867475271225,0.6164935827255249,0.1479196697473526,-0.0876670777797699,0.6164935827255249,Neutral
10705,2017-10-16 23:02:33,2017-10-16,23,Monday,"Not only do we men have to support the #MeToo movement, we need to hold these pigs masquerading as real men accountable.Real men don't bully","Not only do we men have to support the #MeToo movement, we need to hold these pigs masquerading as real men accountable.Real men don't bully",2.0,12.0,ANDROID,#metoo,0.0,0.5751541256904602,0.3704979121685028,0.054347969591617584,-0.5208061560988426,0.5751541256904602,Negative
15566,2017-10-16 21:41:59,2017-10-16,21,Monday,I'm so supportive &amp; proud of the people taking part in the #metoo campaign also support all those who are not comfortable doing so #onlylove,I'm so supportive &amp; proud of the people taking part in the #metoo campaign also support all those who are not comfortable doing so #onlylove,0.0,1.0,IPHONE,#metoo,0.0,0.009986943565309048,0.04106389731168747,0.9489491581916809,0.9389622146263719,0.9489491581916809,Positive
25910,2017-10-16 22:29:42,2017-10-16,22,Monday,This #metoo is so important. Women all have stories to share. Listen. Learn.,This #metoo is so important. Women all have stories to share. Listen. Learn.,0.0,5.0,WEB,#metoo,0.0,0.020379729568958282,0.24444100260734558,0.7351793050765991,0.7147995755076408,0.7351793050765991,Positive
22179,2017-10-16 23:53:47,2017-10-16,23,Monday,I'm still here. That's the best I can take away from this. I'm still here. I'm still going forward. #MeToo,I'm still here. That's the best I can take away from this. I'm still here. I'm still going forward. #MeToo,0.0,0.0,IPHONE,#metoo,0.0,0.020743194967508316,0.1900688260793686,0.7891879677772522,0.7684447728097439,0.7891879677772522,Positive
19153,2017-10-16 19:13:38,2017-10-16,19,Monday,"#MeToo ... Can we please as a species ensure my child doesn't have to say this in her future, too?","#MeToo ... Can we please as a species ensure my child doesn't have to say this in her future, too?",0.0,3.0,ANDROID,#metoo,0.0,0.7145171165466309,0.25832533836364746,0.027157485485076904,-0.687359631061554,0.7145171165466309,Negative
15073,2017-10-16 19:02:12,2017-10-16,19,Monday,#MeToo By the powerful and not-so-powerful. Even as a teenager. Not just once or twice. Not just long ago. More pervasive than most realize.,#MeToo By the powerful and not-so-powerful. Even as a teenager. Not just once or twice. Not just long ago. More pervasive than most realize.,0.0,1.0,WEB,#metoo,0.0,0.49559175968170166,0.46542543172836304,0.03898274898529053,-0.45660901069641113,0.49559175968170166,Negative
16074,2017-10-16 22:57:11,2017-10-16,22,Monday,@Alyssa_Milano #MeToo It happened so much I felt like I had a sign on my that read molest me..rape me. From age 4 u<e2><80><a6> https://t.co/vlJ3hTNLhB,@Alyssa_Milano #MeToo It happened so much I felt like I had a sign on my that read molest me..rape me. From age 4 u<e2><80><a6> https://t.co/vlJ3hTNLhB,0.0,1.0,ANDROID,#metoo,0.0,0.8993790149688721,0.09292208403348923,0.007698828354477882,-0.8916801866143942,0.8993790149688721,Negative
2338,2017-10-16 19:28:16,2017-10-16,19,Monday,"#MeToo makes me feel WAY less alone, but also makes me wish I was at the same time. None of us deserved this.","#MeToo makes me feel WAY less alone, but also makes me wish I was at the same time. None of us deserved this.",1.0,10.0,IPHONE,#metoo,0.0,0.8250035643577576,0.1444174200296402,0.030579108744859695,-0.7944244556128979,0.8250035643577576,Negative
5748,2017-10-16 20:15:17,2017-10-16,20,Monday,Wasn't going to post today on @JenKirkman 's suggestion. But I think it is important to say #MeToo. It is good we are here for one another.,Wasn't going to post today on @JenKirkman 's suggestion. But I think it is important to say #MeToo. It is good we are here for one another.,0.0,0.0,WEB,#metoo,0.0,0.030654359608888626,0.25479796528816223,0.7145476341247559,0.6838932745158672,0.7145476341247559,Positive
18898,2017-10-16 21:33:06,2017-10-16,21,Monday,"March 2016. In my car. By a colleague.
Me too. <ed><a0><bd><ed><b2><94> #metoo",March 2016. In my car. By a colleague. Me too. <ed><a0><bd><ed><b2><94> #metoo,0.0,1.0,IPHONE,#metoo,1.0,0.21187233924865723,0.7544912099838257,0.033636424690485,-0.17823591455817223,0.7544912099838257,Neutral
11562,2017-10-16 19:18:12,2017-10-16,19,Monday,@APEntertainment @AP @Alyssa_Milano #MeToo - how about you?,@APEntertainment @AP @Alyssa_Milano #MeToo - how about you?,0.0,1.0,IPHONE,#metoo,0.0,0.018749281764030457,0.8911181092262268,0.09013263136148453,0.07138334959745407,0.8911181092262268,Neutral
9641,2017-10-16 20:47:29,2017-10-16,20,Monday,Opinion: What actress reveals about #MeToo https://t.co/tfBtRW51mW,Opinion: What actress reveals about #MeToo https://t.co/tfBtRW51mW,0.0,0.0,Unknown,#metoo,0.0,0.049357812851667404,0.9155470132827759,0.0350952111184597,-0.014262601733207703,0.9155470132827759,Neutral
25737,2017-10-16 21:58:12,2017-10-16,21,Monday,@NOMOREorg @EmbreyFdn #MeToo I've kept quiet for too long to get along. #AfricanAmerican #ArtsLeader #Rare #MyStoryMatters,@NOMOREorg @EmbreyFdn #MeToo I've kept quiet for too long to get along. #AfricanAmerican #ArtsLeader #Rare #MyStoryMatters,0.0,0.0,IPHONE,#metoo,0.0,0.2981668710708618,0.6078737378120422,0.09395941346883774,-0.20420745760202408,0.6078737378120422,Neutral
15978,2017-10-16 19:52:51,2017-10-16,19,Monday,"At 19 I was walking w friends, fell behind for a MILLISECOND; a man grabbed me &amp; groped my ass while his friends stood by and laughed #MeToo","At 19 I was walking w friends, fell behind for a MILLISECOND; a man grabbed me &amp; groped my ass while his friends stood by and laughed #MeToo",0.0,3.0,IPHONE,#metoo,0.0,0.6717332601547241,0.3016612231731415,0.026605548337101936,-0.6451277118176222,0.6717332601547241,Negative
3453,2017-10-16 20:31:03,2017-10-16,20,Monday,One of my friends opened up about a time he was sexually assaulted and this jackass had to go and trivialise it. &gt;:<e2><80><a6> https://t.co/rXHg6lpi52,One of my friends opened up about a time he was sexually assaulted and this jackass had to go and trivialise it. &gt;:<e2><80><a6> https://t.co/rXHg6lpi52,1.0,0.0,WEB,#metoo,0.0,0.9269580841064453,0.06837212294340134,0.004669811576604843,-0.9222882725298405,0.9269580841064453,Negative
14127,2017-10-16 20:01:22,2017-10-16,20,Monday,I had a boss who would ask the women if we would like to get a raise. Then he would tell us to sit on his lap. #MeToo,I had a boss who would ask the women if we would like to get a raise. Then he would tell us to sit on his lap. #MeToo,0.0,0.0,IPHONE,#metoo,0.0,0.33384037017822266,0.6059494018554688,0.06021026894450188,-0.2736301012337208,0.6059494018554688,Neutral
13361,2017-10-16 21:37:56,2017-10-16,21,Monday,"#MeToo. You, who are surprised at this response never worked. I hit my offender, he found other ways to harrass me, COMMON EXPERIENCE 4 US","#MeToo. You, who are surprised at this response never worked. I hit my offender, he found other ways to harrass me, COMMON EXPERIENCE 4 US",0.0,0.0,ANDROID,#metoo,0.0,0.9137184619903564,0.08021100610494614,0.006070514675229788,-0.9076479473151267,0.9137184619903564,Negative
16034,2017-10-16 22:10:50,2017-10-16,22,Monday,"I lost my virginity when I was blacked to a completely sober ""friend"" of mine who said it was my fault when I told<e2><80><a6> https://t.co/ItKakanEp0","I lost my virginity when I was blacked to a completely sober ""friend"" of mine who said it was my fault when I told<e2><80><a6> https://t.co/ItKakanEp0",0.0,7.0,IPHONE,#metoo,0.0,0.690083384513855,0.29873278737068176,0.011183824390172958,-0.678899560123682,0.690083384513855,Negative
12944,2017-10-16 20:33:28,2017-10-16,20,Monday,"It<e2><80><99>s amazing to me that #metoo isn<e2><80><99>t the number 1 trending topic on all platforms since it<e2><80><99>s true for every woman I know, myself included.","It<e2><80><99>s amazing to me that #metoo isn<e2><80><99>t the number 1 trending topic on all platforms since it<e2><80><99>s true for every woman I know, myself included.",0.0,0.0,IPHONE,#metoo,0.0,0.007448630873113871,0.045146431773900986,0.9474049806594849,0.939956349786371,0.9474049806594849,Positive
7804,2017-10-16 19:14:06,2017-10-16,19,Monday,#MeToo. If all the women who<e2><80><99>ve been sexually harassed/assaulted tweeted #MeToo we might give people a sense of the magnitude of the problem,#MeToo. If all the women who<e2><80><99>ve been sexually harassed/assaulted tweeted #MeToo we might give people a sense of the magnitude of the problem,0.0,0.0,IPHONE,#metoo,0.0,0.41956081986427307,0.5338755249977112,0.04656365141272545,-0.3729971684515476,0.5338755249977112,Neutral
1001,2017-10-16 19:58:06,2017-10-16,19,Monday,"#MeToo
Most of us have been......

Lets create awarness amongst the children with age group 3 -12",#MeToo Most of us have been...... Lets create awarness amongst the children with age group 3 -12,0.0,0.0,ANDROID,#metoo,0.0,0.06396837532520294,0.7445449233055115,0.19148676097393036,0.12751838564872742,0.7445449233055115,Neutral
18672,2017-10-16 21:20:14,2017-10-16,21,Monday,"#metoo, so many times in too many situations. The norm is stifling","#metoo, so many times in too many situations. The norm is stifling",1.0,4.0,WEB,#metoo,0.0,0.8783857822418213,0.11438373476266861,0.007230456452816725,-0.8711553257890046,0.8783857822418213,Negative
19719,2017-10-16 20:59:28,2017-10-16,20,Monday,"@snailmusic That show was fucking amazing!!!!! Pretty sure Gary was moving. Might've been me, though #vomitsquad #vomitsquad #MeToo","@snailmusic That show was fucking amazing!!!!! Pretty sure Gary was moving. Might've been me, though #vomitsquad #vomitsquad #MeToo",0.0,3.0,ANDROID,#metoo,0.0,0.009514644742012024,0.025841765105724335,0.9646435976028442,0.9551289528608322,0.9646435976028442,Positive
1505,2017-10-16 20:55:07,2017-10-16,20,Monday,"To be only 13 yrs old &amp; have the man thats supposed to protect you, hurt you is the worst thing any girl should have to go through #MeToo","To be only 13 yrs old &amp; have the man thats supposed to protect you, hurt you is the worst thing any girl should have to go through #MeToo",0.0,2.0,IPHONE,#metoo,0.0,0.9313056468963623,0.06346792727708817,0.00522643281146884,-0.9260792140848935,0.9313056468963623,Negative
27548,2017-10-16 19:39:03,2017-10-16,19,Monday,"@Alyssa_Milano For the girls that will grow up in a world where is NOT considered ""normal"" #MeToo","@Alyssa_Milano For the girls that will grow up in a world where is NOT considered ""normal"" #MeToo",0.0,0.0,IPHONE,#metoo,0.0,0.7160844206809998,0.26971524953842163,0.014200372621417046,-0.7018840480595827,0.7160844206809998,Negative
23082,2017-10-16 20:14:24,2017-10-16,20,Monday,"It<e2><80><99>s about your power, not my clothes. It<e2><80><99>s about your power, not how I look or what I say. #metoo","It<e2><80><99>s about your power, not my clothes. It<e2><80><99>s about your power, not how I look or what I say. #metoo",0.0,5.0,IPHONE,#metoo,0.0,0.5726482272148132,0.4007517993450165,0.026600027456879616,-0.5460481997579336,0.5726482272148132,Negative
24283,2017-10-16 20:22:51,2017-10-16,20,Monday,#MeToo<e2><80><a6>SocialExperiment I Did Not #SetOut<e2><80><a6><e2><80><93> @marciesmolin https://t.co/Ifjxyuj31K #Instagram #Women #ShortStory #CurrentAffairs #SocialMedia,#MeToo<e2><80><a6>SocialExperiment I Did Not #SetOut<e2><80><a6><e2><80><93> @marciesmolin https://t.co/Ifjxyuj31K #Instagram #Women #ShortStory #CurrentAffairs #SocialMedia,0.0,0.0,WEB,#metoo,0.0,0.5801069736480713,0.40264827013015747,0.017244728282094002,-0.5628622453659773,0.5801069736480713,Negative
2231,2017-10-16 23:43:48,2017-10-16,23,Monday,..#metoo remember the only stories your're hearing are the ones that haven't terrified us into the silence. I love you all &lt;3,..#metoo remember the only stories your're hearing are the ones that haven't terrified us into the silence. I love you all &lt;3,0.0,1.0,WEB,#metoo,0.0,0.028145212680101395,0.12256868183612823,0.8492861390113831,0.8211409263312817,0.8492861390113831,Positive
17630,2017-10-16 23:21:59,2017-10-16,23,Monday,"More and more 
#WeStandTogether #metoo https://t.co/XgrPGYE5l9",More and more #WeStandTogether #metoo https://t.co/XgrPGYE5l9,0.0,2.0,ANDROID,#metoo,0.0,0.022662900388240814,0.4783189594745636,0.4990181624889374,0.47635526210069656,0.4990181624889374,Positive
7041,2017-10-16 22:08:47,2017-10-16,22,Monday,"TFW a woman who has sexually harassed/assaulted you posts "" #MeToo "" as her status https://t.co/sKunWqdnT1","TFW a woman who has sexually harassed/assaulted you posts "" #MeToo "" as her status https://t.co/sKunWqdnT1",0.0,0.0,ANDROID,#metoo,0.0,0.7494958639144897,0.23961468040943146,0.01088942214846611,-0.7386064417660236,0.7494958639144897,Negative
16466,2017-10-16 21:16:12,2017-10-16,21,Monday,"#METOO ME THREE, ME FOUR, ME FIVE","#METOO ME THREE, ME FOUR, ME FIVE",0.0,0.0,WEB,#metoo,0.0,0.005435475613921881,0.3371879756450653,0.6573765277862549,0.651941052172333,0.6573765277862549,Positive
26356,2017-10-16 22:43:29,2017-10-16,22,Monday,"Men, where/how do you help perpetuate abuse?

White men, where/how do you help perpetuate privileged abuse?

#metoo","Men, where/how do you help perpetuate abuse? White men, where/how do you help perpetuate privileged abuse? #metoo",1.0,1.0,Unknown,#metoo,0.0,0.5849965810775757,0.4034150242805481,0.011588354595005512,-0.5734082264825702,0.5849965810775757,Negative
12014,2017-10-16 19:21:11,2017-10-16,19,Monday,Same. #MeToo https://t.co/gOj5X1THTh,Same. #MeToo https://t.co/gOj5X1THTh,0.0,0.0,IPHONE,#metoo,0.0,0.05946692079305649,0.7870165109634399,0.15351653099060059,0.0940496101975441,0.7870165109634399,Neutral
14229,2017-10-16 21:05:18,2017-10-16,21,Monday,My first experience with sexual harassment was at age 17. #MeToo https://t.co/MAwxTeyfqX,My first experience with sexual harassment was at age 17. #MeToo https://t.co/MAwxTeyfqX,0.0,0.0,IPHONE,#metoo,0.0,0.5625201463699341,0.4156051278114319,0.02187471278011799,-0.5406454335898161,0.5625201463699341,Negative
3524,2017-10-16 22:49:58,2017-10-16,22,Monday,"#MeToo 

...when they want counseling. 

*Screaming FML in my head*",#MeToo ...when they want counseling. *Screaming FML in my head*,1.0,8.0,ANDROID,#metoo,0.0,0.5053918957710266,0.4315926730632782,0.0630154088139534,-0.4423764869570732,0.5053918957710266,Negative
21141,2017-10-16 23:53:20,2017-10-16,23,Monday,"#MeToo Sexually abused by my brother, my cousin, a nun, my bosses &amp; countless others. Women are constantly sexually abused by #Predators.","#MeToo Sexually abused by my brother, my cousin, a nun, my bosses &amp; countless others. Women are constantly sexually abused by #Predators.",0.0,1.0,Unknown,#metoo,0.0,0.9197865724563599,0.0742073506116867,0.006006052251905203,-0.9137805202044547,0.9197865724563599,Negative
17891,2017-10-16 23:47:58,2017-10-16,23,Monday,"New blog post: #Metoo
A look at my own experiences w/ sexual harassment. 

https://t.co/3h49wRHJGO",New blog post: #Metoo A look at my own experiences w/ sexual harassment. https://t.co/3h49wRHJGO,0.0,1.0,IPHONE,#metoo,0.0,0.09411110728979111,0.8687791228294373,0.037109728902578354,-0.05700137838721275,0.8687791228294373,Neutral
1032,2017-10-16 21:59:21,2017-10-16,21,Monday,"Even though people told me it wasn't rape cause we were dating when it happened, #MeToo","Even though people told me it wasn't rape cause we were dating when it happened, #MeToo",0.0,1.0,ANDROID,#metoo,0.0,0.25964096188545227,0.6151346564292908,0.12522438168525696,-0.1344165802001953,0.6151346564292908,Neutral
19531,2017-10-16 22:56:18,2017-10-16,22,Monday,The first incident I remember was being cat called on summer holidays when I was 14.  #MeToo,The first incident I remember was being cat called on summer holidays when I was 14. #MeToo,0.0,0.0,WEB,#metoo,0.0,0.44359642267227173,0.5174246430397034,0.03897888585925102,-0.4046175368130207,0.5174246430397034,Neutral
12396,2017-10-16 22:44:09,2017-10-16,22,Monday,I was 17 and he'd whisper that he loved me in my ear. He didn't care that I wasn't interested #MeToo,I was 17 and he'd whisper that he loved me in my ear. He didn't care that I wasn't interested #MeToo,0.0,0.0,IPHONE,#metoo,0.0,0.22157080471515656,0.5678628087043762,0.21056635677814484,-0.011004447937011719,0.5678628087043762,Neutral
9584,2017-10-16 21:25:55,2017-10-16,21,Monday,"I can<e2><80><99>t say how wonderful the staff is at .@MenorahMed - Rehab unit.  They are responsive,  kind and professional. Love great teams?  #metoo","I can<e2><80><99>t say how wonderful the staff is at .@MenorahMed - Rehab unit. They are responsive, kind and professional. Love great teams? #metoo",0.0,1.0,IPHONE,#metoo,0.0,0.006286257412284613,0.012432505376636982,0.9812812209129333,0.9749949635006487,0.9812812209129333,Positive
25533,2017-10-16 19:49:55,2017-10-16,19,Monday,#MeToo ...I was nearly raped over 2 yrs ago &amp; haven<e2><80><99>t told anyone but my gf...3 weeks ago. I stayed silent for over 2 fucking years.,#MeToo ...I was nearly raped over 2 yrs ago &amp; haven<e2><80><99>t told anyone but my gf...3 weeks ago. I stayed silent for over 2 fucking years.,0.0,6.0,IPHONE,#metoo,0.0,0.9409693479537964,0.053929977118968964,0.005100654438138008,-0.9358686935156584,0.9409693479537964,Negative
26788,2017-10-16 21:01:52,2017-10-16,21,Monday,The amount of people posting #metoo on my Facebook friends list is so heartbreaking <ed><a0><bd><ed><b8><ad><ed><a0><bd><ed><b2><94>,The amount of people posting #metoo on my Facebook friends list is so heartbreaking <ed><a0><bd><ed><b8><ad><ed><a0><bd><ed><b2><94>,1.0,0.0,IPHONE,#metoo,2.0,0.9014587998390198,0.09063590317964554,0.007905294187366962,-0.8935535056516528,0.9014587998390198,Negative
4235,2017-10-16 19:38:11,2017-10-16,19,Monday,"Of course #metoo &amp; some of us would have more to tell if companies didn't make you sign NDAs w/ offer letters, not just after things happen","Of course #metoo &amp; some of us would have more to tell if companies didn't make you sign NDAs w/ offer letters, not just after things happen",0.0,2.0,WEB,#metoo,0.0,0.30658674240112305,0.6431119441986084,0.05030129849910736,-0.2562854439020157,0.6431119441986084,Neutral
25628,2017-10-16 19:58:33,2017-10-16,19,Monday,@IAmLindsayJones to move forward as a compassionate society where rape/objection is never ok. #MeToo,@IAmLindsayJones to move forward as a compassionate society where rape/objection is never ok. #MeToo,0.0,0.0,ANDROID,#metoo,0.0,0.5058002471923828,0.4552072286605835,0.038992445915937424,-0.4668078012764454,0.5058002471923828,Negative
24333,2017-10-16 21:19:42,2017-10-16,21,Monday,Capitalism and sexual assault https://t.co/WPcZb1ajAp #MeToo #ibelieveyou #sexism #rapeculture #feminism #marxism,Capitalism and sexual assault https://t.co/WPcZb1ajAp #MeToo #ibelieveyou #sexism #rapeculture #feminism #marxism,7.0,5.0,IPHONE,#metoo,0.0,0.8082306981086731,0.1814010739326477,0.010368137620389462,-0.7978625604882836,0.8082306981086731,Negative
4356,2017-10-16 22:58:29,2017-10-16,22,Monday,"#MeToo    No means no, you bastard.","#MeToo No means no, you bastard.",0.0,2.0,IPHONE,#metoo,0.0,0.9484277367591858,0.046547889709472656,0.005024364683777094,-0.9434033720754087,0.9484277367591858,Negative
7962,2017-10-16 23:42:46,2017-10-16,23,Monday,#MeToo me too <ed><a0><bd><ed><b1><bb>,#MeToo me too <ed><a0><bd><ed><b1><bb>,0.0,0.0,ANDROID,#metoo,1.0,0.3625580370426178,0.5580185651779175,0.07942339032888412,-0.2831346467137337,0.5580185651779175,Neutral
20941,2017-10-16 20:20:18,2017-10-16,20,Monday,@ClaudeL1979 I mean #metoo generally is just for everyone tho no one is saying men don't get raped,@ClaudeL1979 I mean #metoo generally is just for everyone tho no one is saying men don't get raped,0.0,0.0,Unknown,#metoo,0.0,0.43040743470191956,0.5432499647140503,0.0263426061719656,-0.40406482852995396,0.5432499647140503,Neutral
660,2017-10-16 20:40:43,2017-10-16,20,Monday,Woman Posts Another Facebook Status in Hopes That Men Will Learn to Be Human Beings https://t.co/dt30OdRWSl via @reductress #metoo,Woman Posts Another Facebook Status in Hopes That Men Will Learn to Be Human Beings https://t.co/dt30OdRWSl via @reductress #metoo,0.0,0.0,WEB,#metoo,0.0,0.08756456524133682,0.8542810082435608,0.0581543892621994,-0.02941017597913742,0.8542810082435608,Neutral
19617,2017-10-16 20:13:14,2017-10-16,20,Monday,Seen a lot of vitriol directed at the #MeToo crowd. Let us practice a bit of #Empathy We can't know their experienc<e2><80><a6> https://t.co/FJwTzMC9Qa,Seen a lot of vitriol directed at the #MeToo crowd. Let us practice a bit of #Empathy We can't know their experienc<e2><80><a6> https://t.co/FJwTzMC9Qa,2.0,11.0,IPHONE,#metoo,0.0,0.7318286895751953,0.2552764117717743,0.012894907966256142,-0.7189337816089392,0.7318286895751953,Negative
23491,2017-10-16 22:56:13,2017-10-16,22,Monday,"@Alyssa_Milano Me too.
 #MeToo",@Alyssa_Milano Me too. #MeToo,0.0,0.0,ANDROID,#metoo,0.0,0.04420842230319977,0.5965523719787598,0.3592391610145569,0.3150307387113571,0.5965523719787598,Neutral
4284,2017-10-16 23:18:42,2017-10-16,23,Monday,#metoo he walks like he did not.,#metoo he walks like he did not.,0.0,0.0,IPHONE,#metoo,0.0,0.6260615587234497,0.358238160610199,0.015700316056609154,-0.6103612426668406,0.6260615587234497,Negative
10357,2017-10-16 22:28:20,2017-10-16,22,Monday,"#MeToo.
Every damn day.",#MeToo. Every damn day.,0.0,1.0,ANDROID,#metoo,0.0,0.221579909324646,0.41209182143211365,0.36632826924324036,0.14474835991859436,0.41209182143211365,Neutral
24910,2017-10-16 19:48:35,2017-10-16,19,Monday,"@SamMaggs Gosh, #MeToo on that one <ed><a0><bd><ed><b2><96>","@SamMaggs Gosh, #MeToo on that one <ed><a0><bd><ed><b2><96>",0.0,0.0,ANDROID,#metoo,1.0,0.3143009841442108,0.42879071831703186,0.2569083273410797,-0.057392656803131104,0.42879071831703186,Neutral
99,2017-10-16 21:47:04,2017-10-16,21,Monday,"As a 5 year old child, I was sexually assaulted by my babysitter #MeToo","As a 5 year old child, I was sexually assaulted by my babysitter #MeToo",0.0,3.0,Unknown,#metoo,0.0,0.8457214832305908,0.14377522468566895,0.010503328405320644,-0.8352181548252702,0.8457214832305908,Negative
13564,2017-10-16 23:30:55,2017-10-16,23,Monday,"#MeToo several times and spoke  up each time, fearing for my job, but fortunately I was believed and #jackasses suf<e2><80><a6> https://t.co/sqWx2Olvyl","#MeToo several times and spoke up each time, fearing for my job, but fortunately I was believed and #jackasses suf<e2><80><a6> https://t.co/sqWx2Olvyl",0.0,1.0,IPHONE,#metoo,0.0,0.6780080199241638,0.24029263854026794,0.08169937878847122,-0.5963086411356926,0.6780080199241638,Negative
23340,2017-10-16 21:50:48,2017-10-16,21,Monday,"#MeToo is in vain if we as men don't see ourselves in those anecdotes, as individuals and as a gender. (1/4)","#MeToo is in vain if we as men don't see ourselves in those anecdotes, as individuals and as a gender. (1/4)",3.0,8.0,Unknown,#metoo,0.0,0.6951583027839661,0.2946501672267914,0.010191532783210278,-0.6849667700007558,0.6951583027839661,Negative
27769,2017-10-16 21:32:51,2017-10-16,21,Monday,"I'm not going to share details, because just thinking about it makes me sick, but #MeToo","I'm not going to share details, because just thinking about it makes me sick, but #MeToo",0.0,0.0,WEB,#metoo,0.0,0.8545497059822083,0.1337575763463974,0.011692669242620468,-0.8428570367395878,0.8545497059822083,Negative
18481,2017-10-16 19:13:47,2017-10-16,19,Monday,#metoo buttercup,#metoo buttercup,0.0,1.0,WEB,#metoo,0.0,0.1796586513519287,0.7393439412117004,0.08099739998579025,-0.09866125136613846,0.7393439412117004,Neutral
25997,2017-10-16 20:12:40,2017-10-16,20,Monday,"#metoo - respect each other, Too many of us of all genders have sexual abuse/harassment stories #nomeansno #mybodyismyown","#metoo - respect each other, Too many of us of all genders have sexual abuse/harassment stories #nomeansno #mybodyismyown",0.0,0.0,IPHONE,#metoo,0.0,0.7909707427024841,0.197449192404747,0.011580029502511024,-0.7793907131999731,0.7909707427024841,Negative
3440,2017-10-16 20:45:15,2017-10-16,20,Monday,"In a club, a guy put his hand on my vagina. I punched him in the face. #meToo #oxaClub #2009","In a club, a guy put his hand on my vagina. I punched him in the face. #meToo #oxaClub #2009",0.0,1.0,IPHONE,#metoo,0.0,0.7976112961769104,0.18659287691116333,0.01579582877457142,-0.781815467402339,0.7976112961769104,Negative
5942,2017-10-16 23:31:49,2017-10-16,23,Monday,#MeToo - The time is now to end sexual harassment! https://t.co/9xYZ1tEada,#MeToo - The time is now to end sexual harassment! https://t.co/9xYZ1tEada,0.0,0.0,Unknown,#metoo,0.0,0.23583845794200897,0.5054994225502014,0.2586621046066284,0.022823646664619446,0.5054994225502014,Neutral
26491,2017-10-16 21:17:49,2017-10-16,21,Monday,@Alyssa_Milano Its not just women  #MeToo,@Alyssa_Milano Its not just women #MeToo,0.0,0.0,WEB,#metoo,0.0,0.22345516085624695,0.7016284465789795,0.07491645216941833,-0.1485387086868286,0.7016284465789795,Neutral
1024,2017-10-16 20:39:17,2017-10-16,20,Monday,Liking a #metoo post is not enough. Sexual predation has no place in the society we are building for our future.... https://t.co/hwGeOUhEiG,Liking a #metoo post is not enough. Sexual predation has no place in the society we are building for our future.... https://t.co/hwGeOUhEiG,0.0,0.0,Unknown,#metoo,0.0,0.8762455582618713,0.11641862988471985,0.0073358179070055485,-0.8689097403548658,0.8762455582618713,Negative
1617,2017-10-16 21:53:53,2017-10-16,21,Monday,"<e2><80><9c>Me too.<e2><80><9d>

I appreciate all my female acquaintances that have made the statement. Sad but true. 

#metoo",<e2><80><9c>Me too.<e2><80><9d> I appreciate all my female acquaintances that have made the statement. Sad but true. #metoo,0.0,2.0,IPHONE,#metoo,0.0,0.56876540184021,0.33491194248199463,0.09632270783185959,-0.4724426940083504,0.56876540184021,Negative
22400,2017-10-16 20:20:27,2017-10-16,20,Monday,Reuters: #MeToo: Sexual harassment stories sweep social media after Weinstein allegations https://t.co/J21hBdN6UJ https://t.co/VDykEpOEFL,Reuters: #MeToo: Sexual harassment stories sweep social media after Weinstein allegations https://t.co/J21hBdN6UJ https://t.co/VDykEpOEFL,0.0,0.0,Unknown,#metoo,0.0,0.38616618514060974,0.5931558012962341,0.0206779632717371,-0.36548822186887264,0.5931558012962341,Neutral
22219,2017-10-16 20:57:03,2017-10-16,20,Monday,"#MeToo is the best trend I've ever seen.

Trust me, it's happened to someone you know and love and needs to be talked about.","#MeToo is the best trend I've ever seen. Trust me, it's happened to someone you know and love and needs to be talked about.",2.0,5.0,ANDROID,#metoo,0.0,0.008138666860759258,0.031230604276061058,0.9606307148933411,0.9524920480325818,0.9606307148933411,Positive
13276,2017-10-16 19:55:51,2017-10-16,19,Monday,"First I thought ""I don't want people to judge me. They'll think I want attention"" And then I thought, ""That is exactly the problem."" #MeToo","First I thought ""I don't want people to judge me. They'll think I want attention"" And then I thought, ""That is exactly the problem."" #MeToo",0.0,4.0,WEB,#metoo,0.0,0.705788254737854,0.27557292580604553,0.018638812005519867,-0.6871494427323341,0.705788254737854,Negative
5549,2017-10-16 19:57:01,2017-10-16,19,Monday,It's important to show you're an ally to those tweeting or posting #metoo . It affects you more than you know.  These are your people.,It's important to show you're an ally to those tweeting or posting #metoo . It affects you more than you know. These are your people.,0.0,0.0,ANDROID,#metoo,0.0,0.18357181549072266,0.5563308000564575,0.2600974440574646,0.07652562856674194,0.5563308000564575,Neutral
25420,2017-10-16 19:54:33,2017-10-16,19,Monday,"#MeToo 
Please share so we can show the magnitude of the problem #SexualHarasment #SexualAssault #SexualVictim<e2><80><a6> https://t.co/8ZUhouduxl",#MeToo Please share so we can show the magnitude of the problem #SexualHarasment #SexualAssault #SexualVictim<e2><80><a6> https://t.co/8ZUhouduxl,0.0,0.0,IPHONE,#metoo,0.0,0.5726920962333679,0.4000184237957001,0.027289457619190216,-0.5454026386141777,0.5726920962333679,Negative
24200,2017-10-16 21:42:48,2017-10-16,21,Monday,#MeToo had a fair share of harassment that I never fully got through. Let's not forget though that men get harassed as well.,#MeToo had a fair share of harassment that I never fully got through. Let's not forget though that men get harassed as well.,0.0,2.0,ANDROID,#metoo,0.0,0.8427552580833435,0.14931559562683105,0.007929189130663872,-0.8348260689526796,0.8427552580833435,Negative
22099,2017-10-16 19:12:49,2017-10-16,19,Monday,"Watching the #metoo status updates -  men must do better. I was raised by a mother, two sisters, and I share my life with a woman.","Watching the #metoo status updates - men must do better. I was raised by a mother, two sisters, and I share my life with a woman.",0.0,1.0,IPHONE,#metoo,0.0,0.5766336917877197,0.3963124454021454,0.02705385535955429,-0.5495798364281654,0.5766336917877197,Negative
12642,2017-10-16 20:35:50,2017-10-16,20,Monday,To the women saying #MeToo: I hear you and I believe you.,To the women saying #MeToo: I hear you and I believe you.,2.0,5.0,Unknown,#metoo,0.0,0.026206135749816895,0.3620612323284149,0.6117326021194458,0.5855264663696289,0.6117326021194458,Positive
12747,2017-10-16 20:28:44,2017-10-16,20,Monday,"@default__this You're not disgusting, you were vulnerable and taken advantage of and lots of us have been in similar positions  #metoo","@default__this You're not disgusting, you were vulnerable and taken advantage of and lots of us have been in similar positions #metoo",0.0,4.0,IPHONE,#metoo,0.0,0.617422342300415,0.3522951006889343,0.030282562598586082,-0.587139779701829,0.617422342300415,Negative
3276,2017-10-16 21:25:19,2017-10-16,21,Monday,"For those of us not willing to share our stories, #MeToo","For those of us not willing to share our stories, #MeToo",0.0,1.0,IPHONE,#metoo,0.0,0.4074210822582245,0.5596191883087158,0.03295973315834999,-0.3744613490998745,0.5596191883087158,Neutral
22843,2017-10-16 20:39:20,2017-10-16,20,Monday,The Movement of #MeToo - The Atlantic https://t.co/wFvzsEr28H,The Movement of #MeToo - The Atlantic https://t.co/wFvzsEr28H,1.0,2.0,IPHONE,#metoo,0.0,0.01306457631289959,0.913174569606781,0.07376086711883545,0.06069629080593586,0.913174569606781,Neutral
14125,2017-10-16 23:44:35,2017-10-16,23,Monday,"If you<e2><80><99>re a guy/gay guy and you<e2><80><99>re posting <e2><80><9c>#metoo<e2><80><9d>, delete that shit.

You<e2><80><99>re COMPLETELY disrespecting women... https://t.co/BuYUirppS2","If you<e2><80><99>re a guy/gay guy and you<e2><80><99>re posting <e2><80><9c>#metoo<e2><80><9d>, delete that shit. You<e2><80><99>re COMPLETELY disrespecting women... https://t.co/BuYUirppS2",0.0,1.0,Unknown,#metoo,0.0,0.8976863622665405,0.09473507851362228,0.007578506134450436,-0.8901078561320901,0.8976863622665405,Negative
3062,2017-10-16 22:52:43,2017-10-16,22,Monday,"With the staggering number of #metoo posts online, we hope the weight of their words pushes #government action agai<e2><80><a6> https://t.co/75kfj0jNU1","With the staggering number of #metoo posts online, we hope the weight of their words pushes #government action agai<e2><80><a6> https://t.co/75kfj0jNU1",0.0,0.0,IPHONE,#metoo,0.0,0.0763658657670021,0.7247627377510071,0.19887138903141022,0.12250552326440811,0.7247627377510071,Neutral
13051,2017-10-16 23:35:11,2017-10-16,23,Monday,"Me, too.

One gem was when I got my butt pinched while getting complimented on my editor<e2><80><99>s column that month. <ed><a0><bd><ed><b9><84> #metoo","Me, too. One gem was when I got my butt pinched while getting complimented on my editor<e2><80><99>s column that month. <ed><a0><bd><ed><b9><84> #metoo",0.0,0.0,IPHONE,#metoo,1.0,0.04630390554666519,0.2326195389032364,0.7210765480995178,0.6747726425528526,0.7210765480995178,Positive
3322,2017-10-16 20:52:30,2017-10-16,20,Monday,This #MeToo is stirring up thoughts and emotions I don't want to deal with.,This #MeToo is stirring up thoughts and emotions I don't want to deal with.,0.0,0.0,ANDROID,#metoo,0.0,0.9170910716056824,0.07721099257469177,0.005697916727513075,-0.9113931548781693,0.9170910716056824,Negative
16978,2017-10-16 21:55:59,2017-10-16,21,Monday,"#metoo
Because by speaking up I've been perceived as being a BITCH. Well,  I don't want anything to do with you either.","#metoo Because by speaking up I've been perceived as being a BITCH. Well, I don't want anything to do with you either.",0.0,1.0,ANDROID,#metoo,0.0,0.9452458620071411,0.05068120360374451,0.00407289108261466,-0.9411729709245265,0.9452458620071411,Negative
16228,2017-10-16 23:58:12,2017-10-16,23,Monday,You don<e2><80><99>t ask a 6 year old what they were wearing so why ask a 22 year old the same question...  #MeToo,You don<e2><80><99>t ask a 6 year old what they were wearing so why ask a 22 year old the same question... #MeToo,0.0,1.0,IPHONE,#metoo,0.0,0.7151697874069214,0.27486658096313477,0.009963656775653362,-0.705206130631268,0.7151697874069214,Negative
4724,2017-10-16 22:00:04,2017-10-16,22,Monday,What to do when the women in your life posts #metoo https://t.co/eXkposs6T9 https://t.co/xoE2293kt5,What to do when the women in your life posts #metoo https://t.co/eXkposs6T9 https://t.co/xoE2293kt5,5.0,2.0,Unknown,#metoo,0.0,0.2297002077102661,0.7437143921852112,0.02658545970916748,-0.20311474800109863,0.7437143921852112,Neutral
9538,2017-10-16 20:31:59,2017-10-16,20,Monday,I was only a child. I got whipped because I told. He said that would happen. So I never told again. #MeToo,I was only a child. I got whipped because I told. He said that would happen. So I never told again. #MeToo,0.0,0.0,Unknown,#metoo,0.0,0.7420400381088257,0.2352917641401291,0.022668298333883286,-0.7193717397749424,0.7420400381088257,Negative
17901,2017-10-16 21:46:34,2017-10-16,21,Monday,Have you been subjected to PC/Liberal/Labour harassment? #Metoo,Have you been subjected to PC/Liberal/Labour harassment? #Metoo,0.0,0.0,Unknown,#metoo,0.0,0.6143903136253357,0.37399181723594666,0.011617884039878845,-0.6027724295854568,0.6143903136253357,Negative
4949,2017-10-16 19:59:49,2017-10-16,19,Monday,"To the #metoo posters - I see you, I hear you, I believe you.","To the #metoo posters - I see you, I hear you, I believe you.",0.0,1.0,WEB,#metoo,0.0,0.014756142161786556,0.3483315706253052,0.6369122266769409,0.6221560845151544,0.6369122266769409,Positive
19914,2017-10-16 22:24:33,2017-10-16,22,Monday,I<e2><80><99>ve been thinking exactly the same thing today. #MeToo https://t.co/NVs1KvcvlM,I<e2><80><99>ve been thinking exactly the same thing today. #MeToo https://t.co/NVs1KvcvlM,0.0,2.0,IPHONE,#metoo,0.0,0.2882061302661896,0.636888325214386,0.07490552216768265,-0.21330060809850693,0.636888325214386,Neutral
1206,2017-10-16 21:17:23,2017-10-16,21,Monday,"I was 13 at music camp. Rumors spread and *I* was taken aside by the director and scolded, nearly dismissed, for what HE did to me. #MeToo","I was 13 at music camp. Rumors spread and *I* was taken aside by the director and scolded, nearly dismissed, for what HE did to me. #MeToo",0.0,5.0,WEB,#metoo,0.0,0.7861086130142212,0.2035619467496872,0.010329428128898144,-0.775779184885323,0.7861086130142212,Negative
9757,2017-10-16 20:26:50,2017-10-16,20,Monday,"Sexually. Physically. Mentally. 
#MeToo",Sexually. Physically. Mentally. #MeToo,0.0,3.0,ANDROID,#metoo,0.0,0.1850382387638092,0.7509437203407288,0.06401804834604263,-0.12102019041776657,0.7509437203407288,Neutral
28183,2017-10-16 23:31:37,2017-10-16,23,Monday,"#metoo ..... I was 19, he was a friend, he had too much to drink and forced himself on me.... My aunt and cousin... https://t.co/ycmiI8a0cH","#metoo ..... I was 19, he was a friend, he had too much to drink and forced himself on me.... My aunt and cousin... https://t.co/ycmiI8a0cH",0.0,0.0,Unknown,#metoo,0.0,0.6580163240432739,0.32994207739830017,0.012041563168168068,-0.6459747608751059,0.6580163240432739,Negative
421,2017-10-16 22:12:04,2017-10-16,22,Monday,"#MeToo social media posts go viral, propelled by actress @Alyssa_Milano https://t.co/6EgnqQFsEZ https://t.co/4ZsTj0VZpO","#MeToo social media posts go viral, propelled by actress @Alyssa_Milano https://t.co/6EgnqQFsEZ https://t.co/4ZsTj0VZpO",0.0,3.0,Unknown,#metoo,0.0,0.00469236122444272,0.22794511914253235,0.7673625349998474,0.7626701737754047,0.7673625349998474,Positive
17682,2017-10-16 23:53:04,2017-10-16,23,Monday,"The #MeToo campaign it<e2><80><99>s heartbreaking.  So many in my feed here, Facebook and Instagram yet it doesn<e2><80><99>t surprise me.","The #MeToo campaign it<e2><80><99>s heartbreaking. So many in my feed here, Facebook and Instagram yet it doesn<e2><80><99>t surprise me.",0.0,0.0,IPHONE,#metoo,0.0,0.9016376733779907,0.08738942444324493,0.01097286120057106,-0.8906648121774197,0.9016376733779907,Negative
21631,2017-10-16 21:26:50,2017-10-16,21,Monday,too many men think it<e2><80><99>s okay to speak like this in <e2><80><9c>private<e2><80><9d> conversations - your thoughts need to change with your<e2><80><a6> https://t.co/DXBlSvHHY3,too many men think it<e2><80><99>s okay to speak like this in <e2><80><9c>private<e2><80><9d> conversations - your thoughts need to change with your<e2><80><a6> https://t.co/DXBlSvHHY3,1.0,0.0,IPHONE,#metoo,0.0,0.6998692750930786,0.28409165143966675,0.01603906974196434,-0.6838302053511143,0.6998692750930786,Negative
20632,2017-10-16 19:33:51,2017-10-16,19,Monday,@Alyssa_Milano me too. #MeToo,@Alyssa_Milano me too. #MeToo,0.0,1.0,IPHONE,#metoo,0.0,0.0525258369743824,0.6495558619499207,0.29791831970214844,0.24539248272776604,0.6495558619499207,Neutral
4016,2017-10-16 20:36:51,2017-10-16,20,Monday,"If all the women who have been sexually harassed/assaulted wrote ""Me too""we might give people a sense of the magnitude of the problem #MeToo","If all the women who have been sexually harassed/assaulted wrote ""Me too""we might give people a sense of the magnitude of the problem #MeToo",0.0,0.0,IPHONE,#metoo,0.0,0.5185272693634033,0.4480556547641754,0.033417053520679474,-0.48511021584272385,0.5185272693634033,Negative
17191,2017-10-16 20:00:59,2017-10-16,20,Monday,"My latest podcast! #metoo, bananas, and that time Johnny Cash's grandson sent me a creepy letter.... https://t.co/9BhpXRTC9i","My latest podcast! #metoo, bananas, and that time Johnny Cash's grandson sent me a creepy letter.... https://t.co/9BhpXRTC9i",0.0,0.0,Unknown,#metoo,0.0,0.26989105343818665,0.6526315808296204,0.0774773433804512,-0.19241371005773544,0.6526315808296204,Neutral
13024,2017-10-16 23:39:01,2017-10-16,23,Monday,There is not a bigger piece of shit on this earth #MeToo https://t.co/lZe1JxjqtI,There is not a bigger piece of shit on this earth #MeToo https://t.co/lZe1JxjqtI,0.0,1.0,IPHONE,#metoo,0.0,0.9154941439628601,0.07205623388290405,0.012449602596461773,-0.9030445413663983,0.9154941439628601,Negative
15874,2017-10-16 20:32:56,2017-10-16,20,Monday,Why don't we speak about it more? #metoo,Why don't we speak about it more? #metoo,0.0,0.0,WEB,#metoo,0.0,0.6294774413108826,0.35604041814804077,0.014482136815786362,-0.6149953044950962,0.6294774413108826,Negative
6675,2017-10-16 19:15:25,2017-10-16,19,Monday,In a (previous) job. The street. Public transport. By 'friends'. When drunk. When sober. When &amp; where ever someone else felt like it. #MeToo,In a (previous) job. The street. Public transport. By 'friends'. When drunk. When sober. When &amp; where ever someone else felt like it. #MeToo,0.0,0.0,ANDROID,#metoo,0.0,0.14377696812152863,0.8183237910270691,0.03789930045604706,-0.10587766766548157,0.8183237910270691,Neutral
15764,2017-10-16 19:48:40,2017-10-16,19,Monday,I just donated to #RecallPersky. Join me https://t.co/J5wi6zdSOd #MeToo https://t.co/E5D8h5WUSA,I just donated to #RecallPersky. Join me https://t.co/J5wi6zdSOd #MeToo https://t.co/E5D8h5WUSA,0.0,0.0,Unknown,#metoo,0.0,0.004971672780811787,0.5236151814460754,0.47141316533088684,0.46644149255007505,0.5236151814460754,Neutral
5328,2017-10-16 21:58:21,2017-10-16,21,Monday,"Husband of the president of a children's home who insisted on calling me ""sweetie,"" ""honey,"" ""baby."" #MeToo (1/2)","Husband of the president of a children's home who insisted on calling me ""sweetie,"" ""honey,"" ""baby."" #MeToo (1/2)",0.0,0.0,IPHONE,#metoo,0.0,0.5423153042793274,0.4245491027832031,0.033135611563920975,-0.5091796927154064,0.5423153042793274,Negative
12824,2017-10-16 20:21:39,2017-10-16,20,Monday,Catcalling is almost a normal way of life that I must admit I don<e2><80><99>t even give it a second thought. I<e2><80><99>ve kinda accepted it. <ed><a0><bd><ed><b9><81><ed><a0><bd><ed><b8><94> #metoo,Catcalling is almost a normal way of life that I must admit I don<e2><80><99>t even give it a second thought. I<e2><80><99>ve kinda accepted it. <ed><a0><bd><ed><b9><81><ed><a0><bd><ed><b8><94> #metoo,0.0,0.0,IPHONE,#metoo,2.0,0.5244616270065308,0.4029761254787445,0.07256223261356354,-0.4518993943929672,0.5244616270065308,Negative
24440,2017-10-16 21:43:24,2017-10-16,21,Monday,Don<e2><80><99>t tell me i<e2><80><99>m lying about it. #metoo,Don<e2><80><99>t tell me i<e2><80><99>m lying about it. #metoo,0.0,4.0,IPHONE,#metoo,0.0,0.8485220670700073,0.14052705466747284,0.01095090713351965,-0.8375711599364877,0.8485220670700073,Negative
17042,2017-10-16 23:01:12,2017-10-16,23,Monday,"#metoo

More than once. More than I can remember, honestly. https://t.co/HvusSt4YeT","#metoo More than once. More than I can remember, honestly. https://t.co/HvusSt4YeT",1.0,22.0,ANDROID,#metoo,0.0,0.197100430727005,0.5875234007835388,0.21537615358829498,0.018275722861289978,0.5875234007835388,Neutral
4634,2017-10-16 19:39:40,2017-10-16,19,Monday,"@womensmarch One of my abusers said nobody would believe me, that he is good friends with cops. Neither abuser know<e2><80><a6> https://t.co/X349CBS744","@womensmarch One of my abusers said nobody would believe me, that he is good friends with cops. Neither abuser know<e2><80><a6> https://t.co/X349CBS744",0.0,0.0,WEB,#metoo,0.0,0.8363605737686157,0.15315547585487366,0.01048400066792965,-0.8258765731006861,0.8363605737686157,Negative
24092,2017-10-16 19:30:58,2017-10-16,19,Monday,#MeToo - Thousands of women across the world share their experiences of sexual harassment and abuse online.,#MeToo - Thousands of women across the world share their experiences of sexual harassment and abuse online.,0.0,0.0,Unknown,#metoo,0.0,0.5797362327575684,0.3924790322780609,0.027784721925854683,-0.5519515108317137,0.5797362327575684,Negative
24467,2017-10-16 23:06:02,2017-10-16,23,Monday,It's 2017 &amp; girls still can't walk down the street w/out being cat called or dance at a club &amp; not be touched/grabbed inappropriately #metoo,It's 2017 &amp; girls still can't walk down the street w/out being cat called or dance at a club &amp; not be touched/grabbed inappropriately #metoo,1.0,3.0,IPHONE,#metoo,0.0,0.7686026096343994,0.22164203226566315,0.009755381383001804,-0.7588472282513976,0.7686026096343994,Negative
10441,2017-10-16 19:07:29,2017-10-16,19,Monday,Has someone you known been sexually assaulted? #MeToo,Has someone you known been sexually assaulted? #MeToo,1.0,0.0,IPHONE,#metoo,0.0,0.5484187006950378,0.43551304936408997,0.01606827974319458,-0.5323504209518433,0.5484187006950378,Negative
3436,2017-10-16 23:06:17,2017-10-16,23,Monday,"It was pouring 1 night as I was leaving my 1st job at 16. 60yo  boss offer me a coat, suggested I return it wearing that and a thong #MeToo","It was pouring 1 night as I was leaving my 1st job at 16. 60yo boss offer me a coat, suggested I return it wearing that and a thong #MeToo",0.0,0.0,ANDROID,#metoo,0.0,0.3380550444126129,0.5916011929512024,0.07034376263618469,-0.2677112817764282,0.5916011929512024,Neutral
10495,2017-10-16 19:44:59,2017-10-16,19,Monday,"I was 12, at Applebee<e2><80><99>s with my family. Walking past the bar on our way out. A drunk man reached behind him and grabbed my ass. #metoo","I was 12, at Applebee<e2><80><99>s with my family. Walking past the bar on our way out. A drunk man reached behind him and grabbed my ass. #metoo",0.0,1.0,IPHONE,#metoo,0.0,0.4730006754398346,0.48525628447532654,0.04174303635954857,-0.431257639080286,0.48525628447532654,Neutral
2684,2017-10-16 19:49:44,2017-10-16,19,Monday,"After seeing all of the #metoo posts, I am going to add a longform story about it to https://t.co/iVDdyCa9h8","After seeing all of the #metoo posts, I am going to add a longform story about it to https://t.co/iVDdyCa9h8",1.0,6.0,IPHONE,#metoo,0.0,0.04940413311123848,0.8379097580909729,0.11268605291843414,0.06328191980719566,0.8379097580909729,Neutral
2004,2017-10-16 22:46:38,2017-10-16,22,Monday,"#MeToo 

It is not acceptable, ever.","#MeToo It is not acceptable, ever.",0.0,0.0,Unknown,#metoo,0.0,0.9236854910850525,0.06828971207141876,0.008024769835174084,-0.9156607212498784,0.9236854910850525,Negative
7841,2017-10-16 22:51:52,2017-10-16,22,Monday,#MeToo. I'm not ready to tell my stories so publicly but applaud those women who have and might in the future as we stand up for one another,#MeToo. I'm not ready to tell my stories so publicly but applaud those women who have and might in the future as we stand up for one another,0.0,2.0,WEB,#metoo,0.0,0.12305811047554016,0.3831758499145508,0.49376603960990906,0.3707079291343689,0.49376603960990906,Positive
24827,2017-10-16 21:41:42,2017-10-16,21,Monday,Me too. #MeToo,Me too. #MeToo,0.0,0.0,ANDROID,#metoo,0.0,0.06320705264806747,0.5410102605819702,0.3957826495170593,0.33257559686899185,0.5410102605819702,Neutral
15941,2017-10-16 22:46:33,2017-10-16,22,Monday,Can't wait 'til some dude with a screenprinting shop starts selling #MeToo t-shirts.,Can't wait 'til some dude with a screenprinting shop starts selling #MeToo t-shirts.,1.0,0.0,IPHONE,#metoo,0.0,0.08472558110952377,0.38350096344947815,0.5317734479904175,0.4470478668808937,0.5317734479904175,Positive
27729,2017-10-16 22:45:50,2017-10-16,22,Monday,"Here for all of you, always. We are strong. We are resilient. This is a battlecry. #metoo https://t.co/3nYJnVi6zL","Here for all of you, always. We are strong. We are resilient. This is a battlecry. #metoo https://t.co/3nYJnVi6zL",343.0,886.0,IPHONE,#metoo,0.0,0.02300310879945755,0.14143985509872437,0.8355569839477539,0.8125538751482964,0.8355569839477539,Positive
7185,2017-10-16 23:32:17,2017-10-16,23,Monday,A Conservative Comedian Just Made A Sexist <e2><80><9c>Joke<e2><80><9d> Amid #MeToo And Quickly Paid For It https://t.co/yRYK6C1YwS https://t.co/yRYK6C1YwS,A Conservative Comedian Just Made A Sexist <e2><80><9c>Joke<e2><80><9d> Amid #MeToo And Quickly Paid For It https://t.co/yRYK6C1YwS https://t.co/yRYK6C1YwS,0.0,0.0,Unknown,#metoo,0.0,0.5272320508956909,0.4432544410228729,0.029513465240597725,-0.4977185856550932,0.5272320508956909,Negative
17339,2017-10-16 22:40:23,2017-10-16,22,Monday,It<e2><80><99>s not happened to me but it did to someone very very close to me and it was the most heartbreaking thing ever. #metoo,It<e2><80><99>s not happened to me but it did to someone very very close to me and it was the most heartbreaking thing ever. #metoo,0.0,1.0,IPHONE,#metoo,0.0,0.9079347252845764,0.08294273912906647,0.009122539311647415,-0.898812185972929,0.9079347252845764,Negative
5482,2017-10-16 21:56:36,2017-10-16,21,Monday,#metoo. It is alarmingly clear that most men don't have a clue what constitutes sexual harassment and think it's something only other men do,#metoo. It is alarmingly clear that most men don't have a clue what constitutes sexual harassment and think it's something only other men do,0.0,2.0,WEB,#metoo,0.0,0.9136694073677063,0.08056935667991638,0.005761261563748121,-0.9079081458039582,0.9136694073677063,Negative
24300,2017-10-16 22:14:23,2017-10-16,22,Monday,#MeToo It happened in 2012 ! A guy who was behind me at a music festival touched me inappropriatly..I remember like it was yesterday! (1),#MeToo It happened in 2012 ! A guy who was behind me at a music festival touched me inappropriatly..I remember like it was yesterday! (1),0.0,0.0,ANDROID,#metoo,0.0,0.15477855503559113,0.5827442407608032,0.2624772787094116,0.1076987236738205,0.5827442407608032,Neutral
6966,2017-10-16 22:32:57,2017-10-16,22,Monday,"#MeToo 
To me, and to someone else. If we men can't acknowledge our failures, we'll never improve.

https://t.co/cOkyKAZKgB","#MeToo To me, and to someone else. If we men can't acknowledge our failures, we'll never improve. https://t.co/cOkyKAZKgB",0.0,1.0,ANDROID,#metoo,0.0,0.7406923174858093,0.2335926592350006,0.025715013965964317,-0.714977303519845,0.7406923174858093,Negative
2770,2017-10-16 23:44:42,2017-10-16,23,Monday,Don't forget the Male victims in the  #MeToo #ibelieveyou campaign.  Love to ALL strong enough to overcome these atrocities through faith.,Don't forget the Male victims in the #MeToo #ibelieveyou campaign. Love to ALL strong enough to overcome these atrocities through faith.,0.0,0.0,WEB,#metoo,0.0,0.15638424456119537,0.4023818373680115,0.44123396277427673,0.28484971821308136,0.44123396277427673,Positive
14761,2017-10-16 21:56:44,2017-10-16,21,Monday,"When I was 12 and 17. The feeling never goes away. If you're shocked you haven't been paying attention/are part of the problem. 
#MeToo",When I was 12 and 17. The feeling never goes away. If you're shocked you haven't been paying attention/are part of the problem. #MeToo,0.0,0.0,IPHONE,#metoo,0.0,0.799265444278717,0.18166452646255493,0.019070036709308624,-0.7801954075694084,0.799265444278717,Negative
24849,2017-10-16 23:23:57,2017-10-16,23,Monday,A Conservative Comedian Just Made A Sexist <e2><80><9c>Joke<e2><80><9d> Amid #MeToo And Quickly Paid For It https://t.co/K3LDwfn42y https://t.co/K3LDwfn42y,A Conservative Comedian Just Made A Sexist <e2><80><9c>Joke<e2><80><9d> Amid #MeToo And Quickly Paid For It https://t.co/K3LDwfn42y https://t.co/K3LDwfn42y,0.0,0.0,Unknown,#metoo,0.0,0.5272320508956909,0.4432544410228729,0.029513465240597725,-0.4977185856550932,0.5272320508956909,Negative
16591,2017-10-16 23:54:34,2017-10-16,23,Monday,So who DOESN<e2><80><99>T have a story? #MeToo,So who DOESN<e2><80><99>T have a story? #MeToo,0.0,6.0,IPHONE,#metoo,0.0,0.6171629428863525,0.36993661522865295,0.01290044467896223,-0.6042624982073903,0.6171629428863525,Negative
23338,2017-10-16 23:07:41,2017-10-16,23,Monday,"@vandalog <e2><80><98>Other Weinsteins<e2><80><99>: OK, but the #metoo posts show problem not just sole predators, but widespread culture<e2><80><a6> https://t.co/atRvUotuBs","@vandalog <e2><80><98>Other Weinsteins<e2><80><99>: OK, but the #metoo posts show problem not just sole predators, but widespread culture<e2><80><a6> https://t.co/atRvUotuBs",0.0,0.0,IPHONE,#metoo,0.0,0.49422135949134827,0.48432618379592896,0.021452415734529495,-0.47276894375681877,0.49422135949134827,Negative
20654,2017-10-16 22:03:01,2017-10-16,22,Monday,@womensmarch Every single woman I have asked has experienced some form of harassment in the work place #MeToo,@womensmarch Every single woman I have asked has experienced some form of harassment in the work place #MeToo,0.0,0.0,IPHONE,#metoo,0.0,0.599207878112793,0.3785858154296875,0.022206362336874008,-0.577001515775919,0.599207878112793,Negative
16523,2017-10-16 21:55:16,2017-10-16,21,Monday,#MeToo but now I have a loving husband and a beautiful son. What happened to me did not destroy me,#MeToo but now I have a loving husband and a beautiful son. What happened to me did not destroy me,0.0,3.0,IPHONE,#metoo,0.0,0.04555802419781685,0.14271171391010284,0.8117302656173706,0.7661722414195538,0.8117302656173706,Positive
18376,2017-10-16 19:20:59,2017-10-16,19,Monday,If it happens at work you pretend it never happened to keep your job.  #MeToo,If it happens at work you pretend it never happened to keep your job. #MeToo,0.0,0.0,IPHONE,#metoo,0.0,0.51224285364151,0.4580765664577484,0.02968057245016098,-0.48256228119134903,0.51224285364151,Negative
17707,2017-10-16 19:50:25,2017-10-16,19,Monday,"Because we need to stop being permissive and staying quiet about these ""normal"" male behaviors #metoo","Because we need to stop being permissive and staying quiet about these ""normal"" male behaviors #metoo",0.0,0.0,IPHONE,#metoo,0.0,0.5559646487236023,0.4258865714073181,0.018148701637983322,-0.537815947085619,0.5559646487236023,Negative
8794,2017-10-16 19:39:29,2017-10-16,19,Monday,Yeah #MeToo,Yeah #MeToo,0.0,0.0,Unknown,#metoo,0.0,0.060209207236766815,0.45416295528411865,0.4856278896331787,0.4254186823964119,0.4856278896331787,Positive
1503,2017-10-16 19:23:56,2017-10-16,19,Monday,#MeToo #ibelieveyou #ibelievesurvivors #NoMore #FCASV  coercion is used often in sexual assault... at 15 coercion i<e2><80><a6> https://t.co/rMrQgbap1e,#MeToo #ibelieveyou #ibelievesurvivors #NoMore #FCASV coercion is used often in sexual assault... at 15 coercion i<e2><80><a6> https://t.co/rMrQgbap1e,0.0,0.0,IPHONE,#metoo,0.0,0.7458141446113586,0.24044975638389587,0.01373607199639082,-0.7320780726149678,0.7458141446113586,Negative
581,2017-10-16 19:55:50,2017-10-16,19,Monday,Yes. This. #metoo Survivors don<e2><80><99>t owe anyone anything but they deserve an #Ibelieveyou https://t.co/JyNLRIHrOU,Yes. This. #metoo Survivors don<e2><80><99>t owe anyone anything but they deserve an #Ibelieveyou https://t.co/JyNLRIHrOU,0.0,3.0,IPHONE,#metoo,0.0,0.3785126209259033,0.4718760848045349,0.14961135387420654,-0.22890126705169678,0.4718760848045349,Neutral
15175,2017-10-16 22:58:47,2017-10-16,22,Monday,@Alyssa_Milano @KaciDanger Happened many times in nearly every single one of my jobs. #MeToo,@Alyssa_Milano @KaciDanger Happened many times in nearly every single one of my jobs. #MeToo,0.0,0.0,Unknown,#metoo,0.0,0.14769597351551056,0.653308093547821,0.1989959478378296,0.05129997432231903,0.653308093547821,Neutral
10644,2017-10-16 21:55:33,2017-10-16,21,Monday,#metoo x 4 different men. All before age 14.,#metoo x 4 different men. All before age 14.,0.0,0.0,Unknown,#metoo,0.0,0.32590124011039734,0.6411152482032776,0.032983504235744476,-0.29291773587465286,0.6411152482032776,Neutral
18991,2017-10-16 22:00:21,2017-10-16,22,Monday,"#metoo the first time I was sexually assaulted, I was 12. We all need to work together to create a new paradigm where it<e2><80><99>s not ok.","#metoo the first time I was sexually assaulted, I was 12. We all need to work together to create a new paradigm where it<e2><80><99>s not ok.",1.0,3.0,IPHONE,#metoo,0.0,0.88790363073349,0.10513909161090851,0.006957321893423796,-0.8809463088400662,0.88790363073349,Negative
2729,2017-10-16 20:48:40,2017-10-16,20,Monday,"Yesterday for hours, my newsfeed was literally nothing but #MeToo posts. It was sad but enlightening, especially... https://t.co/k2Aii2UkaR","Yesterday for hours, my newsfeed was literally nothing but #MeToo posts. It was sad but enlightening, especially... https://t.co/k2Aii2UkaR",0.0,0.0,Unknown,#metoo,0.0,0.42144885659217834,0.3253525495529175,0.25319862365722656,-0.16825023293495178,0.42144885659217834,Negative
23686,2017-10-16 22:10:53,2017-10-16,22,Monday,"#MeToo . Girls out there in the world honestly ur doing so well, I love you all and I<e2><80><99>m so proud of how you<e2><80><99>re dealing with it so keep going","#MeToo . Girls out there in the world honestly ur doing so well, I love you all and I<e2><80><99>m so proud of how you<e2><80><99>re dealing with it so keep going",1.0,2.0,IPHONE,#metoo,0.0,0.007313503418117762,0.022859839722514153,0.9698266983032227,0.9625131948851049,0.9698266983032227,Positive
20906,2017-10-16 23:46:50,2017-10-16,23,Monday,"I keep seeing people say that ""women need to protect themselves"" as if we already fucking don't. Almost every woman<e2><80><a6> https://t.co/3ZGQ4helV9","I keep seeing people say that ""women need to protect themselves"" as if we already fucking don't. Almost every woman<e2><80><a6> https://t.co/3ZGQ4helV9",1.0,8.0,WEB,#metoo,0.0,0.8598893284797668,0.13053150475025177,0.009579145349562168,-0.8503101831302047,0.8598893284797668,Negative
17142,2017-10-16 23:26:33,2017-10-16,23,Monday,The latest The markxevans Daily! https://t.co/jdtVzjgtQS #kirkuk #metoo,The latest The markxevans Daily! https://t.co/jdtVzjgtQS #kirkuk #metoo,0.0,0.0,Unknown,#metoo,0.0,0.01625431701540947,0.8949066400527954,0.088839091360569,0.07258477434515953,0.8949066400527954,Neutral
15471,2017-10-16 19:16:09,2017-10-16,19,Monday,"The alliance of upstanding men, women, millennials + elders will dilute the patriarchal abuse we all suffer from<e2><80><a6> https://t.co/kFz5EWnlS7","The alliance of upstanding men, women, millennials + elders will dilute the patriarchal abuse we all suffer from<e2><80><a6> https://t.co/kFz5EWnlS7",0.0,2.0,ANDROID,#metoo,0.0,0.09954516589641571,0.7179966568946838,0.18245814740657806,0.08291298151016235,0.7179966568946838,Neutral
14789,2017-10-16 20:15:12,2017-10-16,20,Monday,Every girl's had that asshole boss #metoo #NoMeansNo,Every girl's had that asshole boss #metoo #NoMeansNo,0.0,0.0,IPHONE,#metoo,0.0,0.7347272634506226,0.2434956282377243,0.021777112036943436,-0.7129501514136791,0.7347272634506226,Negative
11622,2017-10-16 20:24:12,2017-10-16,20,Monday,"#MeToo and I was just a kid, *******, but I'll never forget it. <ed><a0><bd><ed><b8><96>","#MeToo and I was just a kid, *******, but I'll never forget it. <ed><a0><bd><ed><b8><96>",0.0,0.0,WEB,#metoo,1.0,0.5407121777534485,0.32570162415504456,0.13358625769615173,-0.40712592005729675,0.5407121777534485,Negative
23688,2017-10-16 19:22:12,2017-10-16,19,Monday,"#MeToo You don<e2><80><99>t understand the pain you<e2><80><99>ve left me,it still haunts me everyday! The first time I was 7,now 16 &amp; it<e2><80><a6> https://t.co/eeXavKjOPT","#MeToo You don<e2><80><99>t understand the pain you<e2><80><99>ve left me,it still haunts me everyday! The first time I was 7,now 16 &amp; it<e2><80><a6> https://t.co/eeXavKjOPT",94.0,539.0,IPHONE,#metoo,0.0,0.907921314239502,0.08244363218545914,0.009635073132812977,-0.898286241106689,0.907921314239502,Negative
26388,2017-10-16 21:52:32,2017-10-16,21,Monday,"10 yrs in the USAF (98-08), as a woman, the greatest traumas I experienced: consistent and persistent sexual harassment &amp; assault. 

#MeToo","10 yrs in the USAF (98-08), as a woman, the greatest traumas I experienced: consistent and persistent sexual harassment &amp; assault. #MeToo",0.0,0.0,ANDROID,#metoo,0.0,0.8739851117134094,0.1125040054321289,0.013510906137526035,-0.8604742055758834,0.8739851117134094,Negative
23757,2017-10-16 23:07:21,2017-10-16,23,Monday,posting this here because she deleted her status before i could send the comment since too many people disagreed wi<e2><80><a6> https://t.co/CZ74KNTz6b,posting this here because she deleted her status before i could send the comment since too many people disagreed wi<e2><80><a6> https://t.co/CZ74KNTz6b,9.0,39.0,WEB,#metoo,0.0,0.7075543403625488,0.28403440117836,0.008411274291574955,-0.6991430660709739,0.7075543403625488,Negative
22294,2017-10-16 20:13:34,2017-10-16,20,Monday,#MeToo And seen people harass my daughter.,#MeToo And seen people harass my daughter.,0.0,0.0,IPHONE,#metoo,0.0,0.8870344758033752,0.1053486242890358,0.007616880815476179,-0.8794175949878991,0.8870344758033752,Negative
24305,2017-10-16 22:40:50,2017-10-16,22,Monday,"#metoo trending, and so it should. I just wish there was this much effort put in to the gun control problem in America. NOW is the time too.","#metoo trending, and so it should. I just wish there was this much effort put in to the gun control problem in America. NOW is the time too.",0.0,0.0,WEB,#metoo,0.0,0.23481374979019165,0.4710821509361267,0.29410412907600403,0.05929037928581238,0.4710821509361267,Neutral
18941,2017-10-16 20:56:19,2017-10-16,20,Monday,How about instead of #metoo all the women who destroyed men's lives by lying about sexual assault said #imacunt,How about instead of #metoo all the women who destroyed men's lives by lying about sexual assault said #imacunt,0.0,0.0,ANDROID,#metoo,0.0,0.8905789256095886,0.10388076305389404,0.005540234502404928,-0.8850386911071837,0.8905789256095886,Negative
3120,2017-10-16 23:46:39,2017-10-16,23,Monday,"""For those who understand, no explanation is necessary; for those who don't understand, no explanation is possible<e2><80><9d> #MeToo","""For those who understand, no explanation is necessary; for those who don't understand, no explanation is possible<e2><80><9d> #MeToo",1.0,3.0,ANDROID,#metoo,0.0,0.3572796583175659,0.5691171288490295,0.07360323518514633,-0.2836764231324196,0.5691171288490295,Neutral
987,2017-10-16 22:45:37,2017-10-16,22,Monday,"@Alyssa_Milano #metoo 1st time &amp; 6 yrs by neighborhood boy who mimicked the act, but had no real clue. 1st of many<e2><80><a6> https://t.co/mcRoBbT9zk","@Alyssa_Milano #metoo 1st time &amp; 6 yrs by neighborhood boy who mimicked the act, but had no real clue. 1st of many<e2><80><a6> https://t.co/mcRoBbT9zk",0.0,0.0,Unknown,#metoo,0.0,0.6493204236030579,0.3325123190879822,0.018167292699217796,-0.6311531309038401,0.6493204236030579,Negative
7027,2017-10-16 20:51:02,2017-10-16,20,Monday,@avnawards @AVNMediaNetwork Hold on hold on. #MeToo Can I be a trophy girl? DJ,@avnawards @AVNMediaNetwork Hold on hold on. #MeToo Can I be a trophy girl? DJ,0.0,0.0,WEB,#metoo,0.0,0.05776920169591904,0.8385646939277649,0.10366612672805786,0.045896925032138824,0.8385646939277649,Neutral
19985,2017-10-16 23:45:56,2017-10-16,23,Monday,"#MeToo, in my mid 50's now. Assaulted daily for 5 years as a small child in foster care, STILL hurts and affects me to this day!","#MeToo, in my mid 50's now. Assaulted daily for 5 years as a small child in foster care, STILL hurts and affects me to this day!",1.0,1.0,ANDROID,#metoo,0.0,0.9189983606338501,0.07298929244279861,0.00801228266209364,-0.9109860779717565,0.9189983606338501,Negative
12297,2017-10-16 22:01:27,2017-10-16,22,Monday,"#MeToo is just more instant jelly initiated by the cream of the snowflake class. Weak, wrongly emotional mind colonisers.","#MeToo is just more instant jelly initiated by the cream of the snowflake class. Weak, wrongly emotional mind colonisers.",0.0,0.0,ANDROID,#metoo,0.0,0.9001557230949402,0.09141504019498825,0.008429331704974174,-0.891726391389966,0.9001557230949402,Negative
21641,2017-10-16 19:05:40,2017-10-16,19,Monday,"If you're a man who's stomach is in knots &amp; palms are sweaty reading these tweets, good. Sweat. It's your turn to feel afraid. #MeToo","If you're a man who's stomach is in knots &amp; palms are sweaty reading these tweets, good. Sweat. It's your turn to feel afraid. #MeToo",0.0,1.0,ANDROID,#metoo,0.0,0.8197294473648071,0.15021398663520813,0.030056500807404518,-0.7896729465574026,0.8197294473648071,Negative
21318,2017-10-16 20:44:57,2017-10-16,20,Monday,"If you'd like to share your #MeToo story, email help@purdueexponent.org.","If you'd like to share your #MeToo story, email help@purdueexponent.org.",4.0,3.0,Unknown,#metoo,0.0,0.022159449756145477,0.8515268564224243,0.1263137310743332,0.10415428131818771,0.8515268564224243,Neutral
10858,2017-10-16 22:01:18,2017-10-16,22,Monday,"never have I shared this before, but #MeToo","never have I shared this before, but #MeToo",0.0,5.0,IPHONE,#metoo,0.0,0.08505036681890488,0.7182822227478027,0.19666747748851776,0.11161711066961288,0.7182822227478027,Neutral
21516,2017-10-16 19:21:10,2017-10-16,19,Monday,The number of us that can honestly say #MeToo should be a real kick in the pants to everyone.  #RespectWomen... https://t.co/4BiS0j4xDo,The number of us that can honestly say #MeToo should be a real kick in the pants to everyone. #RespectWomen... https://t.co/4BiS0j4xDo,0.0,0.0,Unknown,#metoo,0.0,0.5011799335479736,0.42676833271980286,0.07205174118280411,-0.4291281923651695,0.5011799335479736,Negative
4467,2017-10-16 19:45:32,2017-10-16,19,Monday,"#metoo for ourselves, our daughters, our granddaughters, generations past and present!","#metoo for ourselves, our daughters, our granddaughters, generations past and present!",1.0,0.0,IPHONE,#metoo,0.0,0.1649755984544754,0.6850422620773315,0.14998221397399902,-0.01499338448047638,0.6850422620773315,Neutral
13005,2017-10-16 19:02:16,2017-10-16,19,Monday,"If you have a pulse, then some fucking creepy<ed><a0><be><ed><b4><a1>loser has sexually harassed you #MeToo My first time I was crossing the street at 14yrs old<ed><a0><bd><ed><b8><b3><ed><a0><bd><ed><b8><a0>","If you have a pulse, then some fucking creepy<ed><a0><be><ed><b4><a1>loser has sexually harassed you #MeToo My first time I was crossing the street at 14yrs old<ed><a0><bd><ed><b8><b3><ed><a0><bd><ed><b8><a0>",0.0,1.0,IPHONE,#metoo,3.0,0.9057702422142029,0.08666930347681046,0.007560461759567261,-0.8982097804546356,0.9057702422142029,Negative
11192,2017-10-16 19:09:00,2017-10-16,19,Monday,"@UnSubtleDesi https://t.co/bqtz4USr9j

And this one too!

#MeToo",@UnSubtleDesi https://t.co/bqtz4USr9j And this one too! #MeToo,0.0,0.0,ANDROID,#metoo,0.0,0.026280775666236877,0.5636176466941833,0.4101015627384186,0.3838207870721817,0.5636176466941833,Neutral
11801,2017-10-16 23:55:59,2017-10-16,23,Monday,"#MeToo Multiple times, various circumstances, &amp; all differently horrible. It took a long time to recognize + acknowledge the lasting effects","#MeToo Multiple times, various circumstances, &amp; all differently horrible. It took a long time to recognize + acknowledge the lasting effects",0.0,0.0,Unknown,#metoo,0.0,0.8649519681930542,0.12734583020210266,0.007702265400439501,-0.8572497027926147,0.8649519681930542,Negative
11393,2017-10-16 23:12:11,2017-10-16,23,Monday,"Yep, me too. 
#metoo","Yep, me too. #metoo",0.0,2.0,IPHONE,#metoo,0.0,0.12974992394447327,0.4655534327030182,0.40469667315483093,0.27494674921035767,0.4655534327030182,Neutral
6517,2017-10-16 22:42:45,2017-10-16,22,Monday,Some men need re-educating on how 2 treat &amp; #RespectWomen period<ed><a0><bd><ed><b8><9c><ed><a0><bd><ed><b1><8c><ed><a0><bd><ed><b1><8a><ed><a0><bc><ed><bf><bd> #MeToo #StandStrong @SophiaBush @chezLysette @DebraMessing,Some men need re-educating on how 2 treat &amp; #RespectWomen period<ed><a0><bd><ed><b8><9c><ed><a0><bd><ed><b1><8c><ed><a0><bd><ed><b1><8a><ed><a0><bc><ed><bf><bd> #MeToo #StandStrong @SophiaBush @chezLysette @DebraMessing,0.0,0.0,IPHONE,#metoo,4.0,0.3701760470867157,0.5818285346031189,0.047995440661907196,-0.3221806064248085,0.5818285346031189,Neutral
7079,2017-10-16 19:40:48,2017-10-16,19,Monday,Here's where we should take the #MeToo movement next https://t.co/se7hjkTWg8,Here's where we should take the #MeToo movement next https://t.co/se7hjkTWg8,2.0,0.0,Unknown,#metoo,0.0,0.019355323165655136,0.9075995683670044,0.07304507493972778,0.05368975177407265,0.9075995683670044,Neutral
4887,2017-10-16 22:18:51,2017-10-16,22,Monday,My first job on a military base I was 16 harassed twice by two different men who were 3 times my age #MeToo,My first job on a military base I was 16 harassed twice by two different men who were 3 times my age #MeToo,0.0,2.0,IPHONE,#metoo,0.0,0.6095521450042725,0.36141887307167053,0.029028940945863724,-0.5805232040584087,0.6095521450042725,Negative
18485,2017-10-16 22:47:05,2017-10-16,22,Monday,#MeToo Floods #SocialMedia With Stories of Harassment and Assault @nytimes #weinsteinscandal  https://t.co/UGsOgEgpYi,#MeToo Floods #SocialMedia With Stories of Harassment and Assault @nytimes #weinsteinscandal https://t.co/UGsOgEgpYi,0.0,0.0,IPHONE,#metoo,0.0,0.7500279545783997,0.24087105691432953,0.009100980125367641,-0.740926974453032,0.7500279545783997,Negative
26926,2017-10-16 19:25:50,2017-10-16,19,Monday,#MeToo: Thousands of Women Reveal Experiences With Sexual Harassment and Assault https://t.co/H0FaXHYe60,#MeToo: Thousands of Women Reveal Experiences With Sexual Harassment and Assault https://t.co/H0FaXHYe60,0.0,0.0,WEB,#metoo,0.0,0.3208627700805664,0.6558706164360046,0.023266665637493134,-0.2975961044430733,0.6558706164360046,Neutral
20122,2017-10-16 21:58:01,2017-10-16,21,Monday,Why are women posting #MeToo today? Because people like Trump are able to get away with an incredible amount of... https://t.co/IIgOEvfGXt,Why are women posting #MeToo today? Because people like Trump are able to get away with an incredible amount of... https://t.co/IIgOEvfGXt,0.0,0.0,Unknown,#metoo,0.0,0.7011598348617554,0.280540406703949,0.018299762159585953,-0.6828600727021694,0.7011598348617554,Negative
11314,2017-10-16 20:22:36,2017-10-16,20,Monday,Simply posting #MeToo is not enough to stop harassment. Women need to be more supportive of one another instead of victim blaming.,Simply posting #MeToo is not enough to stop harassment. Women need to be more supportive of one another instead of victim blaming.,0.0,0.0,WEB,#metoo,0.0,0.8050932288169861,0.18251560628414154,0.012391098774969578,-0.7927021300420165,0.8050932288169861,Negative
25269,2017-10-16 19:18:48,2017-10-16,19,Monday,Was very concerned about what other people would think but I need people to know that it doesn't define me or make me who I am #metoo,Was very concerned about what other people would think but I need people to know that it doesn't define me or make me who I am #metoo,0.0,1.0,IPHONE,#metoo,0.0,0.5580140948295593,0.4168160557746887,0.02516990154981613,-0.5328441932797432,0.5580140948295593,Negative
14841,2017-10-16 22:20:07,2017-10-16,22,Monday,"@Facebook I spoke out against Sexual Assault, was banned on ur site. Please stop banning women that speak up, ban men that brigade us #metoo","@Facebook I spoke out against Sexual Assault, was banned on ur site. Please stop banning women that speak up, ban men that brigade us #metoo",0.0,0.0,Unknown,#metoo,0.0,0.8658749461174011,0.12781740725040436,0.006307615898549557,-0.8595673302188516,0.8658749461174011,Negative
20363,2017-10-16 20:44:38,2017-10-16,20,Monday,#MeToo Now if only the perpetrators would admit to their wrongdoings and MEN WOULD STOP attacking vulnerable human beings.,#MeToo Now if only the perpetrators would admit to their wrongdoings and MEN WOULD STOP attacking vulnerable human beings.,0.0,0.0,WEB,#metoo,0.0,0.8327965140342712,0.15228484570980072,0.014918572269380093,-0.8178779417648911,0.8327965140342712,Negative
7194,2017-10-16 20:52:22,2017-10-16,20,Monday,"@bethtowle The #MeToo thing emboldened me to talk about my sexual abuse publicly for the first time, transmogrifyin<e2><80><a6> https://t.co/1ZHDNQkhaL","@bethtowle The #MeToo thing emboldened me to talk about my sexual abuse publicly for the first time, transmogrifyin<e2><80><a6> https://t.co/1ZHDNQkhaL",0.0,6.0,IPHONE,#metoo,0.0,0.048717427998781204,0.5468409061431885,0.4044416844844818,0.3557242564857006,0.5468409061431885,Neutral
9342,2017-10-16 20:35:32,2017-10-16,20,Monday,#MeToo . Who is surprised by all these women coming forward? Our culture invites and accepts it. AEB who is in the<e2><80><a6> https://t.co/zfd3ZpCyqC,#MeToo . Who is surprised by all these women coming forward? Our culture invites and accepts it. AEB who is in the<e2><80><a6> https://t.co/zfd3ZpCyqC,0.0,1.0,ANDROID,#metoo,0.0,0.010233606211841106,0.35895925760269165,0.630807101726532,0.6205734955146909,0.630807101726532,Positive
15274,2017-10-16 22:46:32,2017-10-16,22,Monday,"These #MeToo posts just remind me of the time I blacked out and a frat guy took my virginity

Not really in the mood to be reminded of it",These #MeToo posts just remind me of the time I blacked out and a frat guy took my virginity Not really in the mood to be reminded of it,0.0,3.0,IPHONE,#metoo,0.0,0.8988401293754578,0.09478716552257538,0.006372733972966671,-0.8924673954024911,0.8988401293754578,Negative
11995,2017-10-16 22:47:32,2017-10-16,22,Monday,"""@Alyssa_Milano: A moment can create a movement. This is our moment. This is our movement. #MeToo https://t.co/luujewHG8N<e2><80><a6>"" #MeToo","""@Alyssa_Milano: A moment can create a movement. This is our moment. This is our movement. #MeToo https://t.co/luujewHG8N<e2><80><a6>"" #MeToo",3.0,5.0,Unknown,#metoo,0.0,0.012451219372451305,0.42564254999160767,0.5619062781333923,0.549455058760941,0.5619062781333923,Positive
2678,2017-10-16 22:56:23,2017-10-16,22,Monday,"#MeToo When womxn &amp; individuals who have been sexually harassed / assaulted say ""Me too"" as one, we illustrate the magnitude of the problem.","#MeToo When womxn &amp; individuals who have been sexually harassed / assaulted say ""Me too"" as one, we illustrate the magnitude of the problem.",0.0,0.0,Unknown,#metoo,0.0,0.5968610644340515,0.37824568152427673,0.02489321120083332,-0.5719678532332182,0.5968610644340515,Negative
4713,2017-10-16 21:09:44,2017-10-16,21,Monday,"for the record

the 1st time was a family member. i was 8

the last time was downstairs at this luxury hotel in barcelona 5min ago

#metoo",for the record the 1st time was a family member. i was 8 the last time was downstairs at this luxury hotel in barcelona 5min ago #metoo,0.0,2.0,IPHONE,#metoo,0.0,0.01967434398829937,0.8891268968582153,0.09119872003793716,0.0715243760496378,0.8891268968582153,Neutral
11802,2017-10-16 23:22:13,2017-10-16,23,Monday,The taxi driver who insisted I sit in front only to put his hand down my knickers...while driving #metoo,The taxi driver who insisted I sit in front only to put his hand down my knickers...while driving #metoo,0.0,1.0,ANDROID,#metoo,0.0,0.6292063593864441,0.3472800850868225,0.023513540625572205,-0.6056928187608719,0.6292063593864441,Negative
20060,2017-10-16 19:14:44,2017-10-16,19,Monday,Not my fault. Never my fault. #MeToo,Not my fault. Never my fault. #MeToo,0.0,1.0,IPHONE,#metoo,0.0,0.8420074582099915,0.14477738738059998,0.013215205632150173,-0.8287922525778413,0.8420074582099915,Negative
19942,2017-10-16 21:03:15,2017-10-16,21,Monday,My ex looked me in the eyes and told me he was going to rape me and then bent me over the bed #MeToo,My ex looked me in the eyes and told me he was going to rape me and then bent me over the bed #MeToo,1.0,2.0,IPHONE,#metoo,0.0,0.8759852051734924,0.11597108095884323,0.008043668232858181,-0.8679415369406343,0.8759852051734924,Negative
1667,2017-10-16 21:28:12,2017-10-16,21,Monday,#MeToo Becomes Rallying Cry Against Sexual Harassment and<c2><a0>Assault https://t.co/yDZQhw2p0R,#MeToo Becomes Rallying Cry Against Sexual Harassment and<c2><a0>Assault https://t.co/yDZQhw2p0R,0.0,0.0,Unknown,#metoo,0.0,0.4364118278026581,0.5392853021621704,0.02430291473865509,-0.412108913064003,0.5392853021621704,Neutral
4789,2017-10-16 21:14:16,2017-10-16,21,Monday,"My sons have both stood up to publicly say I believe and I will support you. They back it up in their actions

If t<e2><80><a6> https://t.co/6SUXITzNOt",My sons have both stood up to publicly say I believe and I will support you. They back it up in their actions If t<e2><80><a6> https://t.co/6SUXITzNOt,0.0,2.0,IPHONE,#metoo,0.0,0.011292714625597,0.35797780752182007,0.6307294964790344,0.6194367818534374,0.6307294964790344,Positive
12313,2017-10-16 19:14:54,2017-10-16,19,Monday,"Today alone, a friend has told me about a sexual harassment situation she was in at work today. We have to do better. #MeToo","Today alone, a friend has told me about a sexual harassment situation she was in at work today. We have to do better. #MeToo",0.0,4.0,WEB,#metoo,0.0,0.793580174446106,0.19269153475761414,0.013728242367506027,-0.7798519320785999,0.793580174446106,Negative
9299,2017-10-16 23:04:30,2017-10-16,23,Monday,Me too #MeToo,Me too #MeToo,0.0,4.0,IPHONE,#metoo,0.0,0.07976878434419632,0.6041861772537231,0.31604501605033875,0.23627623170614243,0.6041861772537231,Neutral
2309,2017-10-16 21:27:30,2017-10-16,21,Monday,"We just used to call it a bad night; ""date rape"" wasn't a thing #metoo","We just used to call it a bad night; ""date rape"" wasn't a thing #metoo",0.0,0.0,IPHONE,#metoo,0.0,0.782680094242096,0.20739108324050903,0.009928853251039982,-0.772751240991056,0.782680094242096,Negative
22008,2017-10-16 19:25:45,2017-10-16,19,Monday,When the neighborhood #thotpocket posts #metoo <ed><a0><be><ed><b4><b7><ed><a0><bc><ed><bf><bc><e2><80><8d><e2><99><82><ef><b8><8f>,When the neighborhood #thotpocket posts #metoo <ed><a0><be><ed><b4><b7><ed><a0><bc><ed><bf><bc><e2><80><8d><e2><99><82><ef><b8><8f>,0.0,0.0,Unknown,#metoo,1.0,0.36765700578689575,0.6007952690124512,0.031547728925943375,-0.3361092768609524,0.6007952690124512,Neutral
6288,2017-10-16 23:25:18,2017-10-16,23,Monday,In my social circle #metoo is approaching 100%. I<e2><80><99>m so saddened by this yet still hopeful that maybe one of you is unscathed.,In my social circle #metoo is approaching 100%. I<e2><80><99>m so saddened by this yet still hopeful that maybe one of you is unscathed.,0.0,0.0,IPHONE,#metoo,0.0,0.6657235026359558,0.26864317059516907,0.0656333863735199,-0.6000901162624359,0.6657235026359558,Negative
26763,2017-10-16 22:58:02,2017-10-16,22,Monday,Just deleted my tweets bc they made me too sad and sick feeling and they're not even THAT bad #metoo,Just deleted my tweets bc they made me too sad and sick feeling and they're not even THAT bad #metoo,0.0,3.0,IPHONE,#metoo,0.0,0.8674187660217285,0.12108039110898972,0.011500809341669083,-0.8559179566800594,0.8674187660217285,Negative
23866,2017-10-16 19:10:11,2017-10-16,19,Monday,#MeToo more times than I care to recall,#MeToo more times than I care to recall,0.0,1.0,WEB,#metoo,0.0,0.1151304617524147,0.6052221655845642,0.2796473205089569,0.1645168587565422,0.6052221655845642,Neutral
12748,2017-10-16 21:48:55,2017-10-16,21,Monday,"If you worry about posting ""Me, too"" because it might cause shame to others, I have an idea. Type it in all caps and the tag them.
#MeToo","If you worry about posting ""Me, too"" because it might cause shame to others, I have an idea. Type it in all caps and the tag them. #MeToo",0.0,2.0,IPHONE,#metoo,0.0,0.5610257387161255,0.4080740511417389,0.03090016543865204,-0.5301255732774734,0.5610257387161255,Negative
27143,2017-10-16 19:21:29,2017-10-16,19,Monday,"#MeToo 

That<e2><80><99>s all I have to say about that.",#MeToo That<e2><80><99>s all I have to say about that.,0.0,0.0,IPHONE,#metoo,0.0,0.5598027110099792,0.3967645764350891,0.04343273490667343,-0.5163699761033058,0.5598027110099792,Negative
19206,2017-10-16 21:05:03,2017-10-16,21,Monday,Celebrate Recovery helped me to come to terms the fact of my first sexual experience being a rape when l was in HS. #MeToo,Celebrate Recovery helped me to come to terms the fact of my first sexual experience being a rape when l was in HS. #MeToo,0.0,0.0,IPHONE,#metoo,0.0,0.07716461271047592,0.40533244609832764,0.5175029635429382,0.4403383508324623,0.5175029635429382,Positive
9442,2017-10-16 19:40:47,2017-10-16,19,Monday,#MeToo but the onus shouldn't be on survivors to tell; the burden should be on perpetrators to change. https://t.co/icZmnZhUj4,#MeToo but the onus shouldn't be on survivors to tell; the burden should be on perpetrators to change. https://t.co/icZmnZhUj4,0.0,0.0,WEB,#metoo,0.0,0.4115770161151886,0.5660698413848877,0.022353101521730423,-0.3892239145934582,0.5660698413848877,Neutral
5325,2017-10-16 19:07:22,2017-10-16,19,Monday,#MeToo but remember that not every woman that has ever been victimized will say so.,#MeToo but remember that not every woman that has ever been victimized will say so.,0.0,2.0,ANDROID,#metoo,0.0,0.5421935319900513,0.43244460225105286,0.025361837819218636,-0.5168316941708326,0.5421935319900513,Negative
23787,2017-10-16 22:36:33,2017-10-16,22,Monday,"#MeToo
Because staying silent fixes nothing
Because there is strength in all of us
Because there is courage in our numbers 
<ed><a0><bd><ed><b2><aa><ed><a0><bd><ed><b2><aa>",#MeToo Because staying silent fixes nothing Because there is strength in all of us Because there is courage in our numbers <ed><a0><bd><ed><b2><aa><ed><a0><bd><ed><b2><aa>,0.0,2.0,IPHONE,#metoo,1.0,0.11135588586330414,0.54029780626297,0.3483463227748871,0.23699043691158295,0.54029780626297,Neutral
24895,2017-10-16 23:32:05,2017-10-16,23,Monday,A Conservative Comedian Just Made A Sexist <e2><80><9c>Joke<e2><80><9d> Amid #MeToo And Quickly Paid For It https://t.co/qnXI524k42 https://t.co/qnXI524k42,A Conservative Comedian Just Made A Sexist <e2><80><9c>Joke<e2><80><9d> Amid #MeToo And Quickly Paid For It https://t.co/qnXI524k42 https://t.co/qnXI524k42,0.0,0.0,Unknown,#metoo,0.0,0.5272320508956909,0.4432544410228729,0.029513465240597725,-0.4977185856550932,0.5272320508956909,Negative
23119,2017-10-16 21:09:46,2017-10-16,21,Monday,"#MeToo because I still hear the boys at my HS saying ""yeah they are big"" when I put on a shirt with my friends who died of cancer's intitals","#MeToo because I still hear the boys at my HS saying ""yeah they are big"" when I put on a shirt with my friends who died of cancer's intitals",0.0,4.0,ANDROID,#metoo,0.0,0.31100159883499146,0.5696749091148376,0.11932346969842911,-0.19167812913656235,0.5696749091148376,Neutral
3138,2017-10-16 19:39:28,2017-10-16,19,Monday,#MeToo campaign shines light on those sexually harassed or assaulted - ABC News -  via @ABC https://t.co/FmBqkAHdCO,#MeToo campaign shines light on those sexually harassed or assaulted - ABC News - via @ABC https://t.co/FmBqkAHdCO,2.0,1.0,IPHONE,#metoo,0.0,0.018355248495936394,0.791422963142395,0.19022175669670105,0.17186650820076466,0.791422963142395,Neutral
28228,2017-10-16 20:12:36,2017-10-16,20,Monday,@IAmLindsayJones It<e2><80><99>s especially hard when it<e2><80><99>s someone you<e2><80><99>re in a relationship with. You<e2><80><99>re not alone. And we love and believe you. #metoo,@IAmLindsayJones It<e2><80><99>s especially hard when it<e2><80><99>s someone you<e2><80><99>re in a relationship with. You<e2><80><99>re not alone. And we love and believe you. #metoo,0.0,1.0,IPHONE,#metoo,0.0,0.05992033705115318,0.2573402523994446,0.6827394366264343,0.6228190995752811,0.6827394366264343,Positive
13952,2017-10-16 23:46:08,2017-10-16,23,Monday,When I was going through puberty I was grabbed so many times that my mom had to remind me that my body is MY body. #MeToo,When I was going through puberty I was grabbed so many times that my mom had to remind me that my body is MY body. #MeToo,0.0,1.0,IPHONE,#metoo,0.0,0.5016574263572693,0.4591628611087799,0.039179712533950806,-0.4624777138233185,0.5016574263572693,Negative
14432,2017-10-16 19:13:17,2017-10-16,19,Monday,Can't explain. #MeToo,Can't explain. #MeToo,0.0,1.0,ANDROID,#metoo,0.0,0.49157360196113586,0.4322064220905304,0.07621998339891434,-0.4153536185622215,0.49157360196113586,Negative
253,2017-10-16 21:50:21,2017-10-16,21,Monday,"#MeToo 

I have too many to share.",#MeToo I have too many to share.,0.0,0.0,IPHONE,#metoo,0.0,0.26272881031036377,0.560737133026123,0.17653410136699677,-0.086194708943367,0.560737133026123,Neutral
20916,2017-10-16 19:56:46,2017-10-16,19,Monday,"Stayed silent for fear of violence and judgement. Because what happened to me ""wasn't really rape"". #MeToo https://t.co/y8eLvyI95O","Stayed silent for fear of violence and judgement. Because what happened to me ""wasn't really rape"". #MeToo https://t.co/y8eLvyI95O",0.0,6.0,WEB,#metoo,0.0,0.6909104585647583,0.2944529056549072,0.014636595733463764,-0.6762738628312945,0.6909104585647583,Negative
15361,2017-10-16 21:46:52,2017-10-16,21,Monday,"If y<e2><80><99>all think the #MeToo numbers are depressing, imagine the victims who are not hashtagging.","If y<e2><80><99>all think the #MeToo numbers are depressing, imagine the victims who are not hashtagging.",0.0,0.0,IPHONE,#metoo,0.0,0.8624828457832336,0.13001857697963715,0.007498623803257942,-0.8549842219799757,0.8624828457832336,Negative
6047,2017-10-16 21:47:14,2017-10-16,21,Monday,"#Metoo the Dad of the kid I babysat when I was 13, my boss when when I was 19, a taxi driver when I was 25 groped in my 40s on the skytrain","#Metoo the Dad of the kid I babysat when I was 13, my boss when when I was 19, a taxi driver when I was 25 groped in my 40s on the skytrain",0.0,1.0,IPHONE,#metoo,0.0,0.6539463400840759,0.32806703448295593,0.017986560240387917,-0.635959779843688,0.6539463400840759,Negative
5491,2017-10-16 22:30:10,2017-10-16,22,Monday,Me too. A society that excuses sexual harassment is one that enables and is complicit in sexual assault as well. #MeToo,Me too. A society that excuses sexual harassment is one that enables and is complicit in sexual assault as well. #MeToo,0.0,1.0,IPHONE,#metoo,0.0,0.901762843132019,0.09125208109617233,0.006985092535614967,-0.8947777505964041,0.901762843132019,Negative
23363,2017-10-16 20:20:20,2017-10-16,20,Monday,#MeToo Left my loved job at UK supermarket HQ due to disgusting sexual harassment from senior manager. Colleague witnesses &amp; HR did zero,#MeToo Left my loved job at UK supermarket HQ due to disgusting sexual harassment from senior manager. Colleague witnesses &amp; HR did zero,0.0,0.0,IPHONE,#metoo,0.0,0.9213982820510864,0.07210215926170349,0.006499479990452528,-0.9148988020606339,0.9213982820510864,Negative
26316,2017-10-16 19:59:05,2017-10-16,19,Monday,#MeToo why does it have to take  a trending hashtag for people to realize it<e2><80><99>s the wrong thing to do? Sexual assaul<e2><80><a6> https://t.co/by4RHb64l6,#MeToo why does it have to take a trending hashtag for people to realize it<e2><80><99>s the wrong thing to do? Sexual assaul<e2><80><a6> https://t.co/by4RHb64l6,1.0,6.0,IPHONE,#metoo,0.0,0.8993310332298279,0.09560272097587585,0.005066210404038429,-0.8942648228257895,0.8993310332298279,Negative
2322,2017-10-16 21:26:33,2017-10-16,21,Monday,dont u jus wish ppl wld believe women w/o every woman they love having 2 admit they were assaulted to a bunch of strangers online? #metoo,dont u jus wish ppl wld believe women w/o every woman they love having 2 admit they were assaulted to a bunch of strangers online? #metoo,3.0,3.0,WEB,#metoo,0.0,0.7890996336936951,0.20301811397075653,0.007882282137870789,-0.7812173515558243,0.7890996336936951,Negative
8215,2017-10-16 22:18:31,2017-10-16,22,Monday,#MeToo becomes a rallying cry for survivors of sexual<c2><a0>assault https://t.co/Ux4hzaVfQT,#MeToo becomes a rallying cry for survivors of sexual<c2><a0>assault https://t.co/Ux4hzaVfQT,0.0,0.0,Unknown,#metoo,0.0,0.06583724915981293,0.7925168871879578,0.1416458636522293,0.07580861449241638,0.7925168871879578,Neutral
19889,2017-10-16 23:00:53,2017-10-16,23,Monday,I was #raped my 1st yr of College. No I wasn<e2><80><99>t drinking. No I wasn<e2><80><99>t scantily clad. I SHOULD NEVER HAVE TO QUALIFY <e2><80><9c>I WAS RAPED<e2><80><9d>.  #MeToo,I was #raped my 1st yr of College. No I wasn<e2><80><99>t drinking. No I wasn<e2><80><99>t scantily clad. I SHOULD NEVER HAVE TO QUALIFY <e2><80><9c>I WAS RAPED<e2><80><9d>. #MeToo,0.0,2.0,IPHONE,#metoo,0.0,0.8775206804275513,0.1113259568810463,0.011153397150337696,-0.8663672832772136,0.8775206804275513,Negative
14484,2017-10-16 22:14:31,2017-10-16,22,Monday,"#MeToo , sadly.

Finding peace was long and difficult but now the breakdowns are few and far between.

You're not alone in this fight <e2><9d><a4><ef><b8><8f>","#MeToo , sadly. Finding peace was long and difficult but now the breakdowns are few and far between. You're not alone in this fight <e2><9d><a4><ef><b8><8f>",0.0,2.0,ANDROID,#metoo,1.0,0.7986270189285278,0.18235468864440918,0.01901830919086933,-0.7796087097376585,0.7986270189285278,Negative
18534,2017-10-16 20:53:33,2017-10-16,20,Monday,WE CAN AND MUST DO BETTER <ed><a0><bd><ed><b2><94> #MeToo https://t.co/MzYd85NFzv,WE CAN AND MUST DO BETTER <ed><a0><bd><ed><b2><94> #MeToo https://t.co/MzYd85NFzv,3.0,4.0,IPHONE,#metoo,1.0,0.25971144437789917,0.6404791474342346,0.0998094230890274,-0.15990202128887177,0.6404791474342346,Neutral
4568,2017-10-16 22:55:55,2017-10-16,22,Monday,Mixed emotions finally feeling able to scream #METOO,Mixed emotions finally feeling able to scream #METOO,0.0,1.0,WEB,#metoo,0.0,0.02241879142820835,0.3544674217700958,0.623113751411438,0.6006949599832296,0.623113751411438,Positive
5574,2017-10-16 19:41:37,2017-10-16,19,Monday,"#MeToo, because after years of <e2><80><9c>small<e2><80><9d> incidents that I<e2><80><99>ve bared, I now don<e2><80><99>t know where the line is, nor HOW to say no...","#MeToo, because after years of <e2><80><9c>small<e2><80><9d> incidents that I<e2><80><99>ve bared, I now don<e2><80><99>t know where the line is, nor HOW to say no...",1.0,3.0,IPHONE,#metoo,0.0,0.8015372157096863,0.18490059673786163,0.013562132604420185,-0.7879750831052661,0.8015372157096863,Negative
24763,2017-10-16 21:12:49,2017-10-16,21,Monday,"After not seeing him for 8+ years had to look my rapist in the eyes this weekend and pretend nothing had ever happened. 

#MeToo",After not seeing him for 8+ years had to look my rapist in the eyes this weekend and pretend nothing had ever happened. #MeToo,0.0,4.0,IPHONE,#metoo,0.0,0.7167112827301025,0.25161418318748474,0.031674470752477646,-0.6850368119776249,0.7167112827301025,Negative
23654,2017-10-16 22:51:00,2017-10-16,22,Monday,"I've been hesitant to add to #MeToo because I got away, nothing ""really happened"". I was fourteen and waiting for a bus home from school.","I've been hesitant to add to #MeToo because I got away, nothing ""really happened"". I was fourteen and waiting for a bus home from school.",0.0,3.0,WEB,#metoo,0.0,0.6443304419517517,0.3415965735912323,0.014072979800403118,-0.6302574621513486,0.6443304419517517,Negative
1956,2017-10-16 20:04:36,2017-10-16,20,Monday,"Lush nubile forests
Are now barren and startled
Choked, nervous, scared. 

#metoo","Lush nubile forests Are now barren and startled Choked, nervous, scared. #metoo",0.0,0.0,IPHONE,#metoo,0.0,0.8614447116851807,0.13103221356868744,0.007523082196712494,-0.8539216294884682,0.8614447116851807,Negative
13824,2017-10-16 20:37:43,2017-10-16,20,Monday,The dismay from #metoo women (&amp; I am one) re the crickets/silence from men may be what black folks feel when whites stand during anthem.,The dismay from #metoo women (&amp; I am one) re the crickets/silence from men may be what black folks feel when whites stand during anthem.,0.0,0.0,IPHONE,#metoo,0.0,0.3804124593734741,0.5954389572143555,0.024148505181074142,-0.3562639541924,0.5954389572143555,Neutral
21104,2017-10-16 23:30:07,2017-10-16,23,Monday,"#MeToo

I<e2><80><99>m related to him. 

And now he<e2><80><99>s a cop.",#MeToo I<e2><80><99>m related to him. And now he<e2><80><99>s a cop.,0.0,0.0,IPHONE,#metoo,0.0,0.31280624866485596,0.6319518089294434,0.05524187535047531,-0.25756437331438065,0.6319518089294434,Neutral
20247,2017-10-16 22:43:28,2017-10-16,22,Monday,"As a girl, being victimized is something that you are constantly in fear of. Cycles need to break and attitudes need to shift. #MeToo","As a girl, being victimized is something that you are constantly in fear of. Cycles need to break and attitudes need to shift. #MeToo",3.0,20.0,IPHONE,#metoo,0.0,0.8119364380836487,0.17479631304740906,0.013267258182168007,-0.7986691799014807,0.8119364380836487,Negative
5158,2017-10-16 21:15:21,2017-10-16,21,Monday,#metoo It's still incredibly difficult for me to talk about exactly what happened but those who<e2><80><a6> https://t.co/Cl3F0J8xN6,#metoo It's still incredibly difficult for me to talk about exactly what happened but those who<e2><80><a6> https://t.co/Cl3F0J8xN6,0.0,0.0,Unknown,#metoo,0.0,0.8225092887878418,0.1707310974597931,0.006759578827768564,-0.8157497099600732,0.8225092887878418,Negative
17656,2017-10-16 19:47:23,2017-10-16,19,Monday,So many have a #metoo story but feel they don't have a right to share it because it's not 'serious' enough. It's ALWAYS SERIOUS enough,So many have a #metoo story but feel they don't have a right to share it because it's not 'serious' enough. It's ALWAYS SERIOUS enough,0.0,1.0,IPHONE,#metoo,0.0,0.8256697058677673,0.1654370129108429,0.008893236517906189,-0.8167764693498611,0.8256697058677673,Negative
16200,2017-10-16 22:11:12,2017-10-16,22,Monday,"Sorry, but I honestly think #metoo is pointless. We've been screaming about how we've all been sexually harassed/assaulted for YEARS.","Sorry, but I honestly think #metoo is pointless. We've been screaming about how we've all been sexually harassed/assaulted for YEARS.",1.0,28.0,IPHONE,#metoo,0.0,0.9389994740486145,0.056356098502874374,0.004644413478672504,-0.934355060569942,0.9389994740486145,Negative
6074,2017-10-16 23:09:24,2017-10-16,23,Monday,"#MeToo Because ""no thanks"", ""I'm not interested"", and ""fuck off"" weren't enough to keep me from being harassed my e<e2><80><a6> https://t.co/Ost03chaUp","#MeToo Because ""no thanks"", ""I'm not interested"", and ""fuck off"" weren't enough to keep me from being harassed my e<e2><80><a6> https://t.co/Ost03chaUp",0.0,2.0,WEB,#metoo,0.0,0.8713833689689636,0.11934962123632431,0.009266932494938374,-0.8621164364740252,0.8713833689689636,Negative
18630,2017-10-16 23:17:18,2017-10-16,23,Monday,It<e2><80><99>s hard to find a women who hasn<e2><80><99>t been!  #Metoo,It<e2><80><99>s hard to find a women who hasn<e2><80><99>t been! #Metoo,0.0,1.0,IPHONE,#metoo,0.0,0.7378896474838257,0.22693410515785217,0.03517628461122513,-0.7027133628726006,0.7378896474838257,Negative
1786,2017-10-16 20:13:39,2017-10-16,20,Monday,#metoo as a young teenager and through adulthood. Idk any woman in my family who wasn<e2><80><99>t.,#metoo as a young teenager and through adulthood. Idk any woman in my family who wasn<e2><80><99>t.,0.0,0.0,IPHONE,#metoo,0.0,0.7775720357894897,0.21059438586235046,0.011833557859063148,-0.7657384779304266,0.7775720357894897,Negative
20485,2017-10-16 23:32:26,2017-10-16,23,Monday,It breaks my heart seeing all the women with the #metoo hashtag. I know how you feel. It shouldn<e2><80><99>t be this way.,It breaks my heart seeing all the women with the #metoo hashtag. I know how you feel. It shouldn<e2><80><99>t be this way.,0.0,2.0,IPHONE,#metoo,0.0,0.9356785416603088,0.05981637164950371,0.004505041986703873,-0.931173499673605,0.9356785416603088,Negative
14879,2017-10-16 23:32:49,2017-10-16,23,Monday,A Conservative Comedian Just Made A Sexist <e2><80><9c>Joke<e2><80><9d> Amid #MeToo And Quickly Paid For It https://t.co/EqeBjkOe1L https://t.co/EqeBjkOe1L,A Conservative Comedian Just Made A Sexist <e2><80><9c>Joke<e2><80><9d> Amid #MeToo And Quickly Paid For It https://t.co/EqeBjkOe1L https://t.co/EqeBjkOe1L,0.0,0.0,Unknown,#metoo,0.0,0.5272320508956909,0.4432544410228729,0.029513465240597725,-0.4977185856550932,0.5272320508956909,Negative
25830,2017-10-16 21:20:38,2017-10-16,21,Monday,"I just want everyone to know who<e2><80><99>s using the #metoo hashtag that it gets better, I promise. You will thrive, be successful. He did not win.","I just want everyone to know who<e2><80><99>s using the #metoo hashtag that it gets better, I promise. You will thrive, be successful. He did not win.",1.0,2.0,IPHONE,#metoo,0.0,0.19485987722873688,0.3825528621673584,0.4225873053073883,0.22772742807865143,0.4225873053073883,Positive
22965,2017-10-16 23:26:46,2017-10-16,23,Monday,#MeToo did something revolutionary https://t.co/BIHd9PBF5J,#MeToo did something revolutionary https://t.co/BIHd9PBF5J,0.0,0.0,WEB,#metoo,0.0,0.009834143333137035,0.1521265208721161,0.8380393385887146,0.8282051952555776,0.8380393385887146,Positive
53,2017-10-16 22:03:00,2017-10-16,22,Monday,Promising to raise my son better #MeToo,Promising to raise my son better #MeToo,0.0,4.0,IPHONE,#metoo,0.0,0.034486010670661926,0.2715398967266083,0.6939740777015686,0.6594880670309067,0.6939740777015686,Positive
2112,2017-10-16 19:45:23,2017-10-16,19,Monday,"First, I thought you looked really PLAIN. But now you're like a different woman!
by a TV rep at an event. FOR 15 MIN. #MeToo #balancetonporc","First, I thought you looked really PLAIN. But now you're like a different woman! by a TV rep at an event. FOR 15 MIN. #MeToo #balancetonporc",0.0,1.0,WEB,#metoo,0.0,0.577983558177948,0.38249099254608154,0.03952547162771225,-0.5384580865502357,0.577983558177948,Negative
25733,2017-10-16 22:13:49,2017-10-16,22,Monday,#MeToo is bringing me to tears. Me too. Me too. Me too.,#MeToo is bringing me to tears. Me too. Me too. Me too.,0.0,2.0,IPHONE,#metoo,0.0,0.1954909861087799,0.24967709183692932,0.5548319220542908,0.35934093594551086,0.5548319220542908,Positive
10383,2017-10-16 22:23:09,2017-10-16,22,Monday,"#MeToo

Don't holler at us.
Don't force ur number on us.
Don't fucking try and touch us.
And just take no as an answer.

It's not that hard",#MeToo Don't holler at us. Don't force ur number on us. Don't fucking try and touch us. And just take no as an answer. It's not that hard,1.0,2.0,ANDROID,#metoo,0.0,0.8849503397941589,0.10817161202430725,0.006878053303807974,-0.878072286490351,0.8849503397941589,Negative
7249,2017-10-16 21:20:22,2017-10-16,21,Monday,"I have never went what I would consider too far, but for any of the times I've exerted any perceived male power #iamsorry I hear your #MeToo","I have never went what I would consider too far, but for any of the times I've exerted any perceived male power #iamsorry I hear your #MeToo",0.0,3.0,WEB,#metoo,0.0,0.5178460478782654,0.44220131635665894,0.039952587336301804,-0.4778934605419636,0.5178460478782654,Negative
24820,2017-10-16 20:59:52,2017-10-16,20,Monday,"#MondayMorning Sean Hughes #Ophelia #redsun #MeToo #IdLikeToTeach Harvey Weinstein's $250,000 #DementiaCareSummit<ed><a0><bd><ed><b1><87>
<ed><a0><bd><ed><b8><8d><ed><a0><bd><ed><b8><9c>https://t.co/bu9FbgPnOl","#MondayMorning Sean Hughes #Ophelia #redsun #MeToo #IdLikeToTeach Harvey Weinstein's $250,000 #DementiaCareSummit<ed><a0><bd><ed><b1><87> <ed><a0><bd><ed><b8><8d><ed><a0><bd><ed><b8><9c>https://t.co/bu9FbgPnOl",34.0,40.0,WEB,#metoo,3.0,0.2264915406703949,0.7283499836921692,0.045158445835113525,-0.18133309483528137,0.7283499836921692,Neutral
11733,2017-10-16 20:47:43,2017-10-16,20,Monday,@laurenduca They should be. We will be heard! #MeToo,@laurenduca They should be. We will be heard! #MeToo,0.0,0.0,IPHONE,#metoo,0.0,0.023290716111660004,0.28656893968582153,0.6901403665542603,0.6668496504426003,0.6901403665542603,Positive
27569,2017-10-16 21:45:59,2017-10-16,21,Monday,"#MeToo don't have the bravery to share my own story on here, but it means a lot to see so much solidarity.","#MeToo don't have the bravery to share my own story on here, but it means a lot to see so much solidarity.",0.0,8.0,WEB,#metoo,0.0,0.0951891764998436,0.19318470358848572,0.7116261124610901,0.6164369359612465,0.7116261124610901,Positive
17810,2017-10-16 19:17:02,2017-10-16,19,Monday,It makes me sick how many tweets there are in this hashtag but finally you get to speak up and remember you<e2><80><99>re NEVER alone &amp;.  #MeToo,It makes me sick how many tweets there are in this hashtag but finally you get to speak up and remember you<e2><80><99>re NEVER alone &amp;. #MeToo,0.0,1.0,IPHONE,#metoo,0.0,0.8347046375274658,0.13636448979377747,0.028930868953466415,-0.8057737685739994,0.8347046375274658,Negative
12004,2017-10-16 20:09:58,2017-10-16,20,Monday,Have you experienced #sexualviolence? #MeToo https://t.co/Fn7iewlq9X,Have you experienced #sexualviolence? #MeToo https://t.co/Fn7iewlq9X,1.0,0.0,WEB,#metoo,0.0,0.44280943274497986,0.5410752296447754,0.016115322709083557,-0.4266941100358963,0.5410752296447754,Neutral
17310,2017-10-16 19:06:04,2017-10-16,19,Monday,"#MeToo. Hated myself for lacking the guts to expose it. Too risky, no witnesses nor proofs...","#MeToo. Hated myself for lacking the guts to expose it. Too risky, no witnesses nor proofs...",0.0,5.0,Unknown,#metoo,0.0,0.9334872961044312,0.06100302189588547,0.005509736482053995,-0.9279775596223772,0.9334872961044312,Negative
11835,2017-10-16 22:25:27,2017-10-16,22,Monday,"tbh, #MeToo but I really dislike talking about it these days. I don't dwell on it any more and it's unpleasant to rehash.","tbh, #MeToo but I really dislike talking about it these days. I don't dwell on it any more and it's unpleasant to rehash.",0.0,2.0,Unknown,#metoo,0.0,0.92500901222229,0.07011385262012482,0.004877111874520779,-0.9201319003477693,0.92500901222229,Negative
20267,2017-10-16 22:34:33,2017-10-16,22,Monday,had an internet rape troll call me a joke. so that was fun. #metoo,had an internet rape troll call me a joke. so that was fun. #metoo,0.0,0.0,IPHONE,#metoo,0.0,0.19701839983463287,0.3314238488674164,0.47155776619911194,0.27453936636447906,0.47155776619911194,Positive
27184,2017-10-16 23:43:44,2017-10-16,23,Monday,#Metoo: Thousands of women identify themselves as victims of sexual harassment or assault with 'me too' hashtag https://t.co/oNnRDGcay8,#Metoo: Thousands of women identify themselves as victims of sexual harassment or assault with 'me too' hashtag https://t.co/oNnRDGcay8,0.0,0.0,Unknown,#metoo,0.0,0.555993378162384,0.4270559549331665,0.016950666904449463,-0.5390427112579346,0.555993378162384,Negative
15010,2017-10-16 20:32:12,2017-10-16,20,Monday,"#Metoo If all the people who have been sexually harassed or assaulted wrote ""Me too"" as a tweet or status, we<e2><80><99>ll get a sense of the problem.","#Metoo If all the people who have been sexually harassed or assaulted wrote ""Me too"" as a tweet or status, we<e2><80><99>ll get a sense of the problem.",0.0,0.0,IPHONE,#metoo,0.0,0.745114803314209,0.24026180803775787,0.014623411931097507,-0.7304913913831115,0.745114803314209,Negative
12111,2017-10-16 22:44:13,2017-10-16,22,Monday,"Oh hey, yeah #metoo","Oh hey, yeah #metoo",0.0,0.0,IPHONE,#metoo,0.0,0.07745363563299179,0.5477154850959778,0.3748309016227722,0.2973772659897804,0.5477154850959778,Neutral
28347,2017-10-16 19:08:43,2017-10-16,19,Monday,Never in my whole life met a woman who didn<e2><80><99>t came up with her own story when I told mine. It happens everywhere. #Metoo,Never in my whole life met a woman who didn<e2><80><99>t came up with her own story when I told mine. It happens everywhere. #Metoo,3.0,10.0,IPHONE,#metoo,0.0,0.4143756628036499,0.4830421209335327,0.10258226096630096,-0.31179340183734894,0.4830421209335327,Neutral
6573,2017-10-16 22:00:17,2017-10-16,22,Monday,@Alyssa_Milano We will no longer be silenced #MeToo Our movement will be #strong #united #together we will #heal<ed><a0><bd><ed><b9><82>,@Alyssa_Milano We will no longer be silenced #MeToo Our movement will be #strong #united #together we will #heal<ed><a0><bd><ed><b9><82>,0.0,2.0,WEB,#metoo,1.0,0.030272049829363823,0.29287368059158325,0.6768542528152466,0.6465822029858828,0.6768542528152466,Positive
3024,2017-10-16 23:38:06,2017-10-16,23,Monday,"#MeToo and what can I say, it's been a long time.  I think I've recovered but it sure messed up my life.","#MeToo and what can I say, it's been a long time. I think I've recovered but it sure messed up my life.",0.0,0.0,WEB,#metoo,0.0,0.9018193483352661,0.0884270966053009,0.00975350197404623,-0.8920658463612199,0.9018193483352661,Negative
7921,2017-10-16 20:57:16,2017-10-16,20,Monday,no matter if you feel comfortable enough to share your #MeToo story or stay silent: You<e2><80><99>re loved and appreciated. stay safe. &lt;3,no matter if you feel comfortable enough to share your #MeToo story or stay silent: You<e2><80><99>re loved and appreciated. stay safe. &lt;3,8.0,61.0,Unknown,#metoo,0.0,0.042538780719041824,0.2587907910346985,0.6986704468727112,0.6561316661536694,0.6986704468727112,Positive
11325,2017-10-16 22:35:15,2017-10-16,22,Monday,"This #MeToo trend is just the most recent irrational, emotionally-charged movement that most women love. Too many women lie just to join in.","This #MeToo trend is just the most recent irrational, emotionally-charged movement that most women love. Too many women lie just to join in.",0.0,0.0,ANDROID,#metoo,0.0,0.8488237857818604,0.13340584933757782,0.017770348116755486,-0.8310534376651049,0.8488237857818604,Negative
5243,2017-10-16 22:03:01,2017-10-16,22,Monday,So heartbreaking to read all of the #MeToo hashtags today. So much courage shown by so many people who have shared their stories <ed><a0><bd><ed><b1><8f><ed><a0><bc><ed><bf><bc>,So heartbreaking to read all of the #MeToo hashtags today. So much courage shown by so many people who have shared their stories <ed><a0><bd><ed><b1><8f><ed><a0><bc><ed><bf><bc>,0.0,0.0,IPHONE,#metoo,2.0,0.681993305683136,0.24946467578411102,0.0685420036315918,-0.6134513020515442,0.681993305683136,Negative
19077,2017-10-16 20:35:23,2017-10-16,20,Monday,@PattyArquette Is it inappropriate for a man to post #MeToo ? I feel we all need to stand together and share stories,@PattyArquette Is it inappropriate for a man to post #MeToo ? I feel we all need to stand together and share stories,0.0,0.0,ANDROID,#metoo,0.0,0.3278159201145172,0.645918607711792,0.02626541443169117,-0.30155050568282604,0.645918607711792,Neutral
25311,2017-10-16 19:37:30,2017-10-16,19,Monday,@boyblue60171571 so much we start blaming ourselves. #MeToo,@boyblue60171571 so much we start blaming ourselves. #MeToo,0.0,1.0,WEB,#metoo,0.0,0.6895067691802979,0.28674939274787903,0.023743847385048866,-0.665762921795249,0.6895067691802979,Negative
9456,2017-10-16 20:56:10,2017-10-16,20,Monday,So you<e2><80><99>ve said #metoo or you<e2><80><99>ve seen it and are bothered by the stats... What<e2><80><99>s next? How do we change this? What can YOU do you or another?,So you<e2><80><99>ve said #metoo or you<e2><80><99>ve seen it and are bothered by the stats... What<e2><80><99>s next? How do we change this? What can YOU do you or another?,1.0,0.0,IPHONE,#metoo,0.0,0.7693758606910706,0.22184088826179504,0.00878321286290884,-0.7605926478281617,0.7693758606910706,Negative
6259,2017-10-16 19:55:02,2017-10-16,19,Monday,#MeToo - assaulted walking home from a friend<e2><80><99>s house in 2010.,#MeToo - assaulted walking home from a friend<e2><80><99>s house in 2010.,0.0,0.0,IPHONE,#metoo,0.0,0.739266037940979,0.25211086869239807,0.008623061701655388,-0.7306429762393236,0.739266037940979,Negative
12989,2017-10-16 23:20:38,2017-10-16,23,Monday,"@inkedtater I just want you to know that I believe you, and I am here if you need to talk too #MeToo","@inkedtater I just want you to know that I believe you, and I am here if you need to talk too #MeToo",0.0,1.0,ANDROID,#metoo,0.0,0.012569677084684372,0.23973512649536133,0.7476952075958252,0.7351255305111408,0.7476952075958252,Positive
15457,2017-10-16 23:32:01,2017-10-16,23,Monday,"Each #metoo represents dozens of transgressions, groping, flashes, rubbing against, etc, not even counting the verbal or catastrophic cases","Each #metoo represents dozens of transgressions, groping, flashes, rubbing against, etc, not even counting the verbal or catastrophic cases",0.0,0.0,WEB,#metoo,0.0,0.8010256290435791,0.18878379464149475,0.010190586559474468,-0.7908350424841046,0.8010256290435791,Negative
21394,2017-10-16 21:21:31,2017-10-16,21,Monday,#MeToo... in the hopes that someday it will be #NeverAgain https://t.co/VAgr8NPYyE,#MeToo... in the hopes that someday it will be #NeverAgain https://t.co/VAgr8NPYyE,0.0,0.0,Unknown,#metoo,0.0,0.3155244290828705,0.5411710739135742,0.14330452680587769,-0.1722199022769928,0.5411710739135742,Neutral
19057,2017-10-16 20:03:53,2017-10-16,20,Monday,22 Women Share Their Stories of Sexual Assault In the Music Industry<c2><a0>(#MeToo) https://t.co/znMoTMgMN0,22 Women Share Their Stories of Sexual Assault In the Music Industry<c2><a0>(#MeToo) https://t.co/znMoTMgMN0,0.0,0.0,Unknown,#metoo,0.0,0.21688097715377808,0.7594197988510132,0.02369922213256359,-0.19318175502121449,0.7594197988510132,Neutral
24873,2017-10-16 22:01:45,2017-10-16,22,Monday,"Men, we must be better people. Seeing any female tweet #metoo is 100% unacceptable","Men, we must be better people. Seeing any female tweet #metoo is 100% unacceptable",1.0,0.0,Unknown,#metoo,0.0,0.8976628184318542,0.09338726103305817,0.008949829265475273,-0.888712989166379,0.8976628184318542,Negative
12445,2017-10-16 21:24:18,2017-10-16,21,Monday,Lost for words at scale of response to #MeToo - I<e2><80><99>m in awe of your courage. We need to raise our next gen better. Huge respect to you all <ed><a0><bd><ed><b2><9b>,Lost for words at scale of response to #MeToo - I<e2><80><99>m in awe of your courage. We need to raise our next gen better. Huge respect to you all <ed><a0><bd><ed><b2><9b>,1.0,0.0,IPHONE,#metoo,1.0,0.028424479067325592,0.060581695288419724,0.9109938144683838,0.8825693354010582,0.9109938144683838,Positive
13641,2017-10-16 20:32:11,2017-10-16,20,Monday,#Metoo no more words needed...,#Metoo no more words needed...,0.0,0.0,IPHONE,#metoo,0.0,0.2095012664794922,0.6388487815856934,0.15164995193481445,-0.057851314544677734,0.6388487815856934,Neutral
23336,2017-10-16 21:08:16,2017-10-16,21,Monday,"ClimateProgress:The #MeToo campaign is powerful, but does it do enough to fight rape culture? https://t.co/umOl5FbLUZ","ClimateProgress:The #MeToo campaign is powerful, but does it do enough to fight rape culture? https://t.co/umOl5FbLUZ",1.0,0.0,Unknown,#metoo,0.0,0.22133563458919525,0.7110545039176941,0.06760985404253006,-0.1537257805466652,0.7110545039176941,Neutral
72,2017-10-16 23:31:35,2017-10-16,23,Monday,my #metoo stories are too graphic and difficult for me to put into words but I am here if ANYONE ever needs someone to talk to.,my #metoo stories are too graphic and difficult for me to put into words but I am here if ANYONE ever needs someone to talk to.,0.0,3.0,ANDROID,#metoo,0.0,0.6118969917297363,0.3450779318809509,0.043025124818086624,-0.5688718669116497,0.6118969917297363,Negative
10263,2017-10-16 19:48:23,2017-10-16,19,Monday,The unmitigated gall of cops to join in on the #metoo tag. NEVER will I trust another cop. NEVER will I advise a wo<e2><80><a6> https://t.co/KT0H4kGj4J,The unmitigated gall of cops to join in on the #metoo tag. NEVER will I trust another cop. NEVER will I advise a wo<e2><80><a6> https://t.co/KT0H4kGj4J,1.0,0.0,WEB,#metoo,0.0,0.9304068088531494,0.06286371499300003,0.006729503627866507,-0.9236773052252829,0.9304068088531494,Negative
20742,2017-10-16 20:10:34,2017-10-16,20,Monday,"@MaNishtana I mean, yes, men get sexually harassed too and I am here for their #MeToo, but there's a ratio issue happening right now.","@MaNishtana I mean, yes, men get sexually harassed too and I am here for their #MeToo, but there's a ratio issue happening right now.",0.0,0.0,WEB,#metoo,0.0,0.724725067615509,0.26215869188308716,0.013116243295371532,-0.7116088243201375,0.724725067615509,Negative
9351,2017-10-16 21:02:00,2017-10-16,21,Monday,"Why are women posting #metoo on Twitter, Facebook and Instagram and what does it mean? https://t.co/vDU8Mhkibv #Facebook #TechNews","Why are women posting #metoo on Twitter, Facebook and Instagram and what does it mean? https://t.co/vDU8Mhkibv #Facebook #TechNews",0.0,0.0,Unknown,#metoo,0.0,0.11677360534667969,0.8630759716033936,0.020150436088442802,-0.09662316925823689,0.8630759716033936,Neutral
27538,2017-10-16 21:29:28,2017-10-16,21,Monday,"#MeToo

Because I'm tired of letting it define me.",#MeToo Because I'm tired of letting it define me.,0.0,3.0,IPHONE,#metoo,0.0,0.7834466695785522,0.19910693168640137,0.017446408048272133,-0.7660002615302801,0.7834466695785522,Negative
12565,2017-10-16 21:40:13,2017-10-16,21,Monday,"@Alyssa_Milano #MeToo. I reported in '90,  but still till this day have no idea what the department did to him.","@Alyssa_Milano #MeToo. I reported in '90, but still till this day have no idea what the department did to him.",0.0,0.0,ANDROID,#metoo,0.0,0.7181110382080078,0.2694033980369568,0.01248555164784193,-0.7056254865601659,0.7181110382080078,Negative
7638,2017-10-16 19:54:38,2017-10-16,19,Monday,"Don<e2><80><99>t say you have a mother, a sister, a daughter.. Say you have a father, brother, a son who can do better #MeToo <ed><a0><bc><ed><bc><9f>","Don<e2><80><99>t say you have a mother, a sister, a daughter.. Say you have a father, brother, a son who can do better #MeToo <ed><a0><bc><ed><bc><9f>",0.0,0.0,IPHONE,#metoo,1.0,0.5839807391166687,0.3609086275100708,0.05511065572500229,-0.5288700833916664,0.5839807391166687,Negative
15851,2017-10-16 22:54:10,2017-10-16,22,Monday,Unfortunately #metoo,Unfortunately #metoo,0.0,1.0,IPHONE,#metoo,0.0,0.8492481112480164,0.1399356871843338,0.01081620343029499,-0.8384319078177214,0.8492481112480164,Negative
11694,2017-10-16 20:56:19,2017-10-16,20,Monday,<e2><9d><a4><ef><b8><8f> love to all those who are supporting #metoo victims today https://t.co/OC9dDAPjrZ,<e2><9d><a4><ef><b8><8f> love to all those who are supporting #metoo victims today https://t.co/OC9dDAPjrZ,0.0,25.0,Unknown,#metoo,1.0,0.007746486458927393,0.06631466746330261,0.9259388446807861,0.9181923582218587,0.9259388446807861,Positive
5563,2017-10-16 20:11:38,2017-10-16,20,Monday,"If sharing your story isn't part of your healing journey, that's OK. Whether you say #MeToo or not, you are worthy of support &amp; compassion.","If sharing your story isn't part of your healing journey, that's OK. Whether you say #MeToo or not, you are worthy of support &amp; compassion.",4.0,11.0,Unknown,#metoo,0.0,0.23451204597949982,0.626331627368927,0.1391562968492508,-0.09535574913024902,0.626331627368927,Neutral
2307,2017-10-16 19:08:27,2017-10-16,19,Monday,Big Girls Do Cry - a story about men in power and underage sex. #MeToo https://t.co/jmsKYiM6pG,Big Girls Do Cry - a story about men in power and underage sex. #MeToo https://t.co/jmsKYiM6pG,0.0,0.0,WEB,#metoo,0.0,0.423806756734848,0.5462055802345276,0.029987694695591927,-0.3938190620392561,0.5462055802345276,Neutral
15734,2017-10-16 19:53:32,2017-10-16,19,Monday,#metoo Wake County NC county pol at a watch party. Tongue went right in my ear. Still puzzled by that. Old attorney<e2><80><a6> https://t.co/Vx3C07AyfO,#metoo Wake County NC county pol at a watch party. Tongue went right in my ear. Still puzzled by that. Old attorney<e2><80><a6> https://t.co/Vx3C07AyfO,0.0,1.0,IPHONE,#metoo,0.0,0.7863118052482605,0.20498736202716827,0.00870083924382925,-0.7776109660044312,0.7863118052482605,Negative
12124,2017-10-16 19:10:35,2017-10-16,19,Monday,I may have to do another #metoo thread... I have a lot to say.,I may have to do another #metoo thread... I have a lot to say.,0.0,8.0,IPHONE,#metoo,0.0,0.07442782074213028,0.6484248042106628,0.2771473824977875,0.2027195617556572,0.6484248042106628,Neutral
10973,2017-10-16 19:01:28,2017-10-16,19,Monday,"If ALL women who've been sexually harassed/assaulted wrote #MeToo as their status, there'd be a sense of the magnitude of the problem.","If ALL women who've been sexually harassed/assaulted wrote #MeToo as their status, there'd be a sense of the magnitude of the problem.",0.0,1.0,ANDROID,#metoo,0.0,0.47219809889793396,0.4857708513736725,0.04203104227781296,-0.430167056620121,0.4857708513736725,Neutral
19403,2017-10-16 19:07:25,2017-10-16,19,Monday,"#metoo

And so very much this. Survivors don<e2><80><99>t owe you anything. https://t.co/lWMxC0T2nM",#metoo And so very much this. Survivors don<e2><80><99>t owe you anything. https://t.co/lWMxC0T2nM,0.0,1.0,IPHONE,#metoo,0.0,0.8564814329147339,0.13568244874477386,0.007836108095943928,-0.84864532481879,0.8564814329147339,Negative
16749,2017-10-16 19:12:36,2017-10-16,19,Monday,"I'm not surprised by the amount of #metoo statuses and tweets. That doesn't make it hurt any less. I see you, I hear you, I support you. <e2><9d><a4><ef><b8><8f>","I'm not surprised by the amount of #metoo statuses and tweets. That doesn't make it hurt any less. I see you, I hear you, I support you. <e2><9d><a4><ef><b8><8f>",0.0,6.0,IPHONE,#metoo,1.0,0.6307907700538635,0.3173068165779114,0.051902398467063904,-0.5788883715867996,0.6307907700538635,Negative
16518,2017-10-16 23:59:03,2017-10-16,23,Monday,frightening #metoo to be physically smaller,frightening #metoo to be physically smaller,0.0,0.0,WEB,#metoo,0.0,0.39019647240638733,0.5429604053497314,0.06684314459562302,-0.3233533278107643,0.5429604053497314,Neutral
16950,2017-10-16 21:07:42,2017-10-16,21,Monday,#metoo For all of the women that have been sexually assaulted or harassed <ed><a0><bd><ed><b2><9c>#metoo #women #daughters https://t.co/lsFlr9BSio,#metoo For all of the women that have been sexually assaulted or harassed <ed><a0><bd><ed><b2><9c>#metoo #women #daughters https://t.co/lsFlr9BSio,0.0,0.0,Unknown,#metoo,1.0,0.790247917175293,0.19812028110027313,0.011631887406110764,-0.7786160297691822,0.790247917175293,Negative
14306,2017-10-16 20:01:16,2017-10-16,20,Monday,"A guy tried to get me to go home with him, then when I wouldn't he said if I drank the drink he was offering I would change my mind. #metoo","A guy tried to get me to go home with him, then when I wouldn't he said if I drank the drink he was offering I would change my mind. #metoo",0.0,0.0,IPHONE,#metoo,0.0,0.6059377193450928,0.3760582506656647,0.01800406724214554,-0.5879336521029472,0.6059377193450928,Negative
13080,2017-10-16 23:37:55,2017-10-16,23,Monday,And just to be clear: Rhetoric like this is why so many queer people were  left saying #MeToo today. https://t.co/MkKtvkILjJ,And just to be clear: Rhetoric like this is why so many queer people were left saying #MeToo today. https://t.co/MkKtvkILjJ,0.0,1.0,IPHONE,#metoo,0.0,0.6936202645301819,0.2916584610939026,0.014721314422786236,-0.6788989501073956,0.6936202645301819,Negative
7390,2017-10-16 20:02:35,2017-10-16,20,Monday,"I<e2><80><99>ve not been harassed or assaulted. Thinking about #MeToo posts, I caught myself thinking <e2><80><9c>I<e2><80><99>m glad I<e2><80><99>m not part of the problem<e2><80><9d>, BUT 1/6","I<e2><80><99>ve not been harassed or assaulted. Thinking about #MeToo posts, I caught myself thinking <e2><80><9c>I<e2><80><99>m glad I<e2><80><99>m not part of the problem<e2><80><9d>, BUT 1/6",0.0,0.0,WEB,#metoo,0.0,0.23463600873947144,0.4400476813316345,0.32531630992889404,0.09068030118942261,0.4400476813316345,Neutral
10157,2017-10-16 19:23:05,2017-10-16,19,Monday,"Retweeted jenrusso (@jenrusso):

Women are posting #MeToo on social media, but it<e2><80><99>s men who need to stop sexual... https://t.co/mzHUMMBPKu","Retweeted jenrusso (@jenrusso): Women are posting #MeToo on social media, but it<e2><80><99>s men who need to stop sexual... https://t.co/mzHUMMBPKu",0.0,0.0,Unknown,#metoo,0.0,0.34416237473487854,0.6314886808395386,0.024348948150873184,-0.31981342658400536,0.6314886808395386,Neutral
10102,2017-10-16 21:26:10,2017-10-16,21,Monday,@gretchenwhitmer said #MeToo in 2013 in one of the most brave and inspiring speeches I've ever seen. A good reminde<e2><80><a6> https://t.co/8KDsSbkQzl,@gretchenwhitmer said #MeToo in 2013 in one of the most brave and inspiring speeches I've ever seen. A good reminde<e2><80><a6> https://t.co/8KDsSbkQzl,0.0,0.0,WEB,#metoo,0.0,0.004685875028371811,0.0333259217441082,0.9619881510734558,0.957302276045084,0.9619881510734558,Positive
18186,2017-10-16 20:37:44,2017-10-16,20,Monday,#LoveMyBoss ME #NationalBossDay #LikeABoss wouldn't have it no other way #zerotolerance at my office when comes to<e2><80><a6> https://t.co/5oPbUx5JNz,#LoveMyBoss ME #NationalBossDay #LikeABoss wouldn't have it no other way #zerotolerance at my office when comes to<e2><80><a6> https://t.co/5oPbUx5JNz,0.0,1.0,WEB,#metoo,0.0,0.008099262602627277,0.06422382593154907,0.9276769757270813,0.919577713124454,0.9276769757270813,Positive
12441,2017-10-16 23:04:02,2017-10-16,23,Monday,"#metoo
Was once told by an employment recruiter that I was a ""sexual harassment liability"". Really? Not the pervs y<e2><80><a6> https://t.co/0HDHUeeU3u","#metoo Was once told by an employment recruiter that I was a ""sexual harassment liability"". Really? Not the pervs y<e2><80><a6> https://t.co/0HDHUeeU3u",0.0,1.0,IPHONE,#metoo,0.0,0.8897202610969543,0.10400404781103134,0.006275713909417391,-0.883444547187537,0.8897202610969543,Negative
25989,2017-10-16 22:27:53,2017-10-16,22,Monday,@tommychong That's in really poor taste given the larger discussion going on in the world today #MeToo,@tommychong That's in really poor taste given the larger discussion going on in the world today #MeToo,0.0,2.0,Unknown,#metoo,0.0,0.8993585705757141,0.09453314542770386,0.0061082844622433186,-0.8932502861134708,0.8993585705757141,Negative
19416,2017-10-16 19:53:41,2017-10-16,19,Monday,To The Men on the Other Side of #MeToo https://t.co/lvO1CC1ZhR via @johnpavlovitz,To The Men on the Other Side of #MeToo https://t.co/lvO1CC1ZhR via @johnpavlovitz,0.0,0.0,WEB,#metoo,0.0,0.034334637224674225,0.9136626124382019,0.05200280249118805,0.017668165266513824,0.9136626124382019,Neutral
15549,2017-10-16 20:28:21,2017-10-16,20,Monday,The fact that I<e2><80><99>m scared to participate in #MeToo says it all about the way victims risk being treated and the insensitivity they face.,The fact that I<e2><80><99>m scared to participate in #MeToo says it all about the way victims risk being treated and the insensitivity they face.,174.0,792.0,IPHONE,#metoo,0.0,0.9173400402069092,0.0779549777507782,0.004704960156232119,-0.9126350800506771,0.9173400402069092,Negative
26689,2017-10-16 23:28:44,2017-10-16,23,Monday,#MeToo because harassment is everywhere.,#MeToo because harassment is everywhere.,0.0,1.0,IPHONE,#metoo,0.0,0.814696729183197,0.16418680548667908,0.021116433665156364,-0.7935802955180407,0.814696729183197,Negative
181,2017-10-16 22:00:39,2017-10-16,22,Monday,"3 of us in the 1 night- I was pinned against a wall while she was half naked and trying to kiss me. 3 of us, none of us spoke out. #MeToo","3 of us in the 1 night- I was pinned against a wall while she was half naked and trying to kiss me. 3 of us, none of us spoke out. #MeToo",0.0,1.0,IPHONE,#metoo,0.0,0.5763132572174072,0.4028136134147644,0.020873140543699265,-0.555440116673708,0.5763132572174072,Negative
11503,2017-10-16 23:19:05,2017-10-16,23,Monday,"#metoo
<e2><80><9c>did you say no?
<e2><80><9c>yeah<e2><80><9d>
<e2><80><9c>well, what were you wearing?<e2><80><9d>","#metoo <e2><80><9c>did you say no? <e2><80><9c>yeah<e2><80><9d> <e2><80><9c>well, what were you wearing?<e2><80><9d>",0.0,1.0,IPHONE,#metoo,0.0,0.2976333796977997,0.6712305545806885,0.031136078760027885,-0.2664973009377718,0.6712305545806885,Neutral
25236,2017-10-16 22:26:52,2017-10-16,22,Monday,These #MeToo posts make me sad and also hopeful my daughter will face a better world for it.,These #MeToo posts make me sad and also hopeful my daughter will face a better world for it.,0.0,7.0,Unknown,#metoo,0.0,0.7618288993835449,0.19827085733413696,0.03990018367767334,-0.7219287157058716,0.7618288993835449,Negative
28120,2017-10-16 22:32:14,2017-10-16,22,Monday,"When both of your parents post #MeToo 

<ed><a0><bd><ed><b2><94> It has to end. It just has to. https://t.co/WisIFprVgf",When both of your parents post #MeToo <ed><a0><bd><ed><b2><94> It has to end. It just has to. https://t.co/WisIFprVgf,0.0,2.0,IPHONE,#metoo,1.0,0.6924852728843689,0.28525587916374207,0.02225891500711441,-0.6702263578772545,0.6924852728843689,Negative
24926,2017-10-16 19:22:56,2017-10-16,19,Monday,"""Well it might make it awkward if you say something.."" #MeToo","""Well it might make it awkward if you say something.."" #MeToo",0.0,2.0,IPHONE,#metoo,0.0,0.5874537825584412,0.4005400836467743,0.012006168253719807,-0.5754476143047214,0.5874537825584412,Negative
28079,2017-10-16 21:45:57,2017-10-16,21,Monday,Was going to confess that I didn't think #metoo applied ... but then remembered it did. So many things our memory papers over.,Was going to confess that I didn't think #metoo applied ... but then remembered it did. So many things our memory papers over.,0.0,0.0,WEB,#metoo,0.0,0.48674285411834717,0.4774497151374817,0.03580741584300995,-0.4509354382753372,0.48674285411834717,Negative
5599,2017-10-16 22:47:19,2017-10-16,22,Monday,"Blame the offender, not the victim.  #MeToo","Blame the offender, not the victim. #MeToo",0.0,0.0,IPHONE,#metoo,0.0,0.6553599238395691,0.33041244745254517,0.014227633364498615,-0.6411322904750705,0.6553599238395691,Negative
23640,2017-10-16 19:03:11,2017-10-16,19,Monday,"#metoo but Jesus heals and I no longer walk in shame. 

My heart goes out to those who could say #metoo but you... https://t.co/jTshyRjlPF",#metoo but Jesus heals and I no longer walk in shame. My heart goes out to those who could say #metoo but you... https://t.co/jTshyRjlPF,0.0,1.0,Unknown,#metoo,0.0,0.11431688815355301,0.37867259979248047,0.5070105195045471,0.3926936313509941,0.5070105195045471,Positive
3327,2017-10-16 20:55:41,2017-10-16,20,Monday,Can we report emotional and mental abuse? Sadly those things might have a longer lasting impact than physical abuse #metoo,Can we report emotional and mental abuse? Sadly those things might have a longer lasting impact than physical abuse #metoo,1.0,2.0,WEB,#metoo,0.0,0.8375429511070251,0.15541532635688782,0.007041748613119125,-0.830501202493906,0.8375429511070251,Negative
23962,2017-10-16 22:03:56,2017-10-16,22,Monday,"seeing all the #MeToo tags from friends fucks me up, hate this feeling of helplessness","seeing all the #MeToo tags from friends fucks me up, hate this feeling of helplessness",0.0,18.0,WEB,#metoo,0.0,0.955814778804779,0.0393449142575264,0.004840360954403877,-0.9509744178503752,0.955814778804779,Negative
27579,2017-10-16 21:15:19,2017-10-16,21,Monday,"Some thoughts on the question of ""what are we going to do about the pervasiveness of sexual assault?""

#metoo 

https://t.co/c77d1z18Sg","Some thoughts on the question of ""what are we going to do about the pervasiveness of sexual assault?"" #metoo https://t.co/c77d1z18Sg",2.0,0.0,IPHONE,#metoo,0.0,0.22733600437641144,0.7564042210578918,0.01625978574156761,-0.21107621863484383,0.7564042210578918,Neutral
6239,2017-10-16 23:15:09,2017-10-16,23,Monday,#Metoo: Thousands of women identify themselves as victims of sexual harassment or assault with 'me t... https://t.co/0B02hhJTyO,#Metoo: Thousands of women identify themselves as victims of sexual harassment or assault with 'me t... https://t.co/0B02hhJTyO,0.0,0.0,Unknown,#metoo,0.0,0.6298306584358215,0.35928773880004883,0.010881655849516392,-0.6189490025863051,0.6298306584358215,Negative
14837,2017-10-16 22:22:12,2017-10-16,22,Monday,"#MeToo
Because when I said no you shouldn't have taken it as an invitation to challenge my consent. No means no.",#MeToo Because when I said no you shouldn't have taken it as an invitation to challenge my consent. No means no.,0.0,1.0,IPHONE,#metoo,0.0,0.7438337802886963,0.24728353321552277,0.008882645517587662,-0.7349511347711086,0.7438337802886963,Negative
11273,2017-10-16 23:40:06,2017-10-16,23,Monday,"#MeToo i was 15 at a party, when a guy who i considered one of my ""friends"" didn't take a ""no"" for an answer. https://t.co/hhdqGL5FjE","#MeToo i was 15 at a party, when a guy who i considered one of my ""friends"" didn't take a ""no"" for an answer. https://t.co/hhdqGL5FjE",0.0,1.0,IPHONE,#metoo,0.0,0.3708561956882477,0.5876424312591553,0.04150134697556496,-0.3293548487126827,0.5876424312591553,Neutral
20813,2017-10-16 19:48:50,2017-10-16,19,Monday,Props to @bbcrajiniV for sharing. I've never spoken to a female colleague about it that didn't have a #Metoo story. https://t.co/xkrlv2ts97,Props to @bbcrajiniV for sharing. I've never spoken to a female colleague about it that didn't have a #Metoo story. https://t.co/xkrlv2ts97,1.0,0.0,WEB,#metoo,0.0,0.024533268064260483,0.1737300157546997,0.8017367124557495,0.777203444391489,0.8017367124557495,Positive
13882,2017-10-16 19:17:09,2017-10-16,19,Monday,"notice how there<e2><80><99>s no <e2><80><98>men<e2><80><99> or <e2><80><98>women<e2><80><99> in this, like it even matters. this is for all victims #MeToo https://t.co/9AkFolXcgK","notice how there<e2><80><99>s no <e2><80><98>men<e2><80><99> or <e2><80><98>women<e2><80><99> in this, like it even matters. this is for all victims #MeToo https://t.co/9AkFolXcgK",0.0,5.0,IPHONE,#metoo,0.0,0.3684755861759186,0.5746038556098938,0.05692051723599434,-0.31155506893992424,0.5746038556098938,Neutral
22889,2017-10-16 21:48:56,2017-10-16,21,Monday,"#MeToo
Never give up on life<ed><a0><bd><ed><b2><93><ed><a0><bc><ed><bc><8d>
Especially those of Women<ed><a0><bd><ed><b1><ad>
Respect Human Rights &amp; life<ed><a0><bd><ed><ba><bc>
#OneLove<ed><a0><bd><ed><b2><93><e2><80><a6> https://t.co/Zcfi6fecfa",#MeToo Never give up on life<ed><a0><bd><ed><b2><93><ed><a0><bc><ed><bc><8d> Especially those of Women<ed><a0><bd><ed><b1><ad> Respect Human Rights &amp; life<ed><a0><bd><ed><ba><bc> #OneLove<ed><a0><bd><ed><b2><93><e2><80><a6> https://t.co/Zcfi6fecfa,0.0,0.0,ANDROID,#metoo,4.0,0.19657760858535767,0.6194605827331543,0.18396179378032684,-0.012615814805030823,0.6194605827331543,Neutral
20559,2017-10-16 23:39:19,2017-10-16,23,Monday,your pain is valid and so are you. we'll heal.  #metoo,your pain is valid and so are you. we'll heal. #metoo,0.0,2.0,ANDROID,#metoo,0.0,0.07266198098659515,0.3662799596786499,0.5610580444335938,0.4883960634469986,0.5610580444335938,Positive
12507,2017-10-16 22:54:17,2017-10-16,22,Monday,It<e2><80><99>s been 27 years but I still remember it like yesterday. #MeToo,It<e2><80><99>s been 27 years but I still remember it like yesterday. #MeToo,0.0,2.0,IPHONE,#metoo,0.0,0.281234472990036,0.5201368927955627,0.19862858951091766,-0.08260588347911835,0.5201368927955627,Neutral
20648,2017-10-16 20:49:33,2017-10-16,20,Monday,Me too. #MeToo,Me too. #MeToo,0.0,0.0,ANDROID,#metoo,0.0,0.06320705264806747,0.5410102605819702,0.3957826495170593,0.33257559686899185,0.5410102605819702,Neutral
27788,2017-10-16 23:16:43,2017-10-16,23,Monday,#MeToo for seven family members https://t.co/l2crtuFV5q,#MeToo for seven family members https://t.co/l2crtuFV5q,0.0,0.0,IPHONE,#metoo,0.0,0.06126547232270241,0.855498731136322,0.08323581516742706,0.021970342844724655,0.855498731136322,Neutral
5591,2017-10-16 20:34:09,2017-10-16,20,Monday,"#MeToo because theres not a difference between no &amp; still no. And no I'm not flirting nor insinuating anything different, whats not to get?","#MeToo because theres not a difference between no &amp; still no. And no I'm not flirting nor insinuating anything different, whats not to get?",0.0,0.0,IPHONE,#metoo,0.0,0.4007605016231537,0.5575553774833679,0.04168413579463959,-0.3590763658285141,0.5575553774833679,Neutral
2592,2017-10-16 20:14:46,2017-10-16,20,Monday,I can<e2><80><99>t believe we need a trend to validate sexual harassment survivors. #metoo,I can<e2><80><99>t believe we need a trend to validate sexual harassment survivors. #metoo,0.0,1.0,IPHONE,#metoo,0.0,0.9131343960762024,0.08095396310091019,0.005911673419177532,-0.9072227226570249,0.9131343960762024,Negative
5878,2017-10-16 20:25:34,2017-10-16,20,Monday,"#MeToo a neighbor, our babysitter's dad","#MeToo a neighbor, our babysitter's dad",0.0,0.0,WEB,#metoo,0.0,0.10318496078252792,0.8264156579971313,0.07039940357208252,-0.032785557210445404,0.8264156579971313,Neutral
24669,2017-10-16 22:43:57,2017-10-16,22,Monday,"Me too. Thank you, to all the women who risked being triggered by unwanted memories, and being brave. I salute you. #StandTogether #MeToo","Me too. Thank you, to all the women who risked being triggered by unwanted memories, and being brave. I salute you. #StandTogether #MeToo",0.0,0.0,IPHONE,#metoo,0.0,0.027994193136692047,0.11148866266012192,0.8605170845985413,0.8325228914618492,0.8605170845985413,Positive
22812,2017-10-16 19:09:46,2017-10-16,19,Monday,"If #MeToo has affected you, there are a number of support agencies that can help. @AtalyFro @newpathways_ @WelshWomensAid #supportsurvivors","If #MeToo has affected you, there are a number of support agencies that can help. @AtalyFro @newpathways_ @WelshWomensAid #supportsurvivors",2.0,3.0,IPHONE,#metoo,0.0,0.03161436319351196,0.6340817809104919,0.3343038558959961,0.30268949270248413,0.6340817809104919,Neutral
3146,2017-10-16 22:55:32,2017-10-16,22,Monday,To every little girl that felt that it was their fault for trusting an adult #MeToo,To every little girl that felt that it was their fault for trusting an adult #MeToo,2.0,5.0,IPHONE,#metoo,0.0,0.75698322057724,0.22825706005096436,0.014759773388504982,-0.742223447188735,0.75698322057724,Negative
9,2017-10-16 23:52:22,2017-10-16,23,Monday,I didnt say no. I didnt say anything because i wasn't conscious #MeToo,I didnt say no. I didnt say anything because i wasn't conscious #MeToo,0.0,0.0,ANDROID,#metoo,0.0,0.3569127321243286,0.6097826361656189,0.03330462425947189,-0.3236081078648567,0.6097826361656189,Neutral
27180,2017-10-16 21:48:19,2017-10-16,21,Monday,#MeToo not sure if this the same...live with married couple. All w/e hub kept making crude jokes. Felt harassed by the time I went to bed.,#MeToo not sure if this the same...live with married couple. All w/e hub kept making crude jokes. Felt harassed by the time I went to bed.,0.0,0.0,ANDROID,#metoo,0.0,0.8549230098724365,0.1390507072210312,0.0060262964107096195,-0.8488967134617269,0.8549230098724365,Negative
13634,2017-10-16 23:16:40,2017-10-16,23,Monday,"I'm not very active on Twitter, but this one feels important.  #MeToo","I'm not very active on Twitter, but this one feels important. #MeToo",0.0,1.0,IPHONE,#metoo,0.0,0.019158344715833664,0.21399497985839844,0.7668467164039612,0.7476883716881275,0.7668467164039612,Positive
22386,2017-10-16 20:03:58,2017-10-16,20,Monday,"#MeToo My cousin at the time went in my room while I was asleep, ran their hands under my shirt and kissed me. Fucked me up for a while.","#MeToo My cousin at the time went in my room while I was asleep, ran their hands under my shirt and kissed me. Fucked me up for a while.",0.0,0.0,ANDROID,#metoo,0.0,0.8798210620880127,0.11260763555765152,0.007571305613964796,-0.8722497564740479,0.8798210620880127,Negative
25214,2017-10-16 23:47:17,2017-10-16,23,Monday,@crystalchappell @KristaVernoff It<e2><80><99>s not just Hollywood. It<e2><80><99>s an everyday occurrence with women everywhere. #MeToo,@crystalchappell @KristaVernoff It<e2><80><99>s not just Hollywood. It<e2><80><99>s an everyday occurrence with women everywhere. #MeToo,1.0,2.0,IPHONE,#metoo,0.0,0.4058907628059387,0.54877769947052,0.04533155634999275,-0.36055920645594597,0.54877769947052,Neutral
10762,2017-10-16 23:17:36,2017-10-16,23,Monday,#MeToo I worked in a world full of men . ( ironworker) and I was harassed all the time . I reported it to the general contractor.,#MeToo I worked in a world full of men . ( ironworker) and I was harassed all the time . I reported it to the general contractor.,0.0,1.0,IPHONE,#metoo,0.0,0.8335803747177124,0.15500475466251373,0.011414921842515469,-0.8221654528751969,0.8335803747177124,Negative
7181,2017-10-16 23:08:42,2017-10-16,23,Monday,#MeToo. My story. A new post resurrecting #fiveyearnapper: https://t.co/sAWPT0d6OC,#MeToo. My story. A new post resurrecting #fiveyearnapper: https://t.co/sAWPT0d6OC,2.0,15.0,WEB,#metoo,0.0,0.009180041030049324,0.7517754435539246,0.2390444427728653,0.22986440174281597,0.7517754435539246,Neutral
18837,2017-10-16 23:39:25,2017-10-16,23,Monday,@SenFeinstein Where do I start? #metoo,@SenFeinstein Where do I start? #metoo,0.0,0.0,IPHONE,#metoo,0.0,0.09149409830570221,0.8818367719650269,0.02666913904249668,-0.06482495926320553,0.8818367719650269,Neutral
16882,2017-10-16 20:49:04,2017-10-16,20,Monday,"Actually saying it happens? Truly a disruptive idea. ;) Oh, and #metoo. And like most, #morethanonce .<e2><80><a6> https://t.co/rZurDjIV1e","Actually saying it happens? Truly a disruptive idea. ;) Oh, and #metoo. And like most, #morethanonce .<e2><80><a6> https://t.co/rZurDjIV1e",1.0,3.0,WEB,#metoo,0.0,0.783766508102417,0.18776702880859375,0.028466492891311646,-0.7553000152111053,0.783766508102417,Negative
6064,2017-10-16 19:29:19,2017-10-16,19,Monday,"#MeToo   by family physician, a boss, high school friends, friend's friend....the list goes on .","#MeToo by family physician, a boss, high school friends, friend's friend....the list goes on .",0.0,0.0,WEB,#metoo,0.0,0.28509578108787537,0.6672187447547913,0.047685470432043076,-0.2374103106558323,0.6672187447547913,Neutral
7414,2017-10-16 22:45:11,2017-10-16,22,Monday,Kudos to @Alyssa_Milano and all the women who are posting for their #bravery #Metoo #sexualassaultawareness #DomesticViolence #Overcomers,Kudos to @Alyssa_Milano and all the women who are posting for their #bravery #Metoo #sexualassaultawareness #DomesticViolence #Overcomers,0.0,0.0,IPHONE,#metoo,0.0,0.03381715714931488,0.17554746568202972,0.790635347366333,0.7568181902170181,0.790635347366333,Positive
7693,2017-10-16 19:29:25,2017-10-16,19,Monday,#MeToo The steeling yourself feeling when you have to pass a group of men &amp; you're about to be the entertainment,#MeToo The steeling yourself feeling when you have to pass a group of men &amp; you're about to be the entertainment,0.0,1.0,ANDROID,#metoo,0.0,0.11499157547950745,0.6440041661262512,0.24100430309772491,0.12601272761821747,0.6440041661262512,Neutral
13399,2017-10-16 23:28:11,2017-10-16,23,Monday,"#MeToo. But I<e2><80><99>m a big girl/tough girl/tall girl, so I should be able to handle myself, right? <ed><a0><bd><ed><b9><84><ed><a0><bd><ed><b6><95><ed><a0><bc><ed><bf><bc>","#MeToo. But I<e2><80><99>m a big girl/tough girl/tall girl, so I should be able to handle myself, right? <ed><a0><bd><ed><b9><84><ed><a0><bd><ed><b6><95><ed><a0><bc><ed><bf><bc>",0.0,0.0,IPHONE,#metoo,3.0,0.07253053784370422,0.531827986240387,0.3956415057182312,0.323110967874527,0.531827986240387,Neutral
25646,2017-10-16 22:22:04,2017-10-16,22,Monday,The fact that I still wonder about whether or not it was probably means #MeToo,The fact that I still wonder about whether or not it was probably means #MeToo,0.0,1.0,ANDROID,#metoo,0.0,0.3511011600494385,0.615267276763916,0.0336315743625164,-0.3174695856869221,0.615267276763916,Neutral
12180,2017-10-16 20:37:49,2017-10-16,20,Monday,"#MeToo I've been harassed. Walk in a public place &amp; men say things. Why say anything? I don't go around telling men ""cute butt"" or whatever.","#MeToo I've been harassed. Walk in a public place &amp; men say things. Why say anything? I don't go around telling men ""cute butt"" or whatever.",0.0,1.0,WEB,#metoo,0.0,0.8526086807250977,0.13906465470790863,0.008326653391122818,-0.8442820273339748,0.8526086807250977,Negative
13290,2017-10-16 19:26:16,2017-10-16,19,Monday,@Alyssa_Milano In HS a kid walked up &amp; straddled behind me on my chair &amp; I could feel his erection against my butt.<e2><80><a6> https://t.co/78KtJWZpbP,@Alyssa_Milano In HS a kid walked up &amp; straddled behind me on my chair &amp; I could feel his erection against my butt.<e2><80><a6> https://t.co/78KtJWZpbP,0.0,0.0,IPHONE,#metoo,0.0,0.033584609627723694,0.852489709854126,0.11392561346292496,0.08034100383520126,0.852489709854126,Neutral
16129,2017-10-16 22:22:11,2017-10-16,22,Monday,"To those of who have blamed yourself for years, who said <e2><80><9c>I shouldn<e2><80><99>t have put myself in that situation<e2><80><9d> it<e2><80><99>s not your fault #MeToo","To those of who have blamed yourself for years, who said <e2><80><9c>I shouldn<e2><80><99>t have put myself in that situation<e2><80><9d> it<e2><80><99>s not your fault #MeToo",0.0,2.0,IPHONE,#metoo,0.0,0.7961727976799011,0.19170106947422028,0.012126149609684944,-0.7840466480702162,0.7961727976799011,Negative
1047,2017-10-16 21:37:33,2017-10-16,21,Monday,You blame yourself even if you were unconscious because you want to believe it wasn't their fault &amp; there aren't people like that #MeToo,You blame yourself even if you were unconscious because you want to believe it wasn't their fault &amp; there aren't people like that #MeToo,0.0,3.0,IPHONE,#metoo,0.0,0.7860612869262695,0.20256909728050232,0.01136963814496994,-0.7746916487812996,0.7860612869262695,Negative
10000,2017-10-16 20:23:59,2017-10-16,20,Monday,#MeToo and for the ones too scared to say NO.,#MeToo and for the ones too scared to say NO.,0.0,0.0,ANDROID,#metoo,0.0,0.6850264668464661,0.2913219630718231,0.02365153841674328,-0.6613749284297228,0.6850264668464661,Negative
1707,2017-10-16 20:23:38,2017-10-16,20,Monday,#MeToo says #Goodpussybadpussy. Stop #sexual harassment and abuse. https://t.co/xu6dVC4ThZ https://t.co/DxOJKLGxYw,#MeToo says #Goodpussybadpussy. Stop #sexual harassment and abuse. https://t.co/xu6dVC4ThZ https://t.co/DxOJKLGxYw,2.0,2.0,WEB,#metoo,0.0,0.5127255916595459,0.4204747676849365,0.06679961085319519,-0.4459259808063507,0.5127255916595459,Negative
13081,2017-10-16 21:16:14,2017-10-16,21,Monday,@Alyssa_Milano Me too #metoo,@Alyssa_Milano Me too #metoo,0.0,0.0,Unknown,#metoo,0.0,0.046470433473587036,0.7105442881584167,0.24298521876335144,0.1965147852897644,0.7105442881584167,Neutral
25664,2017-10-16 19:27:13,2017-10-16,19,Monday,"Yep, Me too.  #metoo","Yep, Me too. #metoo",0.0,0.0,WEB,#metoo,0.0,0.06845825165510178,0.39380788803100586,0.5377338528633118,0.46927560120821,0.5377338528633118,Positive
28400,2017-10-16 21:20:42,2017-10-16,21,Monday,"#Metoo

If all the women who have been sexually harassed or assaulted wrote #Metoo as a status, we might give... https://t.co/KKrwNV0a4c","#Metoo If all the women who have been sexually harassed or assaulted wrote #Metoo as a status, we might give... https://t.co/KKrwNV0a4c",0.0,1.0,Unknown,#metoo,0.0,0.3442074656486511,0.623913049697876,0.0318794883787632,-0.3123279772698879,0.623913049697876,Neutral
25260,2017-10-16 22:22:23,2017-10-16,22,Monday,"Regularly grabbed and groped from behind at school for 2 years. Turned around &amp; it was always 5+ guys - laughing. I was 12 &amp; 13.
#MeToo",Regularly grabbed and groped from behind at school for 2 years. Turned around &amp; it was always 5+ guys - laughing. I was 12 &amp; 13. #MeToo,0.0,0.0,Unknown,#metoo,0.0,0.5393893718719482,0.4151061773300171,0.045504435896873474,-0.49388493597507477,0.5393893718719482,Negative
3229,2017-10-16 21:36:16,2017-10-16,21,Monday,Too much to fit in 140 characters. It happened to me more than once. I buried it all because I was ashamed and I still am. #metoo,Too much to fit in 140 characters. It happened to me more than once. I buried it all because I was ashamed and I still am. #metoo,0.0,2.0,ANDROID,#metoo,0.0,0.9007047414779663,0.0925220176577568,0.006773299537599087,-0.8939314419403672,0.9007047414779663,Negative
13674,2017-10-16 22:00:09,2017-10-16,22,Monday,Zum Thema #MeToo: https://t.co/NgwXL8AUA4,Zum Thema #MeToo: https://t.co/NgwXL8AUA4,61.0,96.0,WEB,#metoo,0.0,0.059282440692186356,0.8948552012443542,0.04586241766810417,-0.013420023024082184,0.8948552012443542,Neutral
3710,2017-10-16 23:42:21,2017-10-16,23,Monday,"Me, too.  Me, too.
#MeToo","Me, too. Me, too. #MeToo",0.0,0.0,WEB,#metoo,0.0,0.06842944025993347,0.4798218905925751,0.45174866914749146,0.383319228887558,0.4798218905925751,Neutral
4846,2017-10-16 22:01:51,2017-10-16,22,Monday,"I understand &amp; fully support #MeToo, cuz of course I have been. I can't imagine that a single woman can say that they haven't been. #sad","I understand &amp; fully support #MeToo, cuz of course I have been. I can't imagine that a single woman can say that they haven't been. #sad",0.0,1.0,ANDROID,#metoo,0.0,0.39611050486564636,0.3820308446884155,0.22185862064361572,-0.17425188422203064,0.39611050486564636,Negative
5471,2017-10-16 22:54:44,2017-10-16,22,Monday,Yes. #MeToo - keep talking about it. No more shadow space. This is important. https://t.co/UODhiC9COK,Yes. #MeToo - keep talking about it. No more shadow space. This is important. https://t.co/UODhiC9COK,0.0,0.0,IPHONE,#metoo,0.0,0.03981517255306244,0.28643202781677246,0.6737528443336487,0.6339376717805862,0.6737528443336487,Positive
24087,2017-10-16 19:04:28,2017-10-16,19,Monday,#MeToo As a kid I was sexually harassed by an adult family friend. I never told my parents  because I was afraid of getting in trouble.,#MeToo As a kid I was sexually harassed by an adult family friend. I never told my parents because I was afraid of getting in trouble.,0.0,0.0,ANDROID,#metoo,0.0,0.8415506482124329,0.1507793813943863,0.007669990416616201,-0.8338806577958167,0.8415506482124329,Negative
8965,2017-10-16 19:34:30,2017-10-16,19,Monday,The <e2><80><98>Me too<e2><80><99> movement against sexual harassment and assault is sweeping social media - Recode #MeToo  https://t.co/4YmHwn5GP6,The <e2><80><98>Me too<e2><80><99> movement against sexual harassment and assault is sweeping social media - Recode #MeToo https://t.co/4YmHwn5GP6,0.0,1.0,IPHONE,#metoo,0.0,0.1458284854888916,0.733536422252655,0.12063510715961456,-0.02519337832927704,0.733536422252655,Neutral
13743,2017-10-16 19:55:16,2017-10-16,19,Monday,"#MeToo 
Love to all others who have been affected <e2><99><a5>",#MeToo Love to all others who have been affected <e2><99><a5>,1.0,2.0,ANDROID,#metoo,0.0,0.253878653049469,0.49351146817207336,0.2526099383831024,-0.0012687146663665771,0.49351146817207336,Neutral
24862,2017-10-16 19:03:01,2017-10-16,19,Monday,The male boss who 'bet' 18 y/o me he could fit his hands around my waist and asked me to lift my shirt so he could prove it #MeToo,The male boss who 'bet' 18 y/o me he could fit his hands around my waist and asked me to lift my shirt so he could prove it #MeToo,0.0,1.0,ANDROID,#metoo,0.0,0.1887976974248886,0.6973274350166321,0.11387480795383453,-0.07492288947105408,0.6973274350166321,Neutral
7568,2017-10-16 23:47:19,2017-10-16,23,Monday,The latest The Eat More Brookies Journal! https://t.co/nJCChkXBet Thanks to @BobPapa_NFL @Gran_Roque @SenatorHeitkamp #flyfishing #metoo,The latest The Eat More Brookies Journal! https://t.co/nJCChkXBet Thanks to @BobPapa_NFL @Gran_Roque @SenatorHeitkamp #flyfishing #metoo,0.0,0.0,Unknown,#metoo,0.0,0.004928266163915396,0.2444993257522583,0.7505723834037781,0.7456441172398627,0.7505723834037781,Positive
9785,2017-10-16 19:15:38,2017-10-16,19,Monday,"It was long ago to do enough damage to my life. 

#MeToo",It was long ago to do enough damage to my life. #MeToo,0.0,0.0,WEB,#metoo,0.0,0.8717043399810791,0.12010779976844788,0.00818786583840847,-0.8635164741426706,0.8717043399810791,Negative
4054,2017-10-16 23:28:03,2017-10-16,23,Monday,I wrote this Saturday night and it took me five hours because I had to stop to cry a lot. So #MeToo https://t.co/EcjAO6WsRk,I wrote this Saturday night and it took me five hours because I had to stop to cry a lot. So #MeToo https://t.co/EcjAO6WsRk,0.0,1.0,IPHONE,#metoo,0.0,0.5323938131332397,0.3633880913257599,0.10421808809041977,-0.42817572504282,0.5323938131332397,Negative
12353,2017-10-16 20:32:04,2017-10-16,20,Monday,#MeToo. If all the women who<e2><80><99>ve been sexually harassed/assaulted tweeted #MeToo we might give people a sense of the magnitude of the problem,#MeToo. If all the women who<e2><80><99>ve been sexually harassed/assaulted tweeted #MeToo we might give people a sense of the magnitude of the problem,0.0,0.0,ANDROID,#metoo,0.0,0.41956081986427307,0.5338755249977112,0.04656365141272545,-0.3729971684515476,0.5338755249977112,Neutral
24105,2017-10-16 23:17:03,2017-10-16,23,Monday,#metoo for everyone who said why they didn't say it before .. we all have different reasons,#metoo for everyone who said why they didn't say it before .. we all have different reasons,0.0,1.0,IPHONE,#metoo,0.0,0.28109920024871826,0.6830816268920898,0.03581920638680458,-0.24527999386191368,0.6830816268920898,Neutral
769,2017-10-16 23:21:02,2017-10-16,23,Monday,Unfortunately I would be shocked to learn any woman who hasn<e2><80><99>t experienced sexual harassment &amp;/or assault in some f<e2><80><a6> https://t.co/SAHhDiQVj7,Unfortunately I would be shocked to learn any woman who hasn<e2><80><99>t experienced sexual harassment &amp;/or assault in some f<e2><80><a6> https://t.co/SAHhDiQVj7,0.0,0.0,IPHONE,#metoo,0.0,0.8882184028625488,0.10489556193351746,0.006886061746627092,-0.8813323411159217,0.8882184028625488,Negative
2800,2017-10-16 19:40:45,2017-10-16,19,Monday,Those feelings can blindside you not matter how long it's been. #MeToo,Those feelings can blindside you not matter how long it's been. #MeToo,0.0,0.0,Unknown,#metoo,0.0,0.7185230255126953,0.2688919007778168,0.012585079297423363,-0.705937946215272,0.7185230255126953,Negative
21412,2017-10-16 20:47:55,2017-10-16,20,Monday,"everyday, everywhere transpeople are violated on and offline  #metoo","everyday, everywhere transpeople are violated on and offline #metoo",1.0,1.0,WEB,#metoo,0.0,0.8490474820137024,0.14327780902385712,0.007674646098166704,-0.8413728359155357,0.8490474820137024,Negative
24234,2017-10-16 19:31:27,2017-10-16,19,Monday,The latest Pakistan Politics! https://t.co/ldd5i9VfWJ #metoo #india,The latest Pakistan Politics! https://t.co/ldd5i9VfWJ #metoo #india,0.0,0.0,Unknown,#metoo,0.0,0.05294710397720337,0.8765181303024292,0.07053469866514206,0.01758759468793869,0.8765181303024292,Neutral
173,2017-10-16 19:28:24,2017-10-16,19,Monday,"Yeah, #MeToo","Yeah, #MeToo",0.0,9.0,WEB,#metoo,0.0,0.049993786960840225,0.4349258840084076,0.5150803327560425,0.46508654579520226,0.5150803327560425,Positive
6822,2017-10-16 22:06:18,2017-10-16,22,Monday,"Fielded customer service calls today at nonprofit I work for, last call of the day was an older man who sexually harassed entire call #MeToo","Fielded customer service calls today at nonprofit I work for, last call of the day was an older man who sexually harassed entire call #MeToo",0.0,3.0,Unknown,#metoo,0.0,0.6331769227981567,0.3364035189151764,0.030419593676924706,-0.602757329121232,0.6331769227981567,Negative
8382,2017-10-16 22:15:28,2017-10-16,22,Monday,#MeToo From date proposals from a (married) former boss to random cat-calls from strangers. Anyone surprised by the magnitude of the issue?,#MeToo From date proposals from a (married) former boss to random cat-calls from strangers. Anyone surprised by the magnitude of the issue?,0.0,0.0,IPHONE,#metoo,0.0,0.6405356526374817,0.34267327189445496,0.016791094094514847,-0.6237445585429668,0.6405356526374817,Negative
28576,2017-10-16 19:55:48,2017-10-16,19,Monday,"The fact that men think they're entitled to our bodies is beyond me. I've been groped, sworn at and threatened all because I said no #MeToo","The fact that men think they're entitled to our bodies is beyond me. I've been groped, sworn at and threatened all because I said no #MeToo",0.0,1.0,ANDROID,#metoo,0.0,0.920373797416687,0.07370497286319733,0.005921236239373684,-0.9144525611773133,0.920373797416687,Negative
16944,2017-10-16 19:28:16,2017-10-16,19,Monday,"Me, too. Does a ""yes"" for dinner automatically mean ""yes"" for your goddamn pathetic bedroom fantasies? #MeToo","Me, too. Does a ""yes"" for dinner automatically mean ""yes"" for your goddamn pathetic bedroom fantasies? #MeToo",0.0,0.0,ANDROID,#metoo,0.0,0.8500546813011169,0.1319618970155716,0.0179834496229887,-0.8320712316781282,0.8500546813011169,Negative
17530,2017-10-16 21:38:53,2017-10-16,21,Monday,The latest The MeanPony Daily! https://t.co/ZFBi4pge0Y Thanks to @zesty_leftwing @Parkrecord @NahkoBear #metoo #ctl,The latest The MeanPony Daily! https://t.co/ZFBi4pge0Y Thanks to @zesty_leftwing @Parkrecord @NahkoBear #metoo #ctl,0.0,0.0,Unknown,#metoo,0.0,0.006633758079260588,0.31868404150009155,0.6746821999549866,0.668048441875726,0.6746821999549866,Positive
13343,2017-10-16 23:05:23,2017-10-16,23,Monday,"#MeToo's don't come easy, but with rage &amp; pain &amp; fire. But come they must: ""darkness cannot drive out darkness: only light can do that"" #MLK","#MeToo's don't come easy, but with rage &amp; pain &amp; fire. But come they must: ""darkness cannot drive out darkness: only light can do that"" #MLK",0.0,3.0,IPHONE,#metoo,0.0,0.4629787802696228,0.4527628719806671,0.0842583179473877,-0.3787204623222351,0.4629787802696228,Negative
28622,2017-10-16 21:22:12,2017-10-16,21,Monday,#MeToo Sexual assault is not easy for me to talk about. I'm shaking rn... But it can't be a blip on the radar. Society has to do better.1/3,#MeToo Sexual assault is not easy for me to talk about. I'm shaking rn... But it can't be a blip on the radar. Society has to do better.1/3,0.0,11.0,WEB,#metoo,0.0,0.9189051389694214,0.07403240352869034,0.007062378339469433,-0.911842760629952,0.9189051389694214,Negative
21039,2017-10-16 20:36:38,2017-10-16,20,Monday,"Only woman running 4 Gov of Cali comes 2 San Diego tonite

Much to discuss!
<ed><a0><bd><ed><b1><89>Trump on #birthcontrol 
<ed><a0><bd><ed><b1><89>DeVos on camp<e2><80><a6> https://t.co/xy66WRtN3h",Only woman running 4 Gov of Cali comes 2 San Diego tonite Much to discuss! <ed><a0><bd><ed><b1><89>Trump on #birthcontrol <ed><a0><bd><ed><b1><89>DeVos on camp<e2><80><a6> https://t.co/xy66WRtN3h,1.0,0.0,IPHONE,#metoo,1.0,0.020390791818499565,0.9180868268013,0.06152232736349106,0.04113153554499149,0.9180868268013,Neutral
17494,2017-10-16 20:08:02,2017-10-16,20,Monday,"Why #MeToo can be for men, too https://t.co/KS4cudrCRy via @HoustonChron","Why #MeToo can be for men, too https://t.co/KS4cudrCRy via @HoustonChron",0.0,2.0,WEB,#metoo,0.0,0.017163895070552826,0.7750362753868103,0.20779991149902344,0.1906360164284706,0.7750362753868103,Neutral
572,2017-10-16 21:12:18,2017-10-16,21,Monday,"#MeToo 
B/c nothing is as scary as walking home from school in ELEMENTARY school and having cars of older guys cat call you",#MeToo B/c nothing is as scary as walking home from school in ELEMENTARY school and having cars of older guys cat call you,0.0,1.0,IPHONE,#metoo,0.0,0.6617816686630249,0.2964516580104828,0.0417666919529438,-0.6200149767100811,0.6617816686630249,Negative
1309,2017-10-16 22:35:13,2017-10-16,22,Monday,"#MeToo did something revolutionary,  @sophieGG writes https://t.co/oYty1XIIH1 #ME TOO","#MeToo did something revolutionary, @sophieGG writes https://t.co/oYty1XIIH1 #ME TOO",4.0,4.0,WEB,#metoo,0.0,0.004847106523811817,0.19268792867660522,0.80246502161026,0.7976179150864482,0.80246502161026,Positive
21946,2017-10-16 22:17:45,2017-10-16,22,Monday,"#MeToo
If everyone who have been sexually harassed or assaulted wrote this a status, we might give a sense of the magnitude of the problem.","#MeToo If everyone who have been sexually harassed or assaulted wrote this a status, we might give a sense of the magnitude of the problem.",0.0,0.0,IPHONE,#metoo,0.0,0.6416300535202026,0.3416844606399536,0.01668546162545681,-0.6249445918947458,0.6416300535202026,Negative
5046,2017-10-16 21:00:02,2017-10-16,21,Monday,"As #MeToo trends online, many can use these words. #Inspirational #abused https://t.co/KyyAZltV8D @BeckyHarling","As #MeToo trends online, many can use these words. #Inspirational #abused https://t.co/KyyAZltV8D @BeckyHarling",1.0,2.0,Unknown,#metoo,0.0,0.05301210656762123,0.660406231880188,0.2865816652774811,0.23356955870985985,0.660406231880188,Neutral
22651,2017-10-16 19:28:21,2017-10-16,19,Monday,"It's discouraging to see so many women posting #MeToo &amp; knowing they've been hurt, but it's also inspiring to see t<e2><80><a6> https://t.co/U5y8kKKJMO","It's discouraging to see so many women posting #MeToo &amp; knowing they've been hurt, but it's also inspiring to see t<e2><80><a6> https://t.co/U5y8kKKJMO",0.0,2.0,WEB,#metoo,0.0,0.3877975344657898,0.4422231912612915,0.1699792891740799,-0.2178182452917099,0.4422231912612915,Neutral
17128,2017-10-16 20:48:09,2017-10-16,20,Monday,Opinion: What actress reveals about #MeToo https://t.co/YLIUcHVgko #SocialMedia https://t.co/qzl7CQTfp6,Opinion: What actress reveals about #MeToo https://t.co/YLIUcHVgko #SocialMedia https://t.co/qzl7CQTfp6,0.0,0.0,Unknown,#metoo,0.0,0.041851963847875595,0.9283542633056641,0.029793869704008102,-0.012058094143867493,0.9283542633056641,Neutral
27204,2017-10-16 19:15:51,2017-10-16,19,Monday,"@UkIndiannri @Dafaho_ @RajeshR56450631 @SirJadeja Most women in India typing
#MeToo have leftist ideology &amp;
spend t<e2><80><a6> https://t.co/sOzHoqF8nQ",@UkIndiannri @Dafaho_ @RajeshR56450631 @SirJadeja Most women in India typing #MeToo have leftist ideology &amp; spend t<e2><80><a6> https://t.co/sOzHoqF8nQ,0.0,2.0,Unknown,#metoo,0.0,0.5055960416793823,0.47880569100379944,0.015598253346979618,-0.4899977883324027,0.5055960416793823,Negative
6489,2017-10-16 19:56:33,2017-10-16,19,Monday,@sincerelyadele I feel you <e2><9d><a4> #MeToo,@sincerelyadele I feel you <e2><9d><a4> #MeToo,0.0,2.0,ANDROID,#metoo,0.0,0.1937512308359146,0.6529049277305603,0.15334387123584747,-0.04040735960006714,0.6529049277305603,Neutral
23909,2017-10-16 21:11:38,2017-10-16,21,Monday,"These #MeToo tweets are reminding me of my own experiences. My love and power to all of you amazing brave people. Warriors, not victims. <e2><9d><a4>","These #MeToo tweets are reminding me of my own experiences. My love and power to all of you amazing brave people. Warriors, not victims. <e2><9d><a4>",0.0,4.0,ANDROID,#metoo,0.0,0.00803324207663536,0.03564823791384697,0.9563184976577759,0.9482852555811405,0.9563184976577759,Positive
15758,2017-10-16 20:13:19,2017-10-16,20,Monday,#MeToo - And my country voted in a #rapist as our #President. Where are the #protectors? #NotMyPresident Survivors deserve societal change.,#MeToo - And my country voted in a #rapist as our #President. Where are the #protectors? #NotMyPresident Survivors deserve societal change.,0.0,1.0,IPHONE,#metoo,0.0,0.9522708058357239,0.043545205146074295,0.004184011835604906,-0.948086794000119,0.9522708058357239,Negative
11601,2017-10-16 19:59:56,2017-10-16,19,Monday,"#metoo, but can we please talk about the bigger issue,... and that<e2><80><99>s to raise your kids right and honest and good.","#metoo, but can we please talk about the bigger issue,... and that<e2><80><99>s to raise your kids right and honest and good.",0.0,0.0,IPHONE,#metoo,0.0,0.2668970227241516,0.6057748794555664,0.12732817232608795,-0.13956885039806366,0.6057748794555664,Neutral
16865,2017-10-16 19:53:20,2017-10-16,19,Monday,"#MeToo - speak out, stand strong x","#MeToo - speak out, stand strong x",0.0,0.0,WEB,#metoo,0.0,0.04708016663789749,0.456205815076828,0.4967139661312103,0.44963379949331284,0.4967139661312103,Positive
5928,2017-10-16 21:06:48,2017-10-16,21,Monday,#MeToo you<e2><80><99>re never alone in anything <ed><a0><bd><ed><b2><95>,#MeToo you<e2><80><99>re never alone in anything <ed><a0><bd><ed><b2><95>,0.0,1.0,IPHONE,#metoo,1.0,0.234868124127388,0.6003820300102234,0.16474981606006622,-0.07011830806732178,0.6003820300102234,Neutral
7675,2017-10-16 21:25:39,2017-10-16,21,Monday,#MeToo is Too Many...,#MeToo is Too Many...,0.0,3.0,WEB,#metoo,0.0,0.2970293164253235,0.5986652970314026,0.10430539399385452,-0.19272392243146896,0.5986652970314026,Neutral
9857,2017-10-16 23:34:29,2017-10-16,23,Monday,"Thank you for your bravery. It is hard to say ""#MeToo "".  Harder for us to forget. https://t.co/FuGGuXEhI3","Thank you for your bravery. It is hard to say ""#MeToo "". Harder for us to forget. https://t.co/FuGGuXEhI3",0.0,2.0,ANDROID,#metoo,0.0,0.08530526608228683,0.2553170919418335,0.6593776345252991,0.5740723684430122,0.6593776345252991,Positive
21995,2017-10-16 23:24:14,2017-10-16,23,Monday,"it's never your fault, no matter how hard and how often they try to tell you. #MeToo","it's never your fault, no matter how hard and how often they try to tell you. #MeToo",2.0,10.0,ANDROID,#metoo,0.0,0.7027311325073242,0.2719883918762207,0.025280488654971123,-0.6774506438523531,0.7027311325073242,Negative
20860,2017-10-16 21:08:17,2017-10-16,21,Monday,"#MeToo 

I hope one day no woman has to ask whether what happened to her ""counts,"" because I am surely sick of it. https://t.co/90rgtnEfZ2","#MeToo I hope one day no woman has to ask whether what happened to her ""counts,"" because I am surely sick of it. https://t.co/90rgtnEfZ2",2.0,3.0,IPHONE,#metoo,0.0,0.9053218364715576,0.08869146555662155,0.00598668260499835,-0.8993351538665593,0.9053218364715576,Negative
2497,2017-10-16 23:07:12,2017-10-16,23,Monday,@nicolettemason Typical abuser in denial response. #metoo,@nicolettemason Typical abuser in denial response. #metoo,0.0,0.0,Unknown,#metoo,0.0,0.9129000902175903,0.08102288842201233,0.006076975725591183,-0.9068231144919991,0.9129000902175903,Negative
16490,2017-10-16 20:11:49,2017-10-16,20,Monday,The Movement of #MeToo https://t.co/os39CaurTI,The Movement of #MeToo https://t.co/os39CaurTI,0.0,0.0,Unknown,#metoo,0.0,0.022494865581393242,0.862466037273407,0.11503910273313522,0.09254423715174198,0.862466037273407,Neutral
14847,2017-10-16 20:09:28,2017-10-16,20,Monday,The latest The Lake Effects Daily! https://t.co/cLxbl0T7w0 Thanks to @JBPEANUT @zen_habits #metoo #travel,The latest The Lake Effects Daily! https://t.co/cLxbl0T7w0 Thanks to @JBPEANUT @zen_habits #metoo #travel,0.0,0.0,Unknown,#metoo,0.0,0.002286258852109313,0.18317463994026184,0.8145391345024109,0.8122528756503016,0.8145391345024109,Positive
12762,2017-10-16 20:55:02,2017-10-16,20,Monday,"I keep hitting delete, thinking how I can't come up with the perfect tweet but women it's time to just stand on your feet #MeToo #MakeItStop","I keep hitting delete, thinking how I can't come up with the perfect tweet but women it's time to just stand on your feet #MeToo #MakeItStop",0.0,0.0,ANDROID,#metoo,0.0,0.8192948698997498,0.1661732941865921,0.014531880617141724,-0.804762989282608,0.8192948698997498,Negative
24992,2017-10-16 23:17:21,2017-10-16,23,Monday,#MeToo: Thousands Share Stories of Sexual Abuse https://t.co/nnG98xxUdx,#MeToo: Thousands Share Stories of Sexual Abuse https://t.co/nnG98xxUdx,1.0,0.0,WEB,#metoo,0.0,0.4068589210510254,0.5711127519607544,0.02202831394970417,-0.3848306071013212,0.5711127519607544,Neutral
17291,2017-10-16 20:11:29,2017-10-16,20,Monday,"I've never been sexually harassed/assaulted, but I'm an abuse survivor. #MeToo Love, support, solidarity to all victims of these crimes.","I've never been sexually harassed/assaulted, but I'm an abuse survivor. #MeToo Love, support, solidarity to all victims of these crimes.",0.0,1.0,ANDROID,#metoo,0.0,0.15782903134822845,0.39821478724479675,0.4439562261104584,0.2861271947622299,0.4439562261104584,Positive
12881,2017-10-16 19:11:51,2017-10-16,19,Monday,"If you're a dude and this #MeToo stuff is a surprise to you, you must live in a real tight bubble. Like air tight.","If you're a dude and this #MeToo stuff is a surprise to you, you must live in a real tight bubble. Like air tight.",2.0,2.0,ANDROID,#metoo,0.0,0.8374118208885193,0.14858266711235046,0.014005483128130436,-0.8234063377603889,0.8374118208885193,Negative
6483,2017-10-16 23:29:21,2017-10-16,23,Monday,"@HungryTruckerAB I'm in.  Got called a Nazi for having children.  I know, I'm the devil.  #MeToo https://t.co/WClQYunzPo","@HungryTruckerAB I'm in. Got called a Nazi for having children. I know, I'm the devil. #MeToo https://t.co/WClQYunzPo",0.0,2.0,ANDROID,#metoo,0.0,0.9136232137680054,0.0758822113275528,0.010494569316506386,-0.903128644451499,0.9136232137680054,Negative
21103,2017-10-16 19:37:08,2017-10-16,19,Monday,I was fondled by a man I had paid to get me home safely. To this day I can't drive the same stretch of road. #MeToo,I was fondled by a man I had paid to get me home safely. To this day I can't drive the same stretch of road. #MeToo,0.0,0.0,IPHONE,#metoo,0.0,0.6906787753105164,0.26251861453056335,0.04680263623595238,-0.643876139074564,0.6906787753105164,Negative
6436,2017-10-16 19:33:51,2017-10-16,19,Monday,"If your reaction to #METOO is anything but pure empathy, kindly do us all a favor and leave this world forever.","If your reaction to #METOO is anything but pure empathy, kindly do us all a favor and leave this world forever.",0.0,6.0,WEB,#metoo,0.0,0.8864926695823669,0.10441131144762039,0.009096076712012291,-0.8773965928703547,0.8864926695823669,Negative
11649,2017-10-16 21:14:52,2017-10-16,21,Monday,@Alyssa_Milano Me too #MeToo,@Alyssa_Milano Me too #MeToo,0.0,2.0,WEB,#metoo,0.0,0.04637924209237099,0.6490068435668945,0.3046138882637024,0.2582346461713314,0.6490068435668945,Neutral
17977,2017-10-16 22:32:17,2017-10-16,22,Monday,"@Alyssa_Milano #MeToo Numerous times, both harassed &amp; assaulted.  All were by men I knew, not strangers. #Neveragain.","@Alyssa_Milano #MeToo Numerous times, both harassed &amp; assaulted. All were by men I knew, not strangers. #Neveragain.",0.0,0.0,WEB,#metoo,0.0,0.8818584680557251,0.11003387719392776,0.008107675239443779,-0.8737507928162813,0.8818584680557251,Negative
1592,2017-10-16 22:20:01,2017-10-16,22,Monday,@vinceg0716 It<e2><80><99>s a rallying cry for everyone hurt by sexual violence/harassment<e2><80><94> your experience is valid no matter<e2><80><a6> https://t.co/FzDTi8ths9,@vinceg0716 It<e2><80><99>s a rallying cry for everyone hurt by sexual violence/harassment<e2><80><94> your experience is valid no matter<e2><80><a6> https://t.co/FzDTi8ths9,0.0,3.0,IPHONE,#metoo,0.0,0.39735615253448486,0.5224862694740295,0.0801575630903244,-0.31719858944416046,0.5224862694740295,Neutral
18019,2017-10-16 20:25:02,2017-10-16,20,Monday,I love you all for being so brave! Also angry that you even have to be. I<e2><80><99>m not a victim but I am a huge supporter #MeToo <e2><9d><a4><ef><b8><8f>,I love you all for being so brave! Also angry that you even have to be. I<e2><80><99>m not a victim but I am a huge supporter #MeToo <e2><9d><a4><ef><b8><8f>,1.0,3.0,IPHONE,#metoo,1.0,0.19192136824131012,0.20808060467243195,0.5999980568885803,0.4080766886472702,0.5999980568885803,Positive
4873,2017-10-16 19:23:15,2017-10-16,19,Monday,"On the ride home from an out of town HS trip, a boy groped me pretending to be asleep. I didn<e2><80><99>t say a thing for fear of being blamed. #metoo","On the ride home from an out of town HS trip, a boy groped me pretending to be asleep. I didn<e2><80><99>t say a thing for fear of being blamed. #metoo",0.0,0.0,IPHONE,#metoo,0.0,0.7591097950935364,0.23012453317642212,0.010765639133751392,-0.748344155959785,0.7591097950935364,Negative
27275,2017-10-16 23:55:01,2017-10-16,23,Monday,Can't decide which was more triggering- the barage of #metoo statuses all day or seeing *ONE OF* the @AmericanU profs who have harassed me,Can't decide which was more triggering- the barage of #metoo statuses all day or seeing *ONE OF* the @AmericanU profs who have harassed me,0.0,1.0,IPHONE,#metoo,0.0,0.9031228423118591,0.09032135456800461,0.006555756088346243,-0.8965670862235129,0.9031228423118591,Negative
8240,2017-10-16 23:07:24,2017-10-16,23,Monday,Kudos to @ksdknews for lead story on #metoo.,Kudos to @ksdknews for lead story on #metoo.,0.0,1.0,IPHONE,#metoo,0.0,0.005445104092359543,0.03557973727583885,0.9589751362800598,0.9535300321877003,0.9589751362800598,Positive
19054,2017-10-16 20:51:08,2017-10-16,20,Monday,"We have the right to tell our stories. 

Or not. 

We have the right to be inconsistent. 

Let us be as we want.  

#metoo",We have the right to tell our stories. Or not. We have the right to be inconsistent. Let us be as we want. #metoo,0.0,5.0,IPHONE,#metoo,0.0,0.13078057765960693,0.7896190285682678,0.07960041612386703,-0.0511801615357399,0.7896190285682678,Neutral
1554,2017-10-16 20:08:40,2017-10-16,20,Monday,"#MeToo was harassed in the streets of my city, in work place, in public transportation,even in hospital. My daughter will not if you standup","#MeToo was harassed in the streets of my city, in work place, in public transportation,even in hospital. My daughter will not if you standup",0.0,0.0,IPHONE,#metoo,0.0,0.8888622522354126,0.10146919637918472,0.00966855138540268,-0.8791937008500099,0.8888622522354126,Negative
1973,2017-10-16 21:06:52,2017-10-16,21,Monday,Women Flood Social Media With #MeToo <e2><80><94> It<e2><80><99>s Time To Say #IBelieveYou https://t.co/rWNIElpALO,Women Flood Social Media With #MeToo <e2><80><94> It<e2><80><99>s Time To Say #IBelieveYou https://t.co/rWNIElpALO,0.0,0.0,Unknown,#metoo,0.0,0.4486752152442932,0.5092718005180359,0.04205295816063881,-0.4066222570836544,0.5092718005180359,Neutral
5240,2017-10-16 19:13:41,2017-10-16,19,Monday,"In the moment, I laughed nervously and said I couldn't remember.

But honestly, #metoo","In the moment, I laughed nervously and said I couldn't remember. But honestly, #metoo",0.0,8.0,WEB,#metoo,0.0,0.3791733682155609,0.47512751817703247,0.1456991285085678,-0.2334742397069931,0.47512751817703247,Neutral
3360,2017-10-16 22:59:20,2017-10-16,22,Monday,#MeToo I was a child. Then a young adult.,#MeToo I was a child. Then a young adult.,0.0,0.0,IPHONE,#metoo,0.0,0.06019226461648941,0.8174684047698975,0.12233942747116089,0.06214716285467148,0.8174684047698975,Neutral
3260,2017-10-16 23:34:28,2017-10-16,23,Monday,"#metoo when I was 19, my uncle, who happens to be a pastor, invited me into his house, lifted up my shirt, starting to kiss me and touch me","#metoo when I was 19, my uncle, who happens to be a pastor, invited me into his house, lifted up my shirt, starting to kiss me and touch me",1.0,1.0,IPHONE,#metoo,0.0,0.014659005217254162,0.659894585609436,0.3254464268684387,0.31078742165118456,0.659894585609436,Neutral
1401,2017-10-16 21:43:34,2017-10-16,21,Monday,"#MeToo. And because none of those men are significant in any way, I<e2><80><99>m saying this just so you know. Sexual harassment and assault is real.","#MeToo. And because none of those men are significant in any way, I<e2><80><99>m saying this just so you know. Sexual harassment and assault is real.",1.0,10.0,IPHONE,#metoo,0.0,0.9108268618583679,0.0817871242761612,0.007385930512100458,-0.9034409313462675,0.9108268618583679,Negative
6050,2017-10-16 22:41:46,2017-10-16,22,Monday,"Define your terms! #MeToo
@wokewife 
https://t.co/66H9cfSTUF",Define your terms! #MeToo @wokewife https://t.co/66H9cfSTUF,1.0,2.0,WEB,#metoo,0.0,0.04651883989572525,0.7922726273536682,0.16120854020118713,0.11468970030546188,0.7922726273536682,Neutral
859,2017-10-16 19:55:15,2017-10-16,19,Monday,I don<e2><80><99>t talk about my history of sexual harassment &amp; assault here bc I don<e2><80><99>t want it in my space here but if it<e2><80><99>s starting a dialogue #MeToo,I don<e2><80><99>t talk about my history of sexual harassment &amp; assault here bc I don<e2><80><99>t want it in my space here but if it<e2><80><99>s starting a dialogue #MeToo,1.0,2.0,IPHONE,#metoo,0.0,0.749626636505127,0.23708102107048035,0.013292315416038036,-0.7363343210890889,0.749626636505127,Negative
9662,2017-10-16 21:32:27,2017-10-16,21,Monday,"#MondayMorning Sean Hughes #Ophelia #redsun #MeToo #IdLikeToTeach Harvey Weinstein's $250,000 #DementiaCareSummit
<ed><a0><bd><ed><b8><8d><ed><a0><bd><ed><b8><9d>https://t.co/m7Pf2suXwL","#MondayMorning Sean Hughes #Ophelia #redsun #MeToo #IdLikeToTeach Harvey Weinstein's $250,000 #DementiaCareSummit <ed><a0><bd><ed><b8><8d><ed><a0><bd><ed><b8><9d>https://t.co/m7Pf2suXwL",40.0,40.0,WEB,#metoo,2.0,0.2278488278388977,0.7250103950500488,0.04714076220989227,-0.18070806562900543,0.7250103950500488,Neutral
17158,2017-10-16 23:07:06,2017-10-16,23,Monday,"I dont know about you guys, but my Facebook feed is a cornucopia of #MeToo stories from folks of all genders. Where do we go from here?","I dont know about you guys, but my Facebook feed is a cornucopia of #MeToo stories from folks of all genders. Where do we go from here?",0.0,0.0,WEB,#metoo,0.0,0.13640202581882477,0.7140378355979919,0.1495601385831833,0.01315811276435852,0.7140378355979919,Neutral
16635,2017-10-16 23:17:30,2017-10-16,23,Monday,"#MeToo - from sexual assault to inappropriate comments/gestures, it's not okay. your experience matters even if you choose to stay silent<e2><9d><a4><ef><b8><8f>","#MeToo - from sexual assault to inappropriate comments/gestures, it's not okay. your experience matters even if you choose to stay silent<e2><9d><a4><ef><b8><8f>",0.0,12.0,ANDROID,#metoo,1.0,0.8810768723487854,0.11233705282211304,0.006586027797311544,-0.8744908445514739,0.8810768723487854,Negative
9853,2017-10-16 19:56:36,2017-10-16,19,Monday,Only 1 day left! Pre-order my new book + spread word by tagging posts w/ #BeFierceBook #MeToo! Thank you so much! https://t.co/fbmqLn9YUs,Only 1 day left! Pre-order my new book + spread word by tagging posts w/ #BeFierceBook #MeToo! Thank you so much! https://t.co/fbmqLn9YUs,6.0,12.0,WEB,#metoo,0.0,0.002569837961345911,0.043311186134815216,0.9541189670562744,0.9515491290949285,0.9541189670562744,Positive
24823,2017-10-16 20:19:05,2017-10-16,20,Monday,You are not alone! #MeToo,You are not alone! #MeToo,0.0,0.0,IPHONE,#metoo,0.0,0.11184050887823105,0.42170214653015137,0.4664573073387146,0.35461679846048355,0.4664573073387146,Positive
14373,2017-10-16 19:43:14,2017-10-16,19,Monday,"#MeToo
Openly talking about experiencing sexual abuse doesn't make you a victim. It makes you a survivour. I'm not ashamed to say me too.",#MeToo Openly talking about experiencing sexual abuse doesn't make you a victim. It makes you a survivour. I'm not ashamed to say me too.,0.0,0.0,ANDROID,#metoo,0.0,0.3398776054382324,0.5514270067214966,0.1086953803896904,-0.23118222504854202,0.5514270067214966,Neutral
16833,2017-10-16 23:50:46,2017-10-16,23,Monday,#metoo because I want my daughters and grandchildren  to grow in a world of respect and lack of fear,#metoo because I want my daughters and grandchildren to grow in a world of respect and lack of fear,0.0,4.0,IPHONE,#metoo,0.0,0.13408401608467102,0.5656918883323669,0.30022409558296204,0.16614007949829102,0.5656918883323669,Neutral
19277,2017-10-16 20:27:50,2017-10-16,20,Monday,"Me too.

#metoo",Me too. #metoo,0.0,0.0,IPHONE,#metoo,0.0,0.1284576952457428,0.6448686122894287,0.22667373716831207,0.09821604192256927,0.6448686122894287,Neutral
17280,2017-10-16 22:37:33,2017-10-16,22,Monday,The latest The Masaaki Sueyoshi Daily! https://t.co/rvojxDK8FU #krack #metoo,The latest The Masaaki Sueyoshi Daily! https://t.co/rvojxDK8FU #krack #metoo,0.0,0.0,Unknown,#metoo,0.0,0.02260654792189598,0.9049702286720276,0.07242319732904434,0.04981664940714836,0.9049702286720276,Neutral
15340,2017-10-16 23:27:54,2017-10-16,23,Monday,A Conservative Comedian Just Made A Sexist <e2><80><9c>Joke<e2><80><9d> Amid #MeToo And Quickly Paid For It https://t.co/l4F1kPww8p https://t.co/l4F1kPww8p,A Conservative Comedian Just Made A Sexist <e2><80><9c>Joke<e2><80><9d> Amid #MeToo And Quickly Paid For It https://t.co/l4F1kPww8p https://t.co/l4F1kPww8p,4.0,3.0,Unknown,#metoo,0.0,0.5272320508956909,0.4432544410228729,0.029513465240597725,-0.4977185856550932,0.5272320508956909,Negative
24564,2017-10-16 22:00:33,2017-10-16,22,Monday,"Sadly, if you're a woman... #metoo goes hand in hand.","Sadly, if you're a woman... #metoo goes hand in hand.",0.0,0.0,IPHONE,#metoo,0.0,0.8830925226211548,0.10969991236925125,0.0072076525539159775,-0.8758848700672388,0.8830925226211548,Negative
27008,2017-10-16 23:35:46,2017-10-16,23,Monday,Me too! #metoo https://t.co/aIe1GeCi0e,Me too! #metoo https://t.co/aIe1GeCi0e,0.0,1.0,IPHONE,#metoo,0.0,0.030461953952908516,0.3738320469856262,0.5957059860229492,0.5652440320700407,0.5957059860229492,Positive
26334,2017-10-16 19:50:50,2017-10-16,19,Monday,@DannyJohnJules Are you?! It<e2><80><99>s about intersectionality and the #MeToo hashtag,@DannyJohnJules Are you?! It<e2><80><99>s about intersectionality and the #MeToo hashtag,0.0,0.0,IPHONE,#metoo,0.0,0.015615778975188732,0.8284013867378235,0.1559828370809555,0.14036705810576677,0.8284013867378235,Neutral
3217,2017-10-16 21:43:44,2017-10-16,21,Monday,"Been distracted with Ophelia today.But proud of every woman who stood up &amp; said #MeToo. Because, yes, me too. To those who cant speak up <ed><a0><bd><ed><b2><97><ed><a0><bd><ed><b2><97>","Been distracted with Ophelia today.But proud of every woman who stood up &amp; said #MeToo. Because, yes, me too. To those who cant speak up <ed><a0><bd><ed><b2><97><ed><a0><bd><ed><b2><97>",0.0,5.0,ANDROID,#metoo,1.0,0.1074778288602829,0.21714985370635986,0.6753723621368408,0.5678945332765579,0.6753723621368408,Positive
19108,2017-10-16 19:55:05,2017-10-16,19,Monday,I'm disgusted that we even need to do things like #MeToo. One is too many.,I'm disgusted that we even need to do things like #MeToo. One is too many.,0.0,0.0,WEB,#metoo,0.0,0.9344372749328613,0.06009643152356148,0.005466296803206205,-0.9289709781296551,0.9344372749328613,Negative
5442,2017-10-16 20:23:49,2017-10-16,20,Monday,@haaretzcom @ArtilesDana Woody<e2><80><99>s choices broke my <ed><a0><bd><ed><b2><94>I so appreciated his humor &amp; talent. Strip honors based on Sun Y<e2><80><a6> https://t.co/eubcXnKU6e,@haaretzcom @ArtilesDana Woody<e2><80><99>s choices broke my <ed><a0><bd><ed><b2><94>I so appreciated his humor &amp; talent. Strip honors based on Sun Y<e2><80><a6> https://t.co/eubcXnKU6e,0.0,0.0,IPHONE,#metoo,1.0,0.06808217614889145,0.18319329619407654,0.7487245202064514,0.68064234405756,0.7487245202064514,Positive
27051,2017-10-16 23:04:12,2017-10-16,23,Monday,"@Alyssa_Milano #MeToo, what a movement you started!","@Alyssa_Milano #MeToo, what a movement you started!",0.0,0.0,ANDROID,#metoo,0.0,0.005775243043899536,0.041931867599487305,0.9522928595542908,0.9465176165103912,0.9522928595542908,Positive
27084,2017-10-16 19:36:14,2017-10-16,19,Monday,Honestly fuck anyone who makes you feel like you deserved it. #MeToo,Honestly fuck anyone who makes you feel like you deserved it. #MeToo,1.0,14.0,WEB,#metoo,0.0,0.9267142415046692,0.06583617627620697,0.007449674885720015,-0.9192645666189492,0.9267142415046692,Negative
5001,2017-10-16 21:13:39,2017-10-16,21,Monday,Those men were not ashamed of harassing or catcalling me. It's high time that I'm not ashamed of talking about it.#MeToo,Those men were not ashamed of harassing or catcalling me. It's high time that I'm not ashamed of talking about it.#MeToo,0.0,0.0,WEB,#metoo,0.0,0.7894922494888306,0.19401606917381287,0.016491640359163284,-0.7730006091296673,0.7894922494888306,Negative
20712,2017-10-16 22:51:07,2017-10-16,22,Monday,"@Alyssa_Milano 1st time: I was 9. He was 10, and the leader of a gang of bullies at school that kept beating me up.<e2><80><a6> https://t.co/9owE1E4gNm","@Alyssa_Milano 1st time: I was 9. He was 10, and the leader of a gang of bullies at school that kept beating me up.<e2><80><a6> https://t.co/9owE1E4gNm",0.0,0.0,ANDROID,#metoo,0.0,0.7083600759506226,0.27231985330581665,0.019320055842399597,-0.689040020108223,0.7083600759506226,Negative
11904,2017-10-16 23:42:00,2017-10-16,23,Monday,"Share If you want,don<e2><80><99>t if you don<e2><80><99>t. It<e2><80><99>s your choice.but if you want to judge either way:fucketyfuck off to Partoftheproblem Town.#metoo","Share If you want,don<e2><80><99>t if you don<e2><80><99>t. It<e2><80><99>s your choice.but if you want to judge either way:fucketyfuck off to Partoftheproblem Town.#metoo",2.0,7.0,IPHONE,#metoo,0.0,0.6947769522666931,0.2834179103374481,0.021805135533213615,-0.6729718167334795,0.6947769522666931,Negative
20556,2017-10-16 19:16:15,2017-10-16,19,Monday,It is OK to not participate. It is your story. #MeToo https://t.co/VaGATIGbQV,It is OK to not participate. It is your story. #MeToo https://t.co/VaGATIGbQV,0.0,1.0,WEB,#metoo,0.0,0.09373646229505539,0.7425788640975952,0.16368472576141357,0.06994826346635818,0.7425788640975952,Neutral
11666,2017-10-16 23:31:10,2017-10-16,23,Monday,"#metoo
Are you seeing this @mentalpod 
25 episodes to go #catchup and you keep me going #thankyou #youarenotalone https://t.co/FXU5hHvcCD",#metoo Are you seeing this @mentalpod 25 episodes to go #catchup and you keep me going #thankyou #youarenotalone https://t.co/FXU5hHvcCD,0.0,0.0,ANDROID,#metoo,0.0,0.008397241123020649,0.09939035028219223,0.892212450504303,0.8838152093812823,0.892212450504303,Positive
14684,2017-10-16 22:04:09,2017-10-16,22,Monday,"If one more person says ""why didn't you go to the police"" as a response to #metoo posts...","If one more person says ""why didn't you go to the police"" as a response to #metoo posts...",0.0,3.0,WEB,#metoo,0.0,0.8467791080474854,0.14807094633579254,0.005149997305124998,-0.8416291107423604,0.8467791080474854,Negative
9868,2017-10-16 22:04:56,2017-10-16,22,Monday,"older male coworker stuck his fingers through my sweater to ""see what I was hiding in there."" Should have talked bu<e2><80><a6> https://t.co/IGWNcf9gyS","older male coworker stuck his fingers through my sweater to ""see what I was hiding in there."" Should have talked bu<e2><80><a6> https://t.co/IGWNcf9gyS",0.0,1.0,Unknown,#metoo,0.0,0.5542142987251282,0.42630255222320557,0.019483186304569244,-0.5347311124205589,0.5542142987251282,Negative
9664,2017-10-16 19:51:23,2017-10-16,19,Monday,A boy at my school wrote a status about another boy wanting to see my breasts. The guidance counselor said I must have provoked it. #MeToo,A boy at my school wrote a status about another boy wanting to see my breasts. The guidance counselor said I must have provoked it. #MeToo,0.0,2.0,IPHONE,#metoo,0.0,0.44883549213409424,0.5325998067855835,0.018564695492386818,-0.4302707966417074,0.5325998067855835,Neutral
25143,2017-10-16 21:58:27,2017-10-16,21,Monday,"#MeToo

In multiple professional industries. 

Amongst trusted friends.

Just last week.

....

Let's see it stop.",#MeToo In multiple professional industries. Amongst trusted friends. Just last week. .... Let's see it stop.,0.0,1.0,Unknown,#metoo,0.0,0.4075569808483124,0.5067582726478577,0.08568476885557175,-0.32187221199274063,0.5067582726478577,Neutral
606,2017-10-16 20:09:05,2017-10-16,20,Monday,#MeToo when a hashtag speaks volumeS about #sexual #harassment,#MeToo when a hashtag speaks volumeS about #sexual #harassment,0.0,1.0,IPHONE,#metoo,0.0,0.6260325908660889,0.35756346583366394,0.01640397682785988,-0.609628614038229,0.6260325908660889,Negative
8866,2017-10-16 20:34:08,2017-10-16,20,Monday,Because even the things that happened when you were younger stay with you throughout your entire life. #MeToo,Because even the things that happened when you were younger stay with you throughout your entire life. #MeToo,1.0,7.0,IPHONE,#metoo,0.0,0.03455935791134834,0.5279975533485413,0.4374430775642395,0.40288371965289116,0.5279975533485413,Neutral
17990,2017-10-16 20:02:11,2017-10-16,20,Monday,#MeToo - like pretty much every woman I know. #sadbuttrue,#MeToo - like pretty much every woman I know. #sadbuttrue,0.0,1.0,WEB,#metoo,0.0,0.8189253807067871,0.16198396682739258,0.019090626388788223,-0.7998347543179989,0.8189253807067871,Negative
24857,2017-10-16 22:42:20,2017-10-16,22,Monday,This.... this is important! #MeToo https://t.co/ZCvN2KxLKU,This.... this is important! #MeToo https://t.co/ZCvN2KxLKU,0.0,0.0,IPHONE,#metoo,0.0,0.005632850807160139,0.09300921112298965,0.9013580083847046,0.8957251575775445,0.9013580083847046,Positive
22800,2017-10-16 22:24:01,2017-10-16,22,Monday,Opinion | #MeToo is spreading. Are men getting let off the hook? https://t.co/2B84IWF2NC,Opinion | #MeToo is spreading. Are men getting let off the hook? https://t.co/2B84IWF2NC,0.0,0.0,WEB,#metoo,0.0,0.17961321771144867,0.7886275053024292,0.03175925090909004,-0.14785396680235863,0.7886275053024292,Neutral
21117,2017-10-16 21:59:51,2017-10-16,21,Monday,I told my mom when I got home that night and that's a whole another story. She never mess with me after that. #MeToo,I told my mom when I got home that night and that's a whole another story. She never mess with me after that. #MeToo,0.0,0.0,ANDROID,#metoo,0.0,0.4147438108921051,0.48463308811187744,0.10062314569950104,-0.31412066519260406,0.48463308811187744,Neutral
4818,2017-10-16 19:25:49,2017-10-16,19,Monday,I<e2><80><99>m feeling too much to keep this just on Facebook. #metoo https://t.co/M71aq29oAi,I<e2><80><99>m feeling too much to keep this just on Facebook. #metoo https://t.co/M71aq29oAi,0.0,0.0,Unknown,#metoo,0.0,0.7484434843063354,0.23700614273548126,0.014550317078828812,-0.7338931672275066,0.7484434843063354,Negative
16551,2017-10-16 22:09:29,2017-10-16,22,Monday,#MeToo because I went through years of molestation as a child and was told I was confused. Because I had to physica<e2><80><a6> https://t.co/fMoiCY3rgy,#MeToo because I went through years of molestation as a child and was told I was confused. Because I had to physica<e2><80><a6> https://t.co/fMoiCY3rgy,0.0,1.0,IPHONE,#metoo,0.0,0.834114670753479,0.1589099019765854,0.006975372787564993,-0.827139297965914,0.834114670753479,Negative
24832,2017-10-16 21:32:33,2017-10-16,21,Monday,"#MeToo

If all women who<e2><80><99>ve been sexually harassed or assaulted wrote ""Me, too"", we might give a sense of the magnitude of the problem.","#MeToo If all women who<e2><80><99>ve been sexually harassed or assaulted wrote ""Me, too"", we might give a sense of the magnitude of the problem.",0.0,2.0,ANDROID,#metoo,0.0,0.5272614359855652,0.4458514153957367,0.02688714675605297,-0.5003742892295122,0.5272614359855652,Negative
5681,2017-10-16 23:45:56,2017-10-16,23,Monday,We're all in this together #MeToo,We're all in this together #MeToo,0.0,2.0,IPHONE,#metoo,0.0,0.02704319916665554,0.22400960326194763,0.7489471435546875,0.721903944388032,0.7489471435546875,Positive
23411,2017-10-16 19:38:49,2017-10-16,19,Monday,@Unpersuaded112 @CNN @realDonaldTrump This is what happens when you have a @POTUS taking orders from the Kremlin #metoo,@Unpersuaded112 @CNN @realDonaldTrump This is what happens when you have a @POTUS taking orders from the Kremlin #metoo,0.0,1.0,Unknown,#metoo,0.0,0.797561764717102,0.19477932155132294,0.0076588960364460945,-0.789902868680656,0.797561764717102,Negative
25863,2017-10-16 19:27:05,2017-10-16,19,Monday,I was 14 the first time it happened #MeToo,I was 14 the first time it happened #MeToo,0.0,0.0,IPHONE,#metoo,0.0,0.17580591142177582,0.7475326657295227,0.07666143029928207,-0.09914448112249374,0.7475326657295227,Neutral
28481,2017-10-16 23:30:17,2017-10-16,23,Monday,"By 4 a.m. Monday, more than 200,000 #metoo tweets were published by Twitter<e2><80><99>s count. The stories came pouring forth<e2><80><a6> https://t.co/8TSknpHl8g","By 4 a.m. Monday, more than 200,000 #metoo tweets were published by Twitter<e2><80><99>s count. The stories came pouring forth<e2><80><a6> https://t.co/8TSknpHl8g",0.0,2.0,IPHONE,#metoo,0.0,0.0299383532255888,0.7679864764213562,0.20207518339157104,0.17213683016598225,0.7679864764213562,Neutral
1967,2017-10-16 22:26:41,2017-10-16,22,Monday,#MeToo - 7 hours,#MeToo - 7 hours,0.0,0.0,ANDROID,#metoo,0.0,0.04848486930131912,0.8630263805389404,0.08848873525857925,0.04000386595726013,0.8630263805389404,Neutral
18026,2017-10-16 20:39:21,2017-10-16,20,Monday,Brothers: see us more deeply than testosterone dictates. I did that on purpose. Did you? #metoo,Brothers: see us more deeply than testosterone dictates. I did that on purpose. Did you? #metoo,0.0,0.0,IPHONE,#metoo,0.0,0.11802220344543457,0.7419072985649109,0.14007052779197693,0.02204832434654236,0.7419072985649109,Neutral
17163,2017-10-16 22:15:57,2017-10-16,22,Monday,Please read and do. Thanks #metoo https://t.co/gw0YrT7Jf6,Please read and do. Thanks #metoo https://t.co/gw0YrT7Jf6,0.0,3.0,IPHONE,#metoo,0.0,0.015516544692218304,0.33911263942718506,0.6453707814216614,0.6298542367294431,0.6453707814216614,Positive
598,2017-10-16 23:34:48,2017-10-16,23,Monday,#metoo has inspired me a LOT and i will try my best to make spaces better for those behind me,#metoo has inspired me a LOT and i will try my best to make spaces better for those behind me,0.0,8.0,WEB,#metoo,0.0,0.005063306074589491,0.0274498350918293,0.9674867987632751,0.9624234926886857,0.9674867987632751,Positive
25827,2017-10-16 19:37:39,2017-10-16,19,Monday,"I've been groped, pinched, flashed, physically threatened &amp; followed at work, at gigs, at straight and gay clubs, on public transport #metoo","I've been groped, pinched, flashed, physically threatened &amp; followed at work, at gigs, at straight and gay clubs, on public transport #metoo",0.0,0.0,Unknown,#metoo,0.0,0.8546577095985413,0.1371549665927887,0.00818729866296053,-0.8464704109355807,0.8546577095985413,Negative
16686,2017-10-16 20:44:26,2017-10-16,20,Monday,"Being Captain Obvious here, but, #MeToo","Being Captain Obvious here, but, #MeToo",1.0,4.0,ANDROID,#metoo,0.0,0.11208072304725647,0.6979090571403503,0.1900101751089096,0.07792945206165314,0.6979090571403503,Neutral
14188,2017-10-16 19:33:28,2017-10-16,19,Monday,Been sexually harassed? Philly region says #MeToo https://t.co/O4GVemcN5J via @phillydotcom,Been sexually harassed? Philly region says #MeToo https://t.co/O4GVemcN5J via @phillydotcom,0.0,1.0,WEB,#metoo,0.0,0.5002139210700989,0.48480743169784546,0.014978700317442417,-0.48523522075265646,0.5002139210700989,Negative
3483,2017-10-16 22:24:44,2017-10-16,22,Monday,"#metoo by people i trusted, and in <e2><80><9c>safe<e2><80><9d> situations","#metoo by people i trusted, and in <e2><80><9c>safe<e2><80><9d> situations",0.0,14.0,Unknown,#metoo,0.0,0.2963137626647949,0.617256224155426,0.08642999082803726,-0.20988377183675766,0.617256224155426,Neutral
27590,2017-10-16 22:36:50,2017-10-16,22,Monday,"#MeToo
As the Husband of the Person I most Respect &amp; Admire, a Double Daughter Daddy &amp; Son of a Single Mom .... https://t.co/nzOJiKKfl7","#MeToo As the Husband of the Person I most Respect &amp; Admire, a Double Daughter Daddy &amp; Son of a Single Mom .... https://t.co/nzOJiKKfl7",1.0,2.0,Unknown,#metoo,0.0,0.010069482959806919,0.2227465957403183,0.7671838998794556,0.7571144169196486,0.7671838998794556,Positive
3954,2017-10-16 23:56:28,2017-10-16,23,Monday,#MeToo because I had 2 separate incidents of guys harassing me on my 1 mile walk around my<e2><80><a6> https://t.co/RfyWSwYW0S,#MeToo because I had 2 separate incidents of guys harassing me on my 1 mile walk around my<e2><80><a6> https://t.co/RfyWSwYW0S,0.0,0.0,Unknown,#metoo,0.0,0.7319515347480774,0.2536746859550476,0.014373749494552612,-0.7175777852535248,0.7319515347480774,Negative
7774,2017-10-16 19:06:07,2017-10-16,19,Monday,No need to add many words. But #MeToo. And not only once.,No need to add many words. But #MeToo. And not only once.,0.0,2.0,ANDROID,#metoo,0.0,0.14886407554149628,0.6527889370918274,0.19834697246551514,0.04948289692401886,0.6527889370918274,Neutral
14977,2017-10-16 20:24:03,2017-10-16,20,Monday,Some thoughts on #MeToo https://t.co/0eXe5YSRTA,Some thoughts on #MeToo https://t.co/0eXe5YSRTA,2.0,5.0,IPHONE,#metoo,0.0,0.030879396945238113,0.9187981486320496,0.05032249912619591,0.019443102180957794,0.9187981486320496,Neutral
1182,2017-10-16 19:40:42,2017-10-16,19,Monday,I still feel scared to walk alone wearing dresses I like. #MeToo,I still feel scared to walk alone wearing dresses I like. #MeToo,0.0,0.0,WEB,#metoo,0.0,0.6871494054794312,0.2919427156448364,0.02090785838663578,-0.6662415470927954,0.6871494054794312,Negative
6330,2017-10-16 22:06:46,2017-10-16,22,Monday,I kept quiet when I should have been screaming. #MeToo,I kept quiet when I should have been screaming. #MeToo,0.0,1.0,IPHONE,#metoo,0.0,0.6345673203468323,0.3331742286682129,0.03225850313901901,-0.6023088172078133,0.6345673203468323,Negative
16678,2017-10-16 23:24:36,2017-10-16,23,Monday,I re-find my assaulter every year or so on Facebook bc some part of my soul can<e2><80><99>t let go of what he did to me two decades ago #metoo,I re-find my assaulter every year or so on Facebook bc some part of my soul can<e2><80><99>t let go of what he did to me two decades ago #metoo,15.0,243.0,IPHONE,#metoo,0.0,0.902541995048523,0.09052097052335739,0.006937096361070871,-0.8956048986874521,0.902541995048523,Negative
4746,2017-10-16 19:30:30,2017-10-16,19,Monday,#MeToo Yes I was and it's not easy to admit. It never was. And you survivors out there don't need to feel pressured<e2><80><a6> https://t.co/laLswd6MPF,#MeToo Yes I was and it's not easy to admit. It never was. And you survivors out there don't need to feel pressured<e2><80><a6> https://t.co/laLswd6MPF,0.0,0.0,ANDROID,#metoo,0.0,0.7963777780532837,0.1894291639328003,0.014193021692335606,-0.7821847563609481,0.7963777780532837,Negative
14829,2017-10-16 21:23:04,2017-10-16,21,Monday,Everyone liked you so much they didn't believe me. They still don't. #MeToo,Everyone liked you so much they didn't believe me. They still don't. #MeToo,0.0,9.0,IPHONE,#metoo,0.0,0.7600975036621094,0.1920751929283142,0.047827303409576416,-0.712270200252533,0.7600975036621094,Negative
24017,2017-10-16 20:50:45,2017-10-16,20,Monday,@SarHamz Took me years to understand this. Thank you. #metoo,@SarHamz Took me years to understand this. Thank you. #metoo,0.0,0.0,Unknown,#metoo,0.0,0.08236026763916016,0.27946653962135315,0.6381732225418091,0.5558129549026489,0.6381732225418091,Positive
4852,2017-10-16 21:46:15,2017-10-16,21,Monday,Lady @ladygaga Gaga among the women who have spoken openly about being victims of abuse. #MeToo https://t.co/DcdJf14a16,Lady @ladygaga Gaga among the women who have spoken openly about being victims of abuse. #MeToo https://t.co/DcdJf14a16,1.0,2.0,WEB,#metoo,0.0,0.10879752784967422,0.8272508382797241,0.06395172327756882,-0.04484580457210541,0.8272508382797241,Neutral
16452,2017-10-16 19:03:27,2017-10-16,19,Monday,"Can't think of any woman in my life who hasn't been the target of unwanted, aggressive sexual attention. Not OK that it feels normal. #MeToo","Can't think of any woman in my life who hasn't been the target of unwanted, aggressive sexual attention. Not OK that it feels normal. #MeToo",1.0,8.0,WEB,#metoo,0.0,0.8731449246406555,0.11723987013101578,0.009615234099328518,-0.863529690541327,0.8731449246406555,Negative
2817,2017-10-16 20:34:06,2017-10-16,20,Monday,I will not sit in silence #metoo,I will not sit in silence #metoo,0.0,1.0,IPHONE,#metoo,0.0,0.6406835913658142,0.3252795934677124,0.03403675928711891,-0.6066468320786953,0.6406835913658142,Negative
17746,2017-10-16 23:28:16,2017-10-16,23,Monday,A Conservative Comedian Just Made A Sexist <e2><80><9c>Joke<e2><80><9d> Amid #MeToo And Quickly Paid For It https://t.co/hVvKX4DdmY https://t.co/hVvKX4DdmY,A Conservative Comedian Just Made A Sexist <e2><80><9c>Joke<e2><80><9d> Amid #MeToo And Quickly Paid For It https://t.co/hVvKX4DdmY https://t.co/hVvKX4DdmY,0.0,0.0,Unknown,#metoo,0.0,0.5272320508956909,0.4432544410228729,0.029513465240597725,-0.4977185856550932,0.5272320508956909,Negative
2194,2017-10-16 19:02:31,2017-10-16,19,Monday,Waiting for all the self-proclaimed Qawwam types to step up to the plate and tackle the root cause behind all the women sharing #MeToo.,Waiting for all the self-proclaimed Qawwam types to step up to the plate and tackle the root cause behind all the women sharing #MeToo.,2.0,18.0,ANDROID,#metoo,0.0,0.3160453140735626,0.6352384686470032,0.048716165125370026,-0.2673291489481926,0.6352384686470032,Neutral
13733,2017-10-16 23:31:47,2017-10-16,23,Monday,"""You can just lay there, you don't even have to do anything."" #metoo","""You can just lay there, you don't even have to do anything."" #metoo",0.0,0.0,ANDROID,#metoo,0.0,0.10536374896764755,0.7160146832466125,0.1786215901374817,0.07325784116983414,0.7160146832466125,Neutral
125,2017-10-16 20:19:57,2017-10-16,20,Monday,"no matter how big or small someone ELSE thinks it is .. it happened to YOU and no one else, support each other. #MeToo","no matter how big or small someone ELSE thinks it is .. it happened to YOU and no one else, support each other. #MeToo",0.0,4.0,IPHONE,#metoo,0.0,0.3543395400047302,0.5444700121879578,0.10119039565324783,-0.2531491443514824,0.5444700121879578,Neutral
6750,2017-10-16 23:41:08,2017-10-16,23,Monday,#MeToo I want to learn to support and protect my students. https://t.co/0eQQRHvO1w,#MeToo I want to learn to support and protect my students. https://t.co/0eQQRHvO1w,0.0,0.0,WEB,#metoo,0.0,0.016590166836977005,0.4289913773536682,0.5544184446334839,0.5378282777965069,0.5544184446334839,Positive
961,2017-10-16 21:47:05,2017-10-16,21,Monday,#Metoo ... i dont know many women who haven't... https://t.co/YogvYtc6n8,#Metoo ... i dont know many women who haven't... https://t.co/YogvYtc6n8,0.0,0.0,Unknown,#metoo,0.0,0.5406760573387146,0.4324224591255188,0.02690143510699272,-0.5137746222317219,0.5406760573387146,Negative
21050,2017-10-16 22:10:40,2017-10-16,22,Monday,"Maybe this is why Trump ""won"" to brig attn to rape culture and to wake us up to our own voices of strength and 2gtherness. #metoo","Maybe this is why Trump ""won"" to brig attn to rape culture and to wake us up to our own voices of strength and 2gtherness. #metoo",1.0,3.0,IPHONE,#metoo,0.0,0.4573591649532318,0.50315260887146,0.039488211274147034,-0.4178709536790848,0.50315260887146,Neutral
25697,2017-10-16 23:08:37,2017-10-16,23,Monday,The latest Library Business! https://t.co/bb5e69FIzD #metoo #womenboycotttwitter,The latest Library Business! https://t.co/bb5e69FIzD #metoo #womenboycotttwitter,0.0,0.0,Unknown,#metoo,0.0,0.01923084445297718,0.7666594982147217,0.21410971879959106,0.19487887434661388,0.7666594982147217,Neutral
14443,2017-10-16 23:03:22,2017-10-16,23,Monday,Yeah.. #metoo,Yeah.. #metoo,0.0,0.0,Unknown,#metoo,0.0,0.09760580211877823,0.6883969902992249,0.2139972448348999,0.11639144271612167,0.6883969902992249,Neutral
28055,2017-10-16 21:28:10,2017-10-16,21,Monday,"Amid the sea of #metoo posts, please remember to engage in self-care. You're not a bad survivor for needing space or boundaries, we promise.","Amid the sea of #metoo posts, please remember to engage in self-care. You're not a bad survivor for needing space or boundaries, we promise.",1.0,2.0,WEB,#metoo,0.0,0.17949235439300537,0.6502219438552856,0.17028570175170898,-0.009206652641296387,0.6502219438552856,Neutral
9605,2017-10-16 21:57:00,2017-10-16,21,Monday,"@jumblejim This is so powerful, and such a loving statement of solidarity and support from a survivor. Thank you. I believe you. #MeToo","@jumblejim This is so powerful, and such a loving statement of solidarity and support from a survivor. Thank you. I believe you. #MeToo",0.0,0.0,ANDROID,#metoo,0.0,0.009156638756394386,0.02262233756482601,0.9682210087776184,0.959064370021224,0.9682210087776184,Positive
7779,2017-10-16 22:35:17,2017-10-16,22,Monday,"Just because someone doesn't make a post doesn't mean they aren't a victim. Survivors don't owe anyone anything #MeToo
Also #fuckpoliteness",Just because someone doesn't make a post doesn't mean they aren't a victim. Survivors don't owe anyone anything #MeToo Also #fuckpoliteness,1.0,3.0,IPHONE,#metoo,0.0,0.8512375354766846,0.14176705479621887,0.006995367351919413,-0.8442421681247652,0.8512375354766846,Negative
22148,2017-10-16 20:43:31,2017-10-16,20,Monday,Sexual assault and sexual harassment is (unfortunately) an everyday norm for women. It needs to stop. #metoo,Sexual assault and sexual harassment is (unfortunately) an everyday norm for women. It needs to stop. #metoo,1.0,1.0,IPHONE,#metoo,0.0,0.9322693347930908,0.06258343160152435,0.005147257354110479,-0.9271220774389803,0.9322693347930908,Negative
20881,2017-10-16 22:14:36,2017-10-16,22,Monday,"Stand firm and stand tall! 
No means NO!

#metoo https://t.co/tDmNFn8tDY",Stand firm and stand tall! No means NO! #metoo https://t.co/tDmNFn8tDY,0.0,0.0,Unknown,#metoo,0.0,0.1411086618900299,0.4782726764678955,0.3806186616420746,0.23950999975204468,0.4782726764678955,Neutral
5480,2017-10-16 20:53:22,2017-10-16,20,Monday,"#MeToo And my mom and at least two aunts who aren't on Twitter so, y'know. While we're counting the raised hands.","#MeToo And my mom and at least two aunts who aren't on Twitter so, y'know. While we're counting the raised hands.",0.0,1.0,ANDROID,#metoo,0.0,0.24012616276741028,0.6852648258209229,0.0746089369058609,-0.16551722586154938,0.6852648258209229,Neutral
8175,2017-10-16 22:17:37,2017-10-16,22,Monday,someone want to remind me why it<e2><80><99>s on victims to rectify the problem of sexual assault and harassment #MeToo,someone want to remind me why it<e2><80><99>s on victims to rectify the problem of sexual assault and harassment #MeToo,0.0,5.0,IPHONE,#metoo,0.0,0.694491982460022,0.29334527254104614,0.012162748724222183,-0.6823292337357998,0.694491982460022,Negative
1516,2017-10-16 22:42:06,2017-10-16,22,Monday,"Every woman, man, transgender, and human that has spoken out on #MeToo you are strong and you are not alone. You deserve to feel protected.","Every woman, man, transgender, and human that has spoken out on #MeToo you are strong and you are not alone. You deserve to feel protected.",0.0,12.0,IPHONE,#metoo,0.0,0.031907133758068085,0.22593270242214203,0.7421601414680481,0.71025300770998,0.7421601414680481,Positive
12390,2017-10-16 22:53:36,2017-10-16,22,Monday,Perhaps I didn't hashtag enough. #MeToo #MondayMotivation #MondayBlues #Resist #Resistance #ImpeachTrump<e2><80><a6> https://t.co/S8A71e03dM,Perhaps I didn't hashtag enough. #MeToo #MondayMotivation #MondayBlues #Resist #Resistance #ImpeachTrump<e2><80><a6> https://t.co/S8A71e03dM,0.0,1.0,WEB,#metoo,0.0,0.38411495089530945,0.5449995398521423,0.07088545709848404,-0.3132294937968254,0.5449995398521423,Neutral
2951,2017-10-16 19:53:50,2017-10-16,19,Monday,Seeing all of the #metoo <e2><80><98>s makes me sad for what woman have gone through. Yet happy that we can support each other. Stay strong ladies <ed><a0><bd><ed><b2><95>,Seeing all of the #metoo <e2><80><98>s makes me sad for what woman have gone through. Yet happy that we can support each other. Stay strong ladies <ed><a0><bd><ed><b2><95>,0.0,8.0,IPHONE,#metoo,1.0,0.6473368406295776,0.2542697489261627,0.09839338809251785,-0.5489434525370598,0.6473368406295776,Negative
474,2017-10-16 23:23:08,2017-10-16,23,Monday,"Yeah, #MeTOO. Here's my story. It's not dramatic, not even tragic, but it's part of something bigger. https://t.co/f8Iyy70cMi","Yeah, #MeTOO. Here's my story. It's not dramatic, not even tragic, but it's part of something bigger. https://t.co/f8Iyy70cMi",0.0,0.0,WEB,#metoo,0.0,0.0342806912958622,0.2503926753997803,0.7153266072273254,0.6810459159314632,0.7153266072273254,Positive
8749,2017-10-16 20:46:28,2017-10-16,20,Monday,Well said. #MeToo https://t.co/rBoxKJaubc,Well said. #MeToo https://t.co/rBoxKJaubc,33.0,166.0,WEB,#metoo,0.0,0.012225878424942493,0.10933609306812286,0.8784380555152893,0.8662121770903468,0.8784380555152893,Positive
4249,2017-10-16 23:24:31,2017-10-16,23,Monday,I really wanted to share my #metoo story today but I am still so caught up in the stigma that I was actually worried about being judged,I really wanted to share my #metoo story today but I am still so caught up in the stigma that I was actually worried about being judged,0.0,3.0,IPHONE,#metoo,0.0,0.7890872359275818,0.19496563076972961,0.015947092324495316,-0.7731401436030865,0.7890872359275818,Negative
27448,2017-10-16 23:13:46,2017-10-16,23,Monday,"The 'Me Too' Campaign Is Everything. So Inspiring Yet Heartbreaking. 

#MeToo",The 'Me Too' Campaign Is Everything. So Inspiring Yet Heartbreaking. #MeToo,0.0,0.0,ANDROID,#metoo,0.0,0.00722036138176918,0.027070142328739166,0.9657094478607178,0.9584890864789486,0.9657094478607178,Positive
4502,2017-10-16 21:59:47,2017-10-16,21,Monday,"For myself, for my friends &amp; family, &amp; for all the other women I have passed on the street who have suffered the same abuse #MeToo","For myself, for my friends &amp; family, &amp; for all the other women I have passed on the street who have suffered the same abuse #MeToo",0.0,1.0,IPHONE,#metoo,0.0,0.39766404032707214,0.5311592817306519,0.07117664813995361,-0.32648739218711853,0.5311592817306519,Neutral
26563,2017-10-16 23:06:45,2017-10-16,23,Monday,<ed><a0><bd><ed><b1><8f><ed><a0><bd><ed><b1><8f><ed><a0><bd><ed><b1><8f> So well said. One of mine did warrant a police report and I still didn't think it was worth mentioning. #MeToo https://t.co/9naNThSF52,<ed><a0><bd><ed><b1><8f><ed><a0><bd><ed><b1><8f><ed><a0><bd><ed><b1><8f> So well said. One of mine did warrant a police report and I still didn't think it was worth mentioning. #MeToo https://t.co/9naNThSF52,0.0,1.0,IPHONE,#metoo,1.0,0.388677716255188,0.4728916585445404,0.138430655002594,-0.250247061252594,0.4728916585445404,Neutral
24765,2017-10-16 21:29:27,2017-10-16,21,Monday,"Yeah so harassed by strange men on a regular basis, faced a stalker in court, a camp counselor exposed himself to me when I was 7 #MeToo","Yeah so harassed by strange men on a regular basis, faced a stalker in court, a camp counselor exposed himself to me when I was 7 #MeToo",0.0,1.0,ANDROID,#metoo,0.0,0.8783484697341919,0.11343612521886826,0.008215483278036118,-0.8701329864561558,0.8783484697341919,Negative
2950,2017-10-16 19:53:00,2017-10-16,19,Monday,Tired of people assuming that #MeToo is just an attention seeking trend. Read what I have to say on FB about that...,Tired of people assuming that #MeToo is just an attention seeking trend. Read what I have to say on FB about that...,0.0,0.0,IPHONE,#metoo,0.0,0.8567517399787903,0.13535377383232117,0.007894475013017654,-0.8488572649657726,0.8567517399787903,Negative
18631,2017-10-16 22:26:46,2017-10-16,22,Monday,Dear #MeToo...#IBelieveYou <e2><9d><a4><ef><b8><8f><ed><a0><bd><ed><b2><aa><ed><a0><bc><ed><bf><bb>,Dear #MeToo...#IBelieveYou <e2><9d><a4><ef><b8><8f><ed><a0><bd><ed><b2><aa><ed><a0><bc><ed><bf><bb>,0.0,1.0,IPHONE,#metoo,3.0,0.11130814254283905,0.5747064352035522,0.3139854073524475,0.20267726480960846,0.5747064352035522,Neutral
21971,2017-10-16 22:24:13,2017-10-16,22,Monday,#Chicago producer's take on the #harvyweinstein scandal https://t.co/9TBotnufcF #lauraday #film #Womanwhoroar #MeToo https://t.co/qGLadwLZ6n,#Chicago producer's take on the #harvyweinstein scandal https://t.co/9TBotnufcF #lauraday #film #Womanwhoroar #MeToo https://t.co/qGLadwLZ6n,0.0,0.0,Unknown,#metoo,0.0,0.04241592809557915,0.9285440444946289,0.029040001332759857,-0.01337592676281929,0.9285440444946289,Neutral
393,2017-10-16 20:02:08,2017-10-16,20,Monday,"@judyms12 @Ojoyd @LainiMoreno @womensmarch #MeToo but mine wasn't sexual assault. It was ""punishment"" for being a b<e2><80><a6> https://t.co/ntatOyWejA","@judyms12 @Ojoyd @LainiMoreno @womensmarch #MeToo but mine wasn't sexual assault. It was ""punishment"" for being a b<e2><80><a6> https://t.co/ntatOyWejA",0.0,0.0,WEB,#metoo,0.0,0.6254969239234924,0.35328519344329834,0.02121790312230587,-0.6042790208011866,0.6254969239234924,Negative
12424,2017-10-16 22:51:01,2017-10-16,22,Monday,#MeToo: Thousands of Women Reveal Experiences With Sexual Harassment and Assault https://t.co/GOOcq0Wzbc  me too,#MeToo: Thousands of Women Reveal Experiences With Sexual Harassment and Assault https://t.co/GOOcq0Wzbc me too,0.0,1.0,WEB,#metoo,0.0,0.4335636496543884,0.5343450903892517,0.03209130838513374,-0.4014723412692547,0.5343450903892517,Neutral
21642,2017-10-16 21:11:34,2017-10-16,21,Monday,Beginning at 5 years old on.  #MeToo,Beginning at 5 years old on. #MeToo,0.0,0.0,IPHONE,#metoo,0.0,0.052018798887729645,0.8582590818405151,0.08972209692001343,0.03770329803228378,0.8582590818405151,Neutral
16589,2017-10-16 21:59:34,2017-10-16,21,Monday,#MeToo was started by a black woman named Tarana Burke NOT Alyssa Milano. <ed><a0><be><ed><b4><a6><ed><a0><bc><ed><bf><be><e2><80><8d><e2><99><80><ef><b8><8f>,#MeToo was started by a black woman named Tarana Burke NOT Alyssa Milano. <ed><a0><be><ed><b4><a6><ed><a0><bc><ed><bf><be><e2><80><8d><e2><99><80><ef><b8><8f>,1.0,1.0,IPHONE,#metoo,1.0,0.3901475965976715,0.5805753469467163,0.02927703969180584,-0.36087055690586567,0.5805753469467163,Neutral
23876,2017-10-16 19:57:39,2017-10-16,19,Monday,"If all the women who have ever been sexually harassed wrote ""Me too."", we might give people a sense of the magnitude of the problem.
#MeToo","If all the women who have ever been sexually harassed wrote ""Me too."", we might give people a sense of the magnitude of the problem. #MeToo",0.0,0.0,ANDROID,#metoo,0.0,0.4981358051300049,0.4597810208797455,0.04208309203386307,-0.4560527130961418,0.4981358051300049,Negative
25221,2017-10-16 19:10:18,2017-10-16,19,Monday,"1. It's never ok. 
2. It's NEVER Your fault.
3. I belive in You. 
I hope with all my heart, my daughters will never have to say this #MeToo","1. It's never ok. 2. It's NEVER Your fault. 3. I belive in You. I hope with all my heart, my daughters will never have to say this #MeToo",0.0,1.0,ANDROID,#metoo,0.0,0.8193485736846924,0.15422090888023376,0.026430513709783554,-0.7929180599749088,0.8193485736846924,Negative
17086,2017-10-16 20:06:37,2017-10-16,20,Monday,"keep in mind that this #MeToo hashtag applies to men and women alike, sexual harassment/assault is not exclusive to women alone","keep in mind that this #MeToo hashtag applies to men and women alike, sexual harassment/assault is not exclusive to women alone",2.0,7.0,IPHONE,#metoo,0.0,0.3734637498855591,0.5848901271820068,0.04164612293243408,-0.331817626953125,0.5848901271820068,Neutral
2190,2017-10-16 20:54:40,2017-10-16,20,Monday,#metoo is all that has to be said on my part. A story saved for a time later in life.,#metoo is all that has to be said on my part. A story saved for a time later in life.,1.0,0.0,Unknown,#metoo,0.0,0.2647620439529419,0.6506533622741699,0.08458466082811356,-0.18017738312482834,0.6506533622741699,Neutral
5881,2017-10-16 19:39:37,2017-10-16,19,Monday,"@TravisAaronWade @Alyssa_Milano 
Who attacks ANYONE who reaches out/reports sexual abuse?!? Please Don't Taint #MeToo w/your gender bias...",@TravisAaronWade @Alyssa_Milano Who attacks ANYONE who reaches out/reports sexual abuse?!? Please Don't Taint #MeToo w/your gender bias...,0.0,3.0,ANDROID,#metoo,0.0,0.8870235085487366,0.10762108862400055,0.005355415865778923,-0.8816680926829576,0.8870235085487366,Negative
19117,2017-10-16 21:34:27,2017-10-16,21,Monday,"To all my sisters out there, whether you<e2><80><99>ve felt comfortable to share your #MeToo stories or not, I am so very sorr<e2><80><a6> https://t.co/jFw7vphL0r","To all my sisters out there, whether you<e2><80><99>ve felt comfortable to share your #MeToo stories or not, I am so very sorr<e2><80><a6> https://t.co/jFw7vphL0r",0.0,2.0,IPHONE,#metoo,0.0,0.6601159572601318,0.29199397563934326,0.047890082001686096,-0.6122258752584457,0.6601159572601318,Negative
10257,2017-10-16 19:30:13,2017-10-16,19,Monday,@Joshingtron I knew there was a reason I liked you so much. #MeToo,@Joshingtron I knew there was a reason I liked you so much. #MeToo,0.0,1.0,ANDROID,#metoo,0.0,0.007287296932190657,0.04611709713935852,0.9465956091880798,0.9393083122558892,0.9465956091880798,Positive
3223,2017-10-16 23:58:59,2017-10-16,23,Monday,Awful but so true. #metoo https://t.co/TW0eoz9m7O,Awful but so true. #metoo https://t.co/TW0eoz9m7O,0.0,2.0,IPHONE,#metoo,0.0,0.9181565642356873,0.07200420647859573,0.009839222766458988,-0.9083173414692283,0.9181565642356873,Negative
23031,2017-10-16 19:28:15,2017-10-16,19,Monday,rape usually comes to mind thinking of the word <e2><80><9c>powerless<e2><80><9d> until you<e2><80><99>ve felt your control escape as someone forces you to kiss him #metoo,rape usually comes to mind thinking of the word <e2><80><9c>powerless<e2><80><9d> until you<e2><80><99>ve felt your control escape as someone forces you to kiss him #metoo,0.0,0.0,IPHONE,#metoo,0.0,0.38526710867881775,0.573313295841217,0.04141958802938461,-0.34384752064943314,0.573313295841217,Neutral
14938,2017-10-16 23:08:57,2017-10-16,23,Monday,"@Alyssa_Milano #MeToo After so many uears, I think this is the first time I have ever admitted that. <ed><a0><bd><ed><b8><a2>","@Alyssa_Milano #MeToo After so many uears, I think this is the first time I have ever admitted that. <ed><a0><bd><ed><b8><a2>",0.0,0.0,ANDROID,#metoo,1.0,0.1748839169740677,0.6984022259712219,0.1267138421535492,-0.048170074820518494,0.6984022259712219,Neutral
1855,2017-10-16 23:54:15,2017-10-16,23,Monday,@SummerHelene @WhiteHouse @realDonaldTrump Crocked?  LOL #MeToo,@SummerHelene @WhiteHouse @realDonaldTrump Crocked? LOL #MeToo,0.0,0.0,WEB,#metoo,0.0,0.057644568383693695,0.784725546836853,0.1576298624277115,0.09998529404401779,0.784725546836853,Neutral
16358,2017-10-16 19:19:47,2017-10-16,19,Monday,I suppose I<e2><80><99>ll take part in this. #MeToo.,I suppose I<e2><80><99>ll take part in this. #MeToo.,0.0,0.0,IPHONE,#metoo,0.0,0.13716211915016174,0.7300845980644226,0.1327531933784485,-0.004408925771713257,0.7300845980644226,Neutral
25649,2017-10-16 22:26:09,2017-10-16,22,Monday,There are so many. This has been in a way both comforting and heartbreaking. #MeToo #ibelieveyou https://t.co/lbmT3GMPVf,There are so many. This has been in a way both comforting and heartbreaking. #MeToo #ibelieveyou https://t.co/lbmT3GMPVf,0.0,1.0,ANDROID,#metoo,0.0,0.29675212502479553,0.3640470504760742,0.3392007648944855,0.04244863986968994,0.3640470504760742,Neutral
14474,2017-10-16 23:34:04,2017-10-16,23,Monday,A Conservative Comedian Just Made A Sexist <e2><80><9c>Joke<e2><80><9d> Amid #MeToo And Quickly Paid For It https://t.co/F1b5hN05hJ https://t.co/F1b5hN05hJ,A Conservative Comedian Just Made A Sexist <e2><80><9c>Joke<e2><80><9d> Amid #MeToo And Quickly Paid For It https://t.co/F1b5hN05hJ https://t.co/F1b5hN05hJ,0.0,0.0,Unknown,#metoo,0.0,0.5272320508956909,0.4432544410228729,0.029513465240597725,-0.4977185856550932,0.5272320508956909,Negative
14920,2017-10-16 22:12:59,2017-10-16,22,Monday,@Alyssa_Milano @DLoesch Exactly! Protect my right to defend myself #A2 #metoo,@Alyssa_Milano @DLoesch Exactly! Protect my right to defend myself #A2 #metoo,0.0,0.0,IPHONE,#metoo,0.0,0.11319417506456375,0.6285056471824646,0.25830018520355225,0.1451060101389885,0.6285056471824646,Neutral
4008,2017-10-16 22:38:26,2017-10-16,22,Monday,The latest BrightGirl's Media! https://t.co/e1Vw5LIcXC Thanks to @LaunchDFW #dallas #metoo,The latest BrightGirl's Media! https://t.co/e1Vw5LIcXC Thanks to @LaunchDFW #dallas #metoo,0.0,0.0,Unknown,#metoo,0.0,0.0019521760987117887,0.0945361852645874,0.903511643409729,0.9015594673110172,0.903511643409729,Positive
20535,2017-10-16 22:07:04,2017-10-16,22,Monday,It's about time that these words can be said openly.  #MeToo,It's about time that these words can be said openly. #MeToo,0.0,2.0,WEB,#metoo,0.0,0.28076139092445374,0.5631459951400757,0.15609264373779297,-0.12466874718666077,0.5631459951400757,Neutral
18890,2017-10-16 22:53:46,2017-10-16,22,Monday,The #MeToo hashtag could be posted by nearly every female on the planet. #RapeMolestationHarassment is more common than ppl want to believe.,The #MeToo hashtag could be posted by nearly every female on the planet. #RapeMolestationHarassment is more common than ppl want to believe.,6.0,16.0,WEB,#metoo,0.0,0.641813337802887,0.3236859440803528,0.03450067341327667,-0.6073126643896103,0.641813337802887,Negative
225,2017-10-16 19:34:21,2017-10-16,19,Monday,"Just because we're not sharing a story, doesn't mean we don't have one. 
#MeToo","Just because we're not sharing a story, doesn't mean we don't have one. #MeToo",3.0,11.0,IPHONE,#metoo,0.0,0.34214869141578674,0.629832923412323,0.028018364682793617,-0.3141303267329931,0.629832923412323,Neutral
20857,2017-10-16 20:45:38,2017-10-16,20,Monday,"Saddened &amp; not surprised from the number of people in my feed saying #MeToo . Great show of solidarity. Posted mine on FB, but again, Me Too","Saddened &amp; not surprised from the number of people in my feed saying #MeToo . Great show of solidarity. Posted mine on FB, but again, Me Too",0.0,2.0,ANDROID,#metoo,0.0,0.09037353843450546,0.19342362880706787,0.7162028551101685,0.625829316675663,0.7162028551101685,Positive
19174,2017-10-16 23:09:16,2017-10-16,23,Monday,"#MeToo by a friend of a friend. No was not heard, listened to, or respected.","#MeToo by a friend of a friend. No was not heard, listened to, or respected.",0.0,0.0,ANDROID,#metoo,0.0,0.7631447911262512,0.22419896721839905,0.012656317092478275,-0.750488474033773,0.7631447911262512,Negative
19926,2017-10-16 22:02:02,2017-10-16,22,Monday,"#MeToo. And I support all the other fiercely brave ""Me Too's"" out there <e2><9d><a4><ef><b8><8f>","#MeToo. And I support all the other fiercely brave ""Me Too's"" out there <e2><9d><a4><ef><b8><8f>",0.0,1.0,IPHONE,#metoo,1.0,0.016844844445586205,0.15008002519607544,0.8330751061439514,0.8162302616983652,0.8330751061439514,Positive
3694,2017-10-16 21:56:16,2017-10-16,21,Monday,I should not have been blamed for the length of my dress. #metoo,I should not have been blamed for the length of my dress. #metoo,0.0,2.0,IPHONE,#metoo,0.0,0.8718024492263794,0.12194791436195374,0.006249688565731049,-0.8655527606606483,0.8718024492263794,Negative
7915,2017-10-16 19:38:50,2017-10-16,19,Monday,Still relevant #MeToo https://t.co/AV0XeFju67,Still relevant #MeToo https://t.co/AV0XeFju67,0.0,1.0,IPHONE,#metoo,0.0,0.027874009683728218,0.6411449313163757,0.33098104596138,0.3031070362776518,0.6411449313163757,Neutral
18808,2017-10-16 21:24:12,2017-10-16,21,Monday,#metoo. And to everyone else sharing their stories and to those who choose not to #respect https://t.co/GTHadGSHPN,#metoo. And to everyone else sharing their stories and to those who choose not to #respect https://t.co/GTHadGSHPN,5.0,5.0,IPHONE,#metoo,0.0,0.5327916145324707,0.44930627942085266,0.017902076244354248,-0.5148895382881165,0.5327916145324707,Negative
14183,2017-10-16 22:58:50,2017-10-16,22,Monday,Male privilege is seeing women support each other with a hashtag and feeling the need to make it all about YOU. #MeToo,Male privilege is seeing women support each other with a hashtag and feeling the need to make it all about YOU. #MeToo,0.0,1.0,WEB,#metoo,0.0,0.33440157771110535,0.5527181625366211,0.11288018524646759,-0.22152139246463776,0.5527181625366211,Neutral
134,2017-10-16 19:19:10,2017-10-16,19,Monday,"#MeToo. We<e2><80><99>ve all had something shouted at us from a van driving past or from across the street, right? That<e2><80><99>s <e2><80><98>nor<e2><80><a6> https://t.co/5IdROzvwYx","#MeToo. We<e2><80><99>ve all had something shouted at us from a van driving past or from across the street, right? That<e2><80><99>s <e2><80><98>nor<e2><80><a6> https://t.co/5IdROzvwYx",0.0,0.0,Unknown,#metoo,0.0,0.38455930352211,0.5873385071754456,0.028102200478315353,-0.35645710304379463,0.5873385071754456,Neutral
22892,2017-10-16 20:02:59,2017-10-16,20,Monday,"#metoo
I was 14 almost 15.",#metoo I was 14 almost 15.,0.0,0.0,IPHONE,#metoo,0.0,0.09631166607141495,0.8240096569061279,0.07967860251665115,-0.016633063554763794,0.8240096569061279,Neutral
26507,2017-10-16 20:07:17,2017-10-16,20,Monday,"#MeToo because each an every one of us experienced somewhere, somehow unrequested advance and compliments. And this must stop!","#MeToo because each an every one of us experienced somewhere, somehow unrequested advance and compliments. And this must stop!",0.0,0.0,IPHONE,#metoo,0.0,0.6631391048431396,0.3080793619155884,0.028781555593013763,-0.6343575492501259,0.6631391048431396,Negative
13375,2017-10-16 19:07:09,2017-10-16,19,Monday,I do not expect many men are brave enough to follow the #MeToo with an #IveDoneIt. Prove me wrong.,I do not expect many men are brave enough to follow the #MeToo with an #IveDoneIt. Prove me wrong.,0.0,2.0,IPHONE,#metoo,0.0,0.7134754657745361,0.2682831883430481,0.018241295590996742,-0.6952341701835394,0.7134754657745361,Negative
5022,2017-10-16 19:10:20,2017-10-16,19,Monday,"It<e2><80><99>s not a bandwagon I really want to jump unto, but #MeToo.","It<e2><80><99>s not a bandwagon I really want to jump unto, but #MeToo.",0.0,1.0,Unknown,#metoo,0.0,0.4479263126850128,0.46502014994621277,0.08705352246761322,-0.3608727902173996,0.46502014994621277,Neutral
3811,2017-10-16 19:12:42,2017-10-16,19,Monday,It<e2><80><99>s sad that crossing roads so that we don<e2><80><99>t have to listen to catcalling/unwanted remarks is something we<e2><80><99>ve just become used to. #metoo,It<e2><80><99>s sad that crossing roads so that we don<e2><80><99>t have to listen to catcalling/unwanted remarks is something we<e2><80><99>ve just become used to. #metoo,0.0,2.0,IPHONE,#metoo,0.0,0.9086304306983948,0.08585677295923233,0.005512835457921028,-0.9031175952404737,0.9086304306983948,Negative
4004,2017-10-16 22:55:57,2017-10-16,22,Monday,Listening to the victims bathrobe/massage stories fearing an assumed career gatekeeper is all too familiar. #metoo #MakeItStop,Listening to the victims bathrobe/massage stories fearing an assumed career gatekeeper is all too familiar. #metoo #MakeItStop,0.0,2.0,WEB,#metoo,0.0,0.8751877546310425,0.1188742071390152,0.00593811459839344,-0.869249640032649,0.8751877546310425,Negative
10164,2017-10-16 19:55:08,2017-10-16,19,Monday,"I've had my ass grabbed abs slapped numerous times at shows or when people were ""drunk"" it's not okay it's never okay. #metoo","I've had my ass grabbed abs slapped numerous times at shows or when people were ""drunk"" it's not okay it's never okay. #metoo",0.0,0.0,IPHONE,#metoo,0.0,0.920278787612915,0.07390350103378296,0.0058176470920443535,-0.9144611405208707,0.920278787612915,Negative
22231,2017-10-16 22:31:48,2017-10-16,22,Monday,"I don<e2><80><99>t know ANY women who haven<e2><80><99>t been sexually harassed/assaulted.  If you<e2><80><99>re a women, I<e2><80><99>ll bet you don<e2><80><99>t either. Let that sink in. #metoo","I don<e2><80><99>t know ANY women who haven<e2><80><99>t been sexually harassed/assaulted. If you<e2><80><99>re a women, I<e2><80><99>ll bet you don<e2><80><99>t either. Let that sink in. #metoo",0.0,0.0,Unknown,#metoo,0.0,0.7871938943862915,0.19363898038864136,0.019167199730873108,-0.7680266946554184,0.7871938943862915,Negative
21022,2017-10-16 19:25:49,2017-10-16,19,Monday,@Alyssa_Milano #MeToo  Me too,@Alyssa_Milano #MeToo Me too,0.0,0.0,Unknown,#metoo,0.0,0.05420137196779251,0.7039815783500671,0.24181696772575378,0.18761559575796127,0.7039815783500671,Neutral
27378,2017-10-16 21:28:35,2017-10-16,21,Monday,Several assaults on several occasions - verbally and physically. I will keep on fighting back! #MeToo,Several assaults on several occasions - verbally and physically. I will keep on fighting back! #MeToo,0.0,2.0,Unknown,#metoo,0.0,0.6033745408058167,0.32333725690841675,0.073288194835186,-0.5300863459706306,0.6033745408058167,Negative
20402,2017-10-16 20:31:56,2017-10-16,20,Monday,It's time we talked about PROTECTING our kids and young people from sexual abuse. #metoo #stopitnow https://t.co/mj4XRjxUCj,It's time we talked about PROTECTING our kids and young people from sexual abuse. #metoo #stopitnow https://t.co/mj4XRjxUCj,0.0,0.0,Unknown,#metoo,0.0,0.6436770558357239,0.3229092061519623,0.03341367468237877,-0.6102633811533451,0.6436770558357239,Negative
7209,2017-10-16 23:46:46,2017-10-16,23,Monday,All the unbelievably brave and strong women coming out with #MeToo you are the role models I want my children to be inspired by! #SoProud,All the unbelievably brave and strong women coming out with #MeToo you are the role models I want my children to be inspired by! #SoProud,0.0,0.0,IPHONE,#metoo,0.0,0.004564493894577026,0.0144269410520792,0.9810085296630859,0.9764440357685089,0.9810085296630859,Positive
14392,2017-10-16 23:13:42,2017-10-16,23,Monday,@Alyssa_Milano Thank you for this. The whole Trump presidency is like one giant trigger for all kinds of garbage in my (our?) lives. #MeToo,@Alyssa_Milano Thank you for this. The whole Trump presidency is like one giant trigger for all kinds of garbage in my (our?) lives. #MeToo,0.0,0.0,IPHONE,#metoo,0.0,0.8763958811759949,0.09332455694675446,0.03027954511344433,-0.8461163360625505,0.8763958811759949,Negative
10234,2017-10-16 22:56:16,2017-10-16,22,Monday,It's sad that this has happened to so many men and women that #MeToo is trending.,It's sad that this has happened to so many men and women that #MeToo is trending.,0.0,0.0,IPHONE,#metoo,0.0,0.923004150390625,0.0719158947467804,0.00507994182407856,-0.9179242085665464,0.923004150390625,Negative
2464,2017-10-16 20:41:52,2017-10-16,20,Monday,"all the #metoo posts not only make me upset by seeing people i love speaking out, but REALLY shows that ""one in five"" is... really low.","all the #metoo posts not only make me upset by seeing people i love speaking out, but REALLY shows that ""one in five"" is... really low.",0.0,1.0,WEB,#metoo,0.0,0.9491540193557739,0.04698969051241875,0.0038563173729926348,-0.9452977019827813,0.9491540193557739,Negative
9769,2017-10-16 22:57:57,2017-10-16,22,Monday,From age 13 on. #metoo,From age 13 on. #metoo,0.0,0.0,IPHONE,#metoo,0.0,0.03790827468037605,0.8411446213722229,0.12094708532094955,0.0830388106405735,0.8411446213722229,Neutral
4652,2017-10-16 22:47:47,2017-10-16,22,Monday,"Instead of #MeToo, I want to type #OfCourse because, frankly, I learned after the first time to simply expect it.<e2><80><a6> https://t.co/7s0BNprKYE","Instead of #MeToo, I want to type #OfCourse because, frankly, I learned after the first time to simply expect it.<e2><80><a6> https://t.co/7s0BNprKYE",0.0,1.0,ANDROID,#metoo,0.0,0.41166114807128906,0.5373759269714355,0.05096294358372688,-0.3606982044875622,0.5373759269714355,Neutral
20624,2017-10-16 23:04:47,2017-10-16,23,Monday,Too many times than I want to remember #metoo,Too many times than I want to remember #metoo,0.0,0.0,IPHONE,#metoo,0.0,0.6614689230918884,0.29606378078460693,0.04246727377176285,-0.6190016493201256,0.6614689230918884,Negative
3101,2017-10-16 19:09:27,2017-10-16,19,Monday,#MeToo: In my teens I got in a cab in NYC. The driver kept looking at me &amp; said he'd give me a free ride 4 a blow job. Report it.,#MeToo: In my teens I got in a cab in NYC. The driver kept looking at me &amp; said he'd give me a free ride 4 a blow job. Report it.,0.0,0.0,WEB,#metoo,0.0,0.7447292804718018,0.24050410091876984,0.01476665586233139,-0.7299626246094704,0.7447292804718018,Negative
5437,2017-10-16 23:07:19,2017-10-16,23,Monday,The scariest thing about this hashtag is that almost every girl I know has a reason to use it #MeToo,The scariest thing about this hashtag is that almost every girl I know has a reason to use it #MeToo,1.0,2.0,IPHONE,#metoo,0.0,0.8748976588249207,0.11247199773788452,0.012630338780581951,-0.8622673200443387,0.8748976588249207,Negative
12703,2017-10-16 20:42:00,2017-10-16,20,Monday,"""No survivor of violence should be compelled to unearth their scars in order to reach those responsible."" https://t.co/OlhnS6jJB2 #MeToo","""No survivor of violence should be compelled to unearth their scars in order to reach those responsible."" https://t.co/OlhnS6jJB2 #MeToo",69.0,159.0,IPHONE,#metoo,0.0,0.6625081896781921,0.32407158613204956,0.013420188799500465,-0.6490880008786917,0.6625081896781921,Negative
23406,2017-10-16 19:46:16,2017-10-16,19,Monday,"I hear you. 

I believe you. 

#MeToo",I hear you. I believe you. #MeToo,0.0,1.0,IPHONE,#metoo,0.0,0.01968054100871086,0.3018036186695099,0.6785158514976501,0.6588353104889393,0.6785158514976501,Positive
22593,2017-10-16 21:56:37,2017-10-16,21,Monday,CEO of company I used to work for: <e2><80><9c>Come sit next to me. I<e2><80><99>d like that.<e2><80><9d> And <e2><80><9c>You<e2><80><99>re a whore.<e2><80><9d> #MeToo #ToNameAFew,CEO of company I used to work for: <e2><80><9c>Come sit next to me. I<e2><80><99>d like that.<e2><80><9d> And <e2><80><9c>You<e2><80><99>re a whore.<e2><80><9d> #MeToo #ToNameAFew,0.0,6.0,IPHONE,#metoo,0.0,0.5813056826591492,0.36524730920791626,0.05344702675938606,-0.5278586558997631,0.5813056826591492,Negative
20665,2017-10-16 19:21:56,2017-10-16,19,Monday,Because no one deserves this treatment. #MeToo,Because no one deserves this treatment. #MeToo,4.0,1.0,IPHONE,#metoo,0.0,0.8812549114227295,0.10917439311742783,0.009570748545229435,-0.8716841628775001,0.8812549114227295,Negative
14926,2017-10-16 20:51:56,2017-10-16,20,Monday,"Denial is a bitch. 

#MeToo",Denial is a bitch. #MeToo,0.0,3.0,IPHONE,#metoo,0.0,0.923272967338562,0.06835413724184036,0.008372895419597626,-0.9149000719189644,0.923272967338562,Negative
26127,2017-10-16 23:35:41,2017-10-16,23,Monday,"I think it<e2><80><99>s much harder to find women who haven<e2><80><99>t been assaulted, abused, or harassed. #MeToo","I think it<e2><80><99>s much harder to find women who haven<e2><80><99>t been assaulted, abused, or harassed. #MeToo",1.0,3.0,IPHONE,#metoo,0.0,0.8258569240570068,0.1651965081691742,0.008946489542722702,-0.8169104345142841,0.8258569240570068,Negative
15968,2017-10-16 21:01:29,2017-10-16,21,Monday,Victims don't owe you an explanation. But I applaud everyone who posts #MeToo  And chooses to tell their story,Victims don't owe you an explanation. But I applaud everyone who posts #MeToo And chooses to tell their story,0.0,0.0,WEB,#metoo,0.0,0.22490458190441132,0.6175335645675659,0.1575617790222168,-0.06734280288219452,0.6175335645675659,Neutral
9447,2017-10-16 20:21:22,2017-10-16,20,Monday,"#MeToo This scares me so much,  I am not ever going to approach a woman. She is going to put a gun to my head to touch her","#MeToo This scares me so much, I am not ever going to approach a woman. She is going to put a gun to my head to touch her",0.0,0.0,ANDROID,#metoo,0.0,0.9221060276031494,0.06905639171600342,0.008837582543492317,-0.9132684450596571,0.9221060276031494,Negative
7558,2017-10-16 23:59:55,2017-10-16,23,Monday,"For long sexual harassment was presented to me as part of the deal; I chose a field that was male-dominated, what did I expect?#MeToo","For long sexual harassment was presented to me as part of the deal; I chose a field that was male-dominated, what did I expect?#MeToo",0.0,4.0,ANDROID,#metoo,0.0,0.8428351879119873,0.1482357382774353,0.0089291175827384,-0.8339060703292489,0.8428351879119873,Negative
8936,2017-10-16 19:29:08,2017-10-16,19,Monday,"#metoo man grabbed me from behind to drag me behind a car, luckily my instincts made me kick behind me i got him in balls, i was 15","#metoo man grabbed me from behind to drag me behind a car, luckily my instincts made me kick behind me i got him in balls, i was 15",0.0,2.0,ANDROID,#metoo,0.0,0.5761508941650391,0.36165592074394226,0.06219322606921196,-0.5139576680958271,0.5761508941650391,Negative
26246,2017-10-16 19:14:06,2017-10-16,19,Monday,Saddened and very unsurprised to see so many #metoo posts. https://t.co/u9a6m74c1J,Saddened and very unsurprised to see so many #metoo posts. https://t.co/u9a6m74c1J,0.0,0.0,ANDROID,#metoo,0.0,0.9150245189666748,0.07928168028593063,0.005693845450878143,-0.9093306735157967,0.9150245189666748,Negative
4795,2017-10-16 23:59:41,2017-10-16,23,Monday,"At age 16, my grandfather grabbed me and tried to kiss me.  I<e2><80><99>m 60 now, but will never forget.  #MeToo","At age 16, my grandfather grabbed me and tried to kiss me. I<e2><80><99>m 60 now, but will never forget. #MeToo",0.0,0.0,IPHONE,#metoo,0.0,0.6364682912826538,0.31632956862449646,0.04720216616988182,-0.589266125112772,0.6364682912826538,Negative
5813,2017-10-16 19:30:48,2017-10-16,19,Monday,#MeToo. I<e2><80><99>m with you all. Let<e2><80><99>s change the world. https://t.co/WdQhvjMXBg,#MeToo. I<e2><80><99>m with you all. Let<e2><80><99>s change the world. https://t.co/WdQhvjMXBg,0.0,2.0,IPHONE,#metoo,0.0,0.008048363961279392,0.09867382794618607,0.8932777643203735,0.8852294003590941,0.8932777643203735,Positive
8830,2017-10-16 22:36:55,2017-10-16,22,Monday,"<ed><a0><bd><ed><b3><b7> In support of #metoo Maybe I have more reason than most men to speak out about this campaign, but I... https://t.co/p4Kokq7U4S","<ed><a0><bd><ed><b3><b7> In support of #metoo Maybe I have more reason than most men to speak out about this campaign, but I... https://t.co/p4Kokq7U4S",0.0,3.0,Unknown,#metoo,1.0,0.054282620549201965,0.6442608833312988,0.301456481218338,0.24717386066913605,0.6442608833312988,Neutral
26732,2017-10-16 23:26:29,2017-10-16,23,Monday,"Just So We're Clear, #MeToo Was Started By A Black Woman + The Stories https://t.co/nQJQQolh2U via @MadameNoire","Just So We're Clear, #MeToo Was Started By A Black Woman + The Stories https://t.co/nQJQQolh2U via @MadameNoire",0.0,0.0,ANDROID,#metoo,0.0,0.016538185998797417,0.9250366687774658,0.05842520669102669,0.04188702069222927,0.9250366687774658,Neutral
3485,2017-10-16 22:44:15,2017-10-16,22,Monday,/constant in my life. #MeToo,/constant in my life. #MeToo,0.0,11.0,IPHONE,#metoo,0.0,0.24583309888839722,0.6632010340690613,0.09096591919660568,-0.15486717969179153,0.6632010340690613,Neutral
11364,2017-10-16 20:09:43,2017-10-16,20,Monday,What if you reported it and they're still out there? What then? Don't listen to anyone asking why you didn't report it. #MeToo,What if you reported it and they're still out there? What then? Don't listen to anyone asking why you didn't report it. #MeToo,0.0,2.0,IPHONE,#metoo,0.0,0.7626230716705322,0.23048120737075806,0.006895755883306265,-0.755727315787226,0.7626230716705322,Negative
12145,2017-10-16 22:25:00,2017-10-16,22,Monday,#metoo pt1 A physical therapist at at doctor's office said the most inappropriate things to me for MOTHS. Me...a strong badass bitch...,#metoo pt1 A physical therapist at at doctor's office said the most inappropriate things to me for MOTHS. Me...a strong badass bitch...,0.0,0.0,ANDROID,#metoo,0.0,0.8468127846717834,0.13470755517482758,0.018479591235518456,-0.828333193436265,0.8468127846717834,Negative
16637,2017-10-16 21:30:25,2017-10-16,21,Monday,"#MeToo, but since you're listening, make sure you aren't only listening to white women, cis women, hetero women.","#MeToo, but since you're listening, make sure you aren't only listening to white women, cis women, hetero women.",0.0,2.0,ANDROID,#metoo,0.0,0.20528936386108398,0.7110978960990906,0.08361267298460007,-0.12167669087648392,0.7110978960990906,Neutral
7910,2017-10-16 20:33:03,2017-10-16,20,Monday,To show the magnitude of the problem of women who have been sexually harassed #MeToo #neverok #standup #respect #forallpeople,To show the magnitude of the problem of women who have been sexually harassed #MeToo #neverok #standup #respect #forallpeople,0.0,0.0,WEB,#metoo,0.0,0.6983376741409302,0.2756422460079193,0.0260201096534729,-0.6723175644874573,0.6983376741409302,Negative
25914,2017-10-16 23:23:50,2017-10-16,23,Monday,#MeToo: Egypt Joins The Global Trend To Speak Up About Sexual Abuse | Egyptian Streets https://t.co/9HYA3rK0KZ,#MeToo: Egypt Joins The Global Trend To Speak Up About Sexual Abuse | Egyptian Streets https://t.co/9HYA3rK0KZ,5.0,5.0,IPHONE,#metoo,0.0,0.03607809916138649,0.8989489078521729,0.06497307866811752,0.028894979506731033,0.8989489078521729,Neutral
6078,2017-10-16 22:14:12,2017-10-16,22,Monday,"And just because you said yes the first time, doesn<e2><80><99>t mean you have to say yes every time #metoo","And just because you said yes the first time, doesn<e2><80><99>t mean you have to say yes every time #metoo",0.0,3.0,IPHONE,#metoo,0.0,0.2574966549873352,0.6179009675979614,0.12460238486528397,-0.13289427012205124,0.6179009675979614,Neutral
3153,2017-10-16 20:02:02,2017-10-16,20,Monday,#MeToo. you can read about how it has impacted me here: https://t.co/k516CaJstA,#MeToo. you can read about how it has impacted me here: https://t.co/k516CaJstA,2.0,20.0,WEB,#metoo,0.0,0.012216282077133656,0.8090417981147766,0.17874197661876678,0.16652569454163313,0.8090417981147766,Neutral
3491,2017-10-16 23:43:41,2017-10-16,23,Monday,"#MeToo <e2><9a><a1><ef><b8><8f> <e2><80><9c>How 'me too' is showing the magnitude of sexual assault<e2><80><9d>

https://t.co/NrRS026Znh",#MeToo <e2><9a><a1><ef><b8><8f> <e2><80><9c>How 'me too' is showing the magnitude of sexual assault<e2><80><9d> https://t.co/NrRS026Znh,1.0,2.0,WEB,#metoo,1.0,0.5116305351257324,0.4683438837528229,0.020025556907057762,-0.49160497821867466,0.5116305351257324,Negative
8845,2017-10-16 19:41:53,2017-10-16,19,Monday,"Pointing out that men are sexually harassed/assaulted isn't victim blaming or shaming, it's calling for equality #MeToo","Pointing out that men are sexually harassed/assaulted isn't victim blaming or shaming, it's calling for equality #MeToo",1.0,3.0,ANDROID,#metoo,0.0,0.44363054633140564,0.5180056691169739,0.03836381435394287,-0.40526673197746277,0.5180056691169739,Neutral
11456,2017-10-16 21:37:18,2017-10-16,21,Monday,"The sad part is, I<e2><80><99>m pretty sure every female I know can say  #MeToo &amp; more guys than I would probably think too","The sad part is, I<e2><80><99>m pretty sure every female I know can say #MeToo &amp; more guys than I would probably think too",0.0,2.0,IPHONE,#metoo,0.0,0.7720192670822144,0.20562724769115448,0.022353481501340866,-0.7496657855808735,0.7720192670822144,Negative
819,2017-10-16 21:16:04,2017-10-16,21,Monday,"I have had my ass grabbed, my chest touched, and had guys throw a tantrum when I removed their hand from my thigh.. #Metoo","I have had my ass grabbed, my chest touched, and had guys throw a tantrum when I removed their hand from my thigh.. #Metoo",0.0,0.0,IPHONE,#metoo,0.0,0.6988434195518494,0.2703418433666229,0.030814792960882187,-0.6680286265909672,0.6988434195518494,Negative
28467,2017-10-16 23:00:34,2017-10-16,23,Monday,"i<e2><80><99>m 1/8 girls in my family, 1/4 women will be sexually assaulted in their lifetime #MeToo","i<e2><80><99>m 1/8 girls in my family, 1/4 women will be sexually assaulted in their lifetime #MeToo",1.0,5.0,Unknown,#metoo,0.0,0.8484311103820801,0.141932412981987,0.009636490605771542,-0.8387946197763085,0.8484311103820801,Negative
27728,2017-10-16 19:43:28,2017-10-16,19,Monday,This same thing happened to me. Still dealing with it. #MeToo https://t.co/gjDQ62qvn6,This same thing happened to me. Still dealing with it. #MeToo https://t.co/gjDQ62qvn6,0.0,1.0,WEB,#metoo,0.0,0.7797454595565796,0.20553892850875854,0.014715534634888172,-0.7650299249216914,0.7797454595565796,Negative
27751,2017-10-16 20:52:48,2017-10-16,20,Monday,I've learned my sexual assault was not my fault. I have learned it's not okay. It still left a mark. https://t.co/IMmdIXADd6 #MeToo,I've learned my sexual assault was not my fault. I have learned it's not okay. It still left a mark. https://t.co/IMmdIXADd6 #MeToo,0.0,0.0,Unknown,#metoo,0.0,0.7979024052619934,0.18797919154167175,0.014118433929979801,-0.7837839713320136,0.7979024052619934,Negative
438,2017-10-16 21:38:09,2017-10-16,21,Monday,"<ed><a0><bd><ed><b2><af><ed><a0><bd><ed><b8><82> u nailed it!! #LOL #MeToo Hey, @ChelseaClinton must be ashamed Moms toeing daytime drinks @HillaryClinton &amp;  who<e2><80><a6> https://t.co/m9pEWH6ZEI","<ed><a0><bd><ed><b2><af><ed><a0><bd><ed><b8><82> u nailed it!! #LOL #MeToo Hey, @ChelseaClinton must be ashamed Moms toeing daytime drinks @HillaryClinton &amp; who<e2><80><a6> https://t.co/m9pEWH6ZEI",0.0,0.0,IPHONE,#metoo,2.0,0.28622329235076904,0.3527931272983551,0.36098355054855347,0.07476025819778442,0.36098355054855347,Positive
2078,2017-10-16 21:22:19,2017-10-16,21,Monday,"Ugh. #metoo, sad to say. But I'm also an overcomer. And it's my joy to help young women conquer #sexualabuse #Bethatperson","Ugh. #metoo, sad to say. But I'm also an overcomer. And it's my joy to help young women conquer #sexualabuse #Bethatperson",0.0,0.0,IPHONE,#metoo,0.0,0.39409372210502625,0.28494393825531006,0.3209623694419861,-0.07313135266304016,0.39409372210502625,Negative
23214,2017-10-16 22:47:39,2017-10-16,22,Monday,<ed><a0><bc><ed><b7><ae><ed><a0><bc><ed><b7><b3> #newswallet <ed><a0><bc><ed><b7><ae><ed><a0><bc><ed><b7><b3>  #MeToo: Women and men flood social media with stories of sexual abuse... https://t.co/gXc5Hd5Ldu,<ed><a0><bc><ed><b7><ae><ed><a0><bc><ed><b7><b3> #newswallet <ed><a0><bc><ed><b7><ae><ed><a0><bc><ed><b7><b3> #MeToo: Women and men flood social media with stories of sexual abuse... https://t.co/gXc5Hd5Ldu,0.0,1.0,Unknown,#metoo,1.0,0.28162384033203125,0.6925095319747925,0.025866689160466194,-0.25575715117156506,0.6925095319747925,Neutral
26743,2017-10-16 21:43:41,2017-10-16,21,Monday,"#MeToo did something revolutionary, @sophieGG writes https://t.co/ypVxFbUR3f","#MeToo did something revolutionary, @sophieGG writes https://t.co/ypVxFbUR3f",1.0,0.0,IPHONE,#metoo,0.0,0.006306941621005535,0.29119738936424255,0.7024956941604614,0.6961887525394559,0.7024956941604614,Positive
8315,2017-10-16 19:11:28,2017-10-16,19,Monday,Between #metoo and #1in4 there are a lot of sad stories. Use them to educate yourself and make the world a better place.,Between #metoo and #1in4 there are a lot of sad stories. Use them to educate yourself and make the world a better place.,0.0,1.0,IPHONE,#metoo,0.0,0.7318171858787537,0.24104493856430054,0.027137883007526398,-0.7046793028712273,0.7318171858787537,Negative
12428,2017-10-16 19:09:49,2017-10-16,19,Monday,I commend the #metoo effort &amp; bravery to speak up.I hope there's an #Ihave dialogue coming from nameless perpetrators so real work can start,I commend the #metoo effort &amp; bravery to speak up.I hope there's an #Ihave dialogue coming from nameless perpetrators so real work can start,0.0,3.0,WEB,#metoo,0.0,0.04456212744116783,0.22971966862678528,0.7257182002067566,0.6811560727655888,0.7257182002067566,Positive
22583,2017-10-16 19:57:36,2017-10-16,19,Monday,"Every girl I know has faced harassment one way or another. And that is sad..
Shoutout to you all for being brave.
#MeToo
#IBelieveYou",Every girl I know has faced harassment one way or another. And that is sad.. Shoutout to you all for being brave. #MeToo #IBelieveYou,4.0,12.0,ANDROID,#metoo,0.0,0.7929030060768127,0.1685270071029663,0.03856988623738289,-0.7543331198394299,0.7929030060768127,Negative
913,2017-10-16 23:10:39,2017-10-16,23,Monday,#MeToo when i was 12 i was followed around the local library by a 15-16 yo boy who made me pay him so he would stop<e2><80><a6> https://t.co/3OxZ7IrQ2a,#MeToo when i was 12 i was followed around the local library by a 15-16 yo boy who made me pay him so he would stop<e2><80><a6> https://t.co/3OxZ7IrQ2a,0.0,4.0,WEB,#metoo,0.0,0.3477080166339874,0.6169388294219971,0.0353531576693058,-0.3123548589646816,0.6169388294219971,Neutral
22798,2017-10-16 19:14:04,2017-10-16,19,Monday,"I really hate the fact that most of my female friends have posted this. 

But yeah, #metoo... #Egypt","I really hate the fact that most of my female friends have posted this. But yeah, #metoo... #Egypt",0.0,1.0,IPHONE,#metoo,0.0,0.9394194483757019,0.05634794011712074,0.004232542589306831,-0.9351869057863951,0.9394194483757019,Negative
8208,2017-10-16 19:05:42,2017-10-16,19,Monday,I speak out in solidarity for the survivors that aren't ready to #MeToo,I speak out in solidarity for the survivors that aren't ready to #MeToo,0.0,3.0,IPHONE,#metoo,0.0,0.1749151349067688,0.6164884567260742,0.20859642326831818,0.03368128836154938,0.6164884567260742,Neutral
2490,2017-10-16 20:28:19,2017-10-16,20,Monday,Please please please see #MeToo... It saddens me to bottom of heart that there r millions... My prayers are for u..,Please please please see #MeToo... It saddens me to bottom of heart that there r millions... My prayers are for u..,0.0,0.0,ANDROID,#metoo,0.0,0.8720375299453735,0.11108605563640594,0.016876399517059326,-0.8551611304283142,0.8720375299453735,Negative
12739,2017-10-16 21:05:09,2017-10-16,21,Monday,@AoifeLockhart Can't we all just get along? #metoo,@AoifeLockhart Can't we all just get along? #metoo,0.0,0.0,Unknown,#metoo,0.0,0.6313783526420593,0.34646669030189514,0.02215488627552986,-0.6092234663665295,0.6313783526420593,Negative
15420,2017-10-16 20:43:59,2017-10-16,20,Monday,"#MeToo because saying yes just to keep you, wasn't okay. https://t.co/koIyhzpxnY","#MeToo because saying yes just to keep you, wasn't okay. https://t.co/koIyhzpxnY",1.0,5.0,IPHONE,#metoo,0.0,0.7390255928039551,0.24549750983715057,0.015476929023861885,-0.7235486637800932,0.7390255928039551,Negative
20091,2017-10-16 21:39:53,2017-10-16,21,Monday,Study finds 75 percent of workplace harassment victims experienced retaliation when they spoke up #MeToo  https://t.co/JB1PsN3tIY,Study finds 75 percent of workplace harassment victims experienced retaliation when they spoke up #MeToo https://t.co/JB1PsN3tIY,1.0,0.0,ANDROID,#metoo,0.0,0.6521245837211609,0.3333534002304077,0.014522043988108635,-0.6376025397330523,0.6521245837211609,Negative
9184,2017-10-16 21:15:56,2017-10-16,21,Monday,"""#Metoo?""
How about all the people who raped post ""I did it"" so I can come for you? How about you all ""come out"" and get your justice?","""#Metoo?"" How about all the people who raped post ""I did it"" so I can come for you? How about you all ""come out"" and get your justice?",0.0,0.0,WEB,#metoo,0.0,0.7223143577575684,0.2632881700992584,0.014397467486560345,-0.707916890271008,0.7223143577575684,Negative
1865,2017-10-16 23:19:23,2017-10-16,23,Monday,"I'd usually hesitate to say this without some long explanation. This week, I don't think it's needed. #MeToo","I'd usually hesitate to say this without some long explanation. This week, I don't think it's needed. #MeToo",0.0,5.0,IPHONE,#metoo,0.0,0.6865901947021484,0.2955048680305481,0.01790492609143257,-0.6686852686107159,0.6865901947021484,Negative
8486,2017-10-16 21:31:14,2017-10-16,21,Monday,"#metoo far less than some I'm sure. Instances stay with you, for how they make you feel. Vulnerable, exposed and... https://t.co/GBCl6cOkRe","#metoo far less than some I'm sure. Instances stay with you, for how they make you feel. Vulnerable, exposed and... https://t.co/GBCl6cOkRe",0.0,0.0,Unknown,#metoo,0.0,0.1689707338809967,0.7546072602272034,0.07642203569412231,-0.09254869818687439,0.7546072602272034,Neutral
16417,2017-10-16 19:33:41,2017-10-16,19,Monday,"Women are not the only victims to sexual harassment, men too. And other genders of course. So long as the hierarchy<e2><80><a6> https://t.co/27OAhqXO32","Women are not the only victims to sexual harassment, men too. And other genders of course. So long as the hierarchy<e2><80><a6> https://t.co/27OAhqXO32",0.0,1.0,WEB,#metoo,0.0,0.44137901067733765,0.5299351215362549,0.02868589013814926,-0.4126931205391884,0.5299351215362549,Neutral
2793,2017-10-16 20:31:30,2017-10-16,20,Monday,I almost didn't post this. Why? Because I didnt want people to think it was for attention. And that's the fucking problem. No more. #MeToo,I almost didn't post this. Why? Because I didnt want people to think it was for attention. And that's the fucking problem. No more. #MeToo,4.0,14.0,IPHONE,#metoo,0.0,0.940639317035675,0.054642945528030396,0.004717757925391197,-0.9359215591102839,0.940639317035675,Negative
25721,2017-10-16 21:50:42,2017-10-16,21,Monday,I had a stalker in college. Luckily residential advisers at @UBuffalo listened &amp; took swift action. #MeToo,I had a stalker in college. Luckily residential advisers at @UBuffalo listened &amp; took swift action. #MeToo,0.0,4.0,WEB,#metoo,0.0,0.3479539453983307,0.5291574001312256,0.12288874387741089,-0.2250652015209198,0.5291574001312256,Neutral
21094,2017-10-16 20:21:07,2017-10-16,20,Monday,"The #metoo posts on here and on FB more especially are making me burn with rage for friends and relatives, for young girls and older women","The #metoo posts on here and on FB more especially are making me burn with rage for friends and relatives, for young girls and older women",2.0,1.0,WEB,#metoo,0.0,0.9201886653900146,0.07373600453138351,0.006075373850762844,-0.9141132915392518,0.9201886653900146,Negative
27736,2017-10-16 23:49:59,2017-10-16,23,Monday,It's normal for the driving instructor to touch girl's thighs while they're driving. #metoo,It's normal for the driving instructor to touch girl's thighs while they're driving. #metoo,0.0,12.0,ANDROID,#metoo,0.0,0.3768346607685089,0.5849155187606812,0.03824974596500397,-0.33858491480350494,0.5849155187606812,Neutral
27496,2017-10-16 20:56:17,2017-10-16,20,Monday,just wanted to take 5 seconds and tell the people who are posting #metoo who might've never been open about that before: i'm so proud of you,just wanted to take 5 seconds and tell the people who are posting #metoo who might've never been open about that before: i'm so proud of you,2.0,9.0,IPHONE,#metoo,0.0,0.019807348027825356,0.10290495306253433,0.8772876858711243,0.8574803378432989,0.8772876858711243,Positive
17775,2017-10-16 20:16:28,2017-10-16,20,Monday,"Kiki here, I wanna do a video on this later. But I wanna speak out now. #MeToo","Kiki here, I wanna do a video on this later. But I wanna speak out now. #MeToo",0.0,0.0,ANDROID,#metoo,0.0,0.08875514566898346,0.7826002240180969,0.12864458560943604,0.039889439940452576,0.7826002240180969,Neutral
21606,2017-10-16 22:28:37,2017-10-16,22,Monday,"I just counted on Facebook. I have 17 mutual friends w/ 2 men who have assaulted me. 

Why would I want to be questioned by those 17? #metoo",I just counted on Facebook. I have 17 mutual friends w/ 2 men who have assaulted me. Why would I want to be questioned by those 17? #metoo,0.0,2.0,IPHONE,#metoo,0.0,0.8093419671058655,0.18319056928157806,0.007467443123459816,-0.8018745239824057,0.8093419671058655,Negative
20174,2017-10-16 19:21:44,2017-10-16,19,Monday,#metoo because women carry our keys between our knuckles anytime we walk alone at night,#metoo because women carry our keys between our knuckles anytime we walk alone at night,0.0,3.0,IPHONE,#metoo,0.0,0.4823140799999237,0.49383771419525146,0.023848170414566994,-0.4584659095853567,0.49383771419525146,Neutral
26019,2017-10-16 22:42:19,2017-10-16,22,Monday,"I don<e2><80><99>t feel comfortable saying anything more than #MeToo, which probably speaks for itself.","I don<e2><80><99>t feel comfortable saying anything more than #MeToo, which probably speaks for itself.",0.0,0.0,IPHONE,#metoo,0.0,0.7726106643676758,0.21743078529834747,0.009958604350686073,-0.7626520600169897,0.7726106643676758,Negative
12997,2017-10-16 23:40:16,2017-10-16,23,Monday,"Oh oh one time I was minding my own business, smoking on some stairs in my hood &amp; a car pulled up &amp; the driver was masturbating to me #metoo","Oh oh one time I was minding my own business, smoking on some stairs in my hood &amp; a car pulled up &amp; the driver was masturbating to me #metoo",1.0,2.0,IPHONE,#metoo,0.0,0.5260714292526245,0.4253820776939392,0.0485464371740818,-0.4775249920785427,0.5260714292526245,Negative
11621,2017-10-16 19:42:59,2017-10-16,19,Monday,Supporting #MeToo today but recognizing it<e2><80><99>s just another example of the emotional labor women &amp;LGBTQ people go through for our own justice,Supporting #MeToo today but recognizing it<e2><80><99>s just another example of the emotional labor women &amp;LGBTQ people go through for our own justice,5.0,9.0,IPHONE,#metoo,0.0,0.5112142562866211,0.4420108497142792,0.04677489027380943,-0.46443936601281166,0.5112142562866211,Negative
18315,2017-10-16 21:36:16,2017-10-16,21,Monday,Basically spent the majority of the day adding the <e2><9d><a4><ef><b8><8f>reaction to every person's #metoo post that I've seen. Choosing to share is powerful.,Basically spent the majority of the day adding the <e2><9d><a4><ef><b8><8f>reaction to every person's #metoo post that I've seen. Choosing to share is powerful.,0.0,3.0,WEB,#metoo,1.0,0.042491331696510315,0.5381927490234375,0.4193159341812134,0.37682460248470306,0.5381927490234375,Neutral
8930,2017-10-16 19:18:41,2017-10-16,19,Monday,"Oh, I forgot since my Masters got over. #MeToo, just remembered how I finished my dissertation in absolute pain.
https://t.co/cxFQnn4jOO","Oh, I forgot since my Masters got over. #MeToo, just remembered how I finished my dissertation in absolute pain. https://t.co/cxFQnn4jOO",3.0,9.0,ANDROID,#metoo,0.0,0.8674639463424683,0.11278983950614929,0.019746191799640656,-0.8477177545428276,0.8674639463424683,Negative
27434,2017-10-16 23:24:08,2017-10-16,23,Monday,"#MeToo

If all the women who have been sexually harassed or assaulted wrote ""Me too"" as a status, we might give... https://t.co/EEldCunER7","#MeToo If all the women who have been sexually harassed or assaulted wrote ""Me too"" as a status, we might give... https://t.co/EEldCunER7",0.0,0.0,Unknown,#metoo,0.0,0.33814945816993713,0.6130169630050659,0.048833563923835754,-0.2893158942461014,0.6130169630050659,Neutral
16257,2017-10-16 19:47:34,2017-10-16,19,Monday,"I hate that it makes me ill as I type this but #MeToo 

<e2><9c><8c><ef><b8><8f><e2><9d><a4><ef><b8><8f><e2><9c><a8>",I hate that it makes me ill as I type this but #MeToo <e2><9c><8c><ef><b8><8f><e2><9d><a4><ef><b8><8f><e2><9c><a8>,0.0,3.0,IPHONE,#metoo,3.0,0.9027789235115051,0.08662671595811844,0.01059441827237606,-0.8921845052391291,0.9027789235115051,Negative
752,2017-10-16 19:02:39,2017-10-16,19,Monday,"Here's some tips to help you protect yourself:

1: Fight back. Predators don't like targets who make a fuss.
2: Wat<e2><80><a6> https://t.co/hLDn6HFDS5",Here's some tips to help you protect yourself: 1: Fight back. Predators don't like targets who make a fuss. 2: Wat<e2><80><a6> https://t.co/hLDn6HFDS5,0.0,6.0,ANDROID,#metoo,0.0,0.14470084011554718,0.7293106913566589,0.12598852813243866,-0.01871231198310852,0.7293106913566589,Neutral
8072,2017-10-16 23:25:11,2017-10-16,23,Monday,"I<e2><80><99>m curious: has anyone received a direct apology for sexual harassment, pressuring you into sex, etc. since this #MeToo campaign?","I<e2><80><99>m curious: has anyone received a direct apology for sexual harassment, pressuring you into sex, etc. since this #MeToo campaign?",1.0,3.0,IPHONE,#metoo,0.0,0.5186171531677246,0.46442651748657227,0.016956351697444916,-0.5016608014702797,0.5186171531677246,Negative
11711,2017-10-16 22:50:05,2017-10-16,22,Monday,It saddens me to see so many people posting #metoo tonight <ed><a0><bd><ed><b9><81>,It saddens me to see so many people posting #metoo tonight <ed><a0><bd><ed><b9><81>,2.0,3.0,IPHONE,#metoo,1.0,0.9224108457565308,0.07192488014698029,0.005664252210408449,-0.9167465935461223,0.9224108457565308,Negative
11419,2017-10-16 19:28:35,2017-10-16,19,Monday,You have a voice. You are aloud to use it. You are allowed to say no. #MeToo,You have a voice. You are aloud to use it. You are allowed to say no. #MeToo,0.0,5.0,IPHONE,#metoo,0.0,0.18032878637313843,0.716034471988678,0.10363674908876419,-0.07669203728437424,0.716034471988678,Neutral
27663,2017-10-16 19:37:26,2017-10-16,19,Monday,It was a haunted house and he worked there so nobody batted an eye when he pinned me against the wall. #metoo,It was a haunted house and he worked there so nobody batted an eye when he pinned me against the wall. #metoo,1.0,1.0,IPHONE,#metoo,0.0,0.7233055233955383,0.25345343351364136,0.02324105054140091,-0.7000644728541374,0.7233055233955383,Negative
13774,2017-10-16 23:49:31,2017-10-16,23,Monday,"#MeToo
Don't give up, speak up!","#MeToo Don't give up, speak up!",0.0,0.0,ANDROID,#metoo,0.0,0.16149330139160156,0.5246778130531311,0.3138289153575897,0.15233561396598816,0.5246778130531311,Neutral
12870,2017-10-16 22:27:16,2017-10-16,22,Monday,"abuse. Believe, support, and resist together. <ed><a0><bd><ed><b1><8a> #metoo","abuse. Believe, support, and resist together. <ed><a0><bd><ed><b1><8a> #metoo",1.0,1.0,ANDROID,#metoo,1.0,0.11331775784492493,0.7487079501152039,0.13797426223754883,0.0246565043926239,0.7487079501152039,Neutral
9094,2017-10-16 21:53:36,2017-10-16,21,Monday,#metoo. I was 6 years old. https://t.co/NSYvuaWiSP,#metoo. I was 6 years old. https://t.co/NSYvuaWiSP,0.0,0.0,IPHONE,#metoo,0.0,0.13889068365097046,0.8082915544509888,0.05281772464513779,-0.08607295900583267,0.8082915544509888,Neutral
630,2017-10-16 22:43:52,2017-10-16,22,Monday,"It saddens me to read all of these #MeToo stories. I know it can<e2><80><99>t heal what you<e2><80><99>ve all gone through, just know this man stands w/ you all.","It saddens me to read all of these #MeToo stories. I know it can<e2><80><99>t heal what you<e2><80><99>ve all gone through, just know this man stands w/ you all.",0.0,2.0,IPHONE,#metoo,0.0,0.8901470899581909,0.09935546666383743,0.010497490875422955,-0.879649599082768,0.8901470899581909,Negative
16017,2017-10-16 19:48:36,2017-10-16,19,Monday,"#MeToo

A number of times on the TTC subway during morning rush.",#MeToo A number of times on the TTC subway during morning rush.,0.0,1.0,IPHONE,#metoo,0.0,0.08546162396669388,0.8571848273277283,0.05735357105731964,-0.028108052909374237,0.8571848273277283,Neutral
18190,2017-10-16 19:44:51,2017-10-16,19,Monday,#MeToo is not for self pity. It's to make you understand how deep rooted this evil is.,#MeToo is not for self pity. It's to make you understand how deep rooted this evil is.,0.0,1.0,ANDROID,#metoo,0.0,0.8064274787902832,0.17465968430042267,0.018912825733423233,-0.78751465305686,0.8064274787902832,Negative
20410,2017-10-16 22:29:26,2017-10-16,22,Monday,Literally crying seeing the amount of woman saying #MeToo,Literally crying seeing the amount of woman saying #MeToo,1.0,1.0,ANDROID,#metoo,0.0,0.4329444169998169,0.348448783159256,0.2186068594455719,-0.214337557554245,0.4329444169998169,Negative
2780,2017-10-16 22:35:47,2017-10-16,22,Monday,We<e2><80><99>ve seen a lot of shock from individuals about how many people responded to the #metoo movement. Imagine how... https://t.co/ofRgnbYCp7,We<e2><80><99>ve seen a lot of shock from individuals about how many people responded to the #metoo movement. Imagine how... https://t.co/ofRgnbYCp7,0.0,0.0,Unknown,#metoo,0.0,0.4299269914627075,0.5400035977363586,0.030069416388869286,-0.39985757507383823,0.5400035977363586,Neutral
15630,2017-10-16 20:17:59,2017-10-16,20,Monday,"Me too.
If all the women who have been sexually harassed or assaulted wrote ""Me too."" as a status, we might give pe<e2><80><a6> https://t.co/cTGrT8Jh7Y","Me too. If all the women who have been sexually harassed or assaulted wrote ""Me too."" as a status, we might give pe<e2><80><a6> https://t.co/cTGrT8Jh7Y",1.0,1.0,WEB,#metoo,0.0,0.537208616733551,0.4147011637687683,0.048090189695358276,-0.48911842703819275,0.537208616733551,Negative
9870,2017-10-16 20:32:26,2017-10-16,20,Monday,"Too many times to count.
#MeToo",Too many times to count. #MeToo,0.0,1.0,IPHONE,#metoo,0.0,0.2928045988082886,0.5243968367576599,0.18279853463172913,-0.11000606417655945,0.5243968367576599,Neutral
28363,2017-10-16 23:48:43,2017-10-16,23,Monday,#metoo 5 years of ptsd therapy later,#metoo 5 years of ptsd therapy later,0.0,3.0,IPHONE,#metoo,0.0,0.4359937310218811,0.5375971794128418,0.026409121230244637,-0.40958460979163647,0.5375971794128418,Neutral
15012,2017-10-16 23:27:22,2017-10-16,23,Monday,fuck #metoo and fuck anyone who feels entitled to your trauma,fuck #metoo and fuck anyone who feels entitled to your trauma,0.0,0.0,ANDROID,#metoo,0.0,0.9442676901817322,0.051396820694208145,0.004335444886237383,-0.9399322452954948,0.9442676901817322,Negative
6732,2017-10-16 23:51:50,2017-10-16,23,Monday,"""But how did you say no?"" #MeToo","""But how did you say no?"" #MeToo",0.0,0.0,WEB,#metoo,0.0,0.26477283239364624,0.7138875722885132,0.02133961208164692,-0.24343322031199932,0.7138875722885132,Neutral
19116,2017-10-16 23:12:58,2017-10-16,23,Monday,"souls sold for fame/ In The Wake Of Harvey Weinstein Scandal, Women Say #MeToo https://t.co/FKb3Os3qgc","souls sold for fame/ In The Wake Of Harvey Weinstein Scandal, Women Say #MeToo https://t.co/FKb3Os3qgc",0.0,0.0,WEB,#metoo,0.0,0.35613277554512024,0.6296600103378296,0.014207142405211926,-0.3419256331399083,0.6296600103378296,Neutral
6253,2017-10-16 19:38:15,2017-10-16,19,Monday,To all posting #metoo: You<e2><80><99>re extraordinary. Keep exercising your power. Thanks for your honesty &amp; strength. You're making the world better.,To all posting #metoo: You<e2><80><99>re extraordinary. Keep exercising your power. Thanks for your honesty &amp; strength. You're making the world better.,0.0,1.0,WEB,#metoo,0.0,0.00812160037457943,0.026349643245339394,0.9655287265777588,0.9574071262031794,0.9655287265777588,Positive
2417,2017-10-16 22:18:50,2017-10-16,22,Monday,As men we need 2 think long &amp; hard abt the magnitude of #MeToo/why it's happening/how important it is. It affects us all. We must do better.,As men we need 2 think long &amp; hard abt the magnitude of #MeToo/why it's happening/how important it is. It affects us all. We must do better.,0.0,2.0,WEB,#metoo,0.0,0.24033920466899872,0.613844096660614,0.14581666886806488,-0.09452253580093384,0.613844096660614,Neutral
26618,2017-10-16 19:09:35,2017-10-16,19,Monday,#MeToo: Social Media Flooded With Stories of Sexual Harassment and Assault https://t.co/sRffEP4YpL,#MeToo: Social Media Flooded With Stories of Sexual Harassment and Assault https://t.co/sRffEP4YpL,0.0,1.0,Unknown,#metoo,0.0,0.6140415072441101,0.3719947934150696,0.013963774777948856,-0.6000777324661613,0.6140415072441101,Negative
22251,2017-10-16 22:00:06,2017-10-16,22,Monday,#MeToo: Sexual harassment stories sweep social media after Weinstein allegations https://t.co/6SNeInT7bV https://t.co/NoldiriI37,#MeToo: Sexual harassment stories sweep social media after Weinstein allegations https://t.co/6SNeInT7bV https://t.co/NoldiriI37,0.0,1.0,Unknown,#metoo,0.0,0.6188812255859375,0.36706432700157166,0.014054468832910061,-0.6048267567530274,0.6188812255859375,Negative
24223,2017-10-16 23:02:10,2017-10-16,23,Monday,#MeToo I was known as a slut in school because the boys who sexually harassed me made it into a game of who could do what to me.,#MeToo I was known as a slut in school because the boys who sexually harassed me made it into a game of who could do what to me.,2.0,12.0,IPHONE,#metoo,0.0,0.8712706565856934,0.12149970978498459,0.0072296615689992905,-0.8640409950166941,0.8712706565856934,Negative
13539,2017-10-16 19:05:04,2017-10-16,19,Monday,"Now imagine seeing the man who sexually assaulted you walking free, praised, applauded. That's how #MeToo women feel abt Trump in WhiteHouse","Now imagine seeing the man who sexually assaulted you walking free, praised, applauded. That's how #MeToo women feel abt Trump in WhiteHouse",11.0,38.0,ANDROID,#metoo,0.0,0.6329337954521179,0.3321453332901001,0.03492085263133049,-0.5980129428207874,0.6329337954521179,Negative
983,2017-10-16 22:20:26,2017-10-16,22,Monday,#Metoo. More times than I care to count. Working for UPS it became a regular thing unfortunately...both harassment and assault.,#Metoo. More times than I care to count. Working for UPS it became a regular thing unfortunately...both harassment and assault.,1.0,1.0,IPHONE,#metoo,0.0,0.9166602492332458,0.07653061300516129,0.00680924067273736,-0.9098510085605085,0.9166602492332458,Negative
1832,2017-10-16 22:48:33,2017-10-16,22,Monday,@HeatherBurles #MeToo ...me? too many times ...&amp;not just my female colleagues .. affects men too .. thank you .. yo<e2><80><a6> https://t.co/thDjqJ7cdB,@HeatherBurles #MeToo ...me? too many times ...&amp;not just my female colleagues .. affects men too .. thank you .. yo<e2><80><a6> https://t.co/thDjqJ7cdB,0.0,1.0,WEB,#metoo,0.0,0.04137886315584183,0.24373957514762878,0.7148815393447876,0.6735026761889458,0.7148815393447876,Positive
6834,2017-10-16 20:17:29,2017-10-16,20,Monday,"Hey guys, uncomfortable about all the #MeToo stuff going around? Good, we should be.","Hey guys, uncomfortable about all the #MeToo stuff going around? Good, we should be.",0.0,1.0,WEB,#metoo,0.0,0.2680411636829376,0.4082532525062561,0.3237055838108063,0.05566442012786865,0.4082532525062561,Neutral
26265,2017-10-16 23:42:47,2017-10-16,23,Monday,@#MeToo our stories and voices are now being heard! Thank you courageous women! Me Too!,@#MeToo our stories and voices are now being heard! Thank you courageous women! Me Too!,0.0,1.0,IPHONE,#metoo,0.0,0.004968498833477497,0.05126382037997246,0.9437676668167114,0.9387991679832339,0.9437676668167114,Positive
16012,2017-10-16 23:21:50,2017-10-16,23,Monday,"Because using ""you work in the restaurant business"" as an excuse, doesn't make sexual assault okay. #MeToo","Because using ""you work in the restaurant business"" as an excuse, doesn't make sexual assault okay. #MeToo",0.0,7.0,IPHONE,#metoo,0.0,0.8173845410346985,0.17395667731761932,0.008658758364617825,-0.8087257826700807,0.8173845410346985,Negative
22551,2017-10-16 19:50:48,2017-10-16,19,Monday,But no one takes my power. #MeToo #fb,But no one takes my power. #MeToo #fb,0.0,0.0,IPHONE,#metoo,0.0,0.6266117691993713,0.3518216907978058,0.021566573530435562,-0.6050451956689358,0.6266117691993713,Negative
23580,2017-10-16 21:35:59,2017-10-16,21,Monday,#MeToo  - right out of college!,#MeToo - right out of college!,0.0,0.0,WEB,#metoo,0.0,0.1326192170381546,0.7245578169822693,0.1428229659795761,0.010203748941421509,0.7245578169822693,Neutral
7009,2017-10-16 23:25:16,2017-10-16,23,Monday,"#MeToo was a common sentiment amongst witches when muggles conveniently ""forgot"" there were humans behind the costumes...1/2","#MeToo was a common sentiment amongst witches when muggles conveniently ""forgot"" there were humans behind the costumes...1/2",0.0,0.0,IPHONE,#metoo,0.0,0.3798202872276306,0.5867178440093994,0.033461861312389374,-0.34635842591524124,0.5867178440093994,Neutral
7145,2017-10-16 19:38:29,2017-10-16,19,Monday,"#MeToo Being sexually harassed is NEVER okay, man or woman. I've had painful experiences. I do not wish that on ANYONE. <ed><a0><bd><ed><b8><95><ed><a0><bd><ed><b8><94><e2><9d><a4><ef><b8><8f>","#MeToo Being sexually harassed is NEVER okay, man or woman. I've had painful experiences. I do not wish that on ANYONE. <ed><a0><bd><ed><b8><95><ed><a0><bd><ed><b8><94><e2><9d><a4><ef><b8><8f>",0.0,1.0,IPHONE,#metoo,3.0,0.9073621034622192,0.08414619415998459,0.008491666987538338,-0.8988704364746809,0.9073621034622192,Negative
17783,2017-10-16 19:43:58,2017-10-16,19,Monday,I hate the city of San Francisco #MeToo,I hate the city of San Francisco #MeToo,0.0,0.0,IPHONE,#metoo,0.0,0.9501006603240967,0.04266972094774246,0.007229500915855169,-0.9428711594082415,0.9501006603240967,Negative
15673,2017-10-16 21:52:52,2017-10-16,21,Monday,I would suggest that the #MeToo movement should include men/boys who have been molested/abused.,I would suggest that the #MeToo movement should include men/boys who have been molested/abused.,0.0,0.0,ANDROID,#metoo,0.0,0.37581667304039,0.5900626182556152,0.03412070870399475,-0.34169596433639526,0.5900626182556152,Neutral
8497,2017-10-16 23:00:03,2017-10-16,23,Monday,#metoo by a dentist during procedure. Young and scared and thought no one would believe.,#metoo by a dentist during procedure. Young and scared and thought no one would believe.,0.0,0.0,IPHONE,#metoo,0.0,0.8542866706848145,0.13786742091178894,0.00784591119736433,-0.8464407594874501,0.8542866706848145,Negative
9755,2017-10-16 23:28:24,2017-10-16,23,Monday,I'll never forgive how you took away a part of my childhood;how you got away with it. I get to raise above that pain and  be stronger #MeToo,I'll never forgive how you took away a part of my childhood;how you got away with it. I get to raise above that pain and be stronger #MeToo,0.0,1.0,ANDROID,#metoo,0.0,0.915725588798523,0.07421079277992249,0.010063644498586655,-0.9056619442999363,0.915725588798523,Negative
14026,2017-10-16 21:21:12,2017-10-16,21,Monday,To the day we live in a world without any #MeToo victims,To the day we live in a world without any #MeToo victims,0.0,1.0,WEB,#metoo,0.0,0.5298778414726257,0.4166431128978729,0.05347904935479164,-0.4763987921178341,0.5298778414726257,Negative
16577,2017-10-16 22:05:34,2017-10-16,22,Monday,funny how #metoo is trending and I get harrassed at work,funny how #metoo is trending and I get harrassed at work,0.0,2.0,IPHONE,#metoo,0.0,0.6909794211387634,0.27849501371383667,0.03052562288939953,-0.6604537982493639,0.6909794211387634,Negative
21968,2017-10-16 19:07:43,2017-10-16,19,Monday,#MeToo a man tipped me better because my <e2><80><9c>jugs<e2><80><9d> looked like I definitely had children at home.,#MeToo a man tipped me better because my <e2><80><9c>jugs<e2><80><9d> looked like I definitely had children at home.,0.0,0.0,IPHONE,#metoo,0.0,0.20628108084201813,0.588950514793396,0.20476838946342468,-0.0015126913785934448,0.588950514793396,Neutral
15577,2017-10-16 20:01:26,2017-10-16,20,Monday,One of the craziest outcomes of the #MeToo campaign is that some girls are finding mutual sexual assaulters... I am speechless.,One of the craziest outcomes of the #MeToo campaign is that some girls are finding mutual sexual assaulters... I am speechless.,4.0,11.0,IPHONE,#metoo,0.0,0.8941686153411865,0.09534326195716858,0.010488135740160942,-0.8836804796010256,0.8941686153411865,Negative
20270,2017-10-16 21:48:05,2017-10-16,21,Monday,"#MeToo: Stars Share Stories of Sexual Harassment, Assault https://t.co/eXLQd4eKS6 https://t.co/gaTux5mTuP","#MeToo: Stars Share Stories of Sexual Harassment, Assault https://t.co/eXLQd4eKS6 https://t.co/gaTux5mTuP",0.0,1.0,Unknown,#metoo,0.0,0.22476798295974731,0.7550070881843567,0.020224979147315025,-0.2045430038124323,0.7550070881843567,Neutral
17434,2017-10-16 21:39:33,2017-10-16,21,Monday,"Heartbreaking # of #MeToo posts, and they're likely a drop in the bucket. We need to be a force for change...stop waiting for others do it!","Heartbreaking # of #MeToo posts, and they're likely a drop in the bucket. We need to be a force for change...stop waiting for others do it!",0.0,1.0,WEB,#metoo,0.0,0.8204895257949829,0.15839605033397675,0.021114438772201538,-0.7993750870227814,0.8204895257949829,Negative
2835,2017-10-16 20:31:34,2017-10-16,20,Monday,"My heart goes out to everyone using the #metoo tag, and also to everyone who feels like they can't use it or chooses not to <ed><a0><bd><ed><b2><9c>","My heart goes out to everyone using the #metoo tag, and also to everyone who feels like they can't use it or chooses not to <ed><a0><bd><ed><b2><9c>",0.0,11.0,IPHONE,#metoo,1.0,0.6028051376342773,0.34466949105262756,0.05252537503838539,-0.550279762595892,0.6028051376342773,Negative
3119,2017-10-16 22:26:07,2017-10-16,22,Monday,"#MeToo I stand with all of those who have been victims. Love, peace &amp; strength to us all.","#MeToo I stand with all of those who have been victims. Love, peace &amp; strength to us all.",0.0,2.0,IPHONE,#metoo,0.0,0.027634523808956146,0.1304846853017807,0.8418807983398438,0.8142462745308876,0.8418807983398438,Positive
28237,2017-10-16 23:34:38,2017-10-16,23,Monday,"""The only thing you're good for as a human being is your pussy.""
#MeToo","""The only thing you're good for as a human being is your pussy."" #MeToo",0.0,5.0,IPHONE,#metoo,0.0,0.8085767030715942,0.15095865726470947,0.040464676916599274,-0.768112026154995,0.8085767030715942,Negative
3190,2017-10-16 20:27:34,2017-10-16,20,Monday,#MeToo and #IBelieveYou And my story is not public.  Because it doesn't matter the details.  It happens so much.  Men. Need. To. Stop.,#MeToo and #IBelieveYou And my story is not public. Because it doesn't matter the details. It happens so much. Men. Need. To. Stop.,0.0,1.0,IPHONE,#metoo,0.0,0.8736459612846375,0.11697965860366821,0.009374318644404411,-0.864271642640233,0.8736459612846375,Negative
6076,2017-10-16 23:26:16,2017-10-16,23,Monday,I've shared (some) of my experiences on #MeToo and I still feel like a fraud. Like it wasn't that bad. Like I need<e2><80><a6> https://t.co/Me5uLfCkwT,I've shared (some) of my experiences on #MeToo and I still feel like a fraud. Like it wasn't that bad. Like I need<e2><80><a6> https://t.co/Me5uLfCkwT,1.0,4.0,ANDROID,#metoo,0.0,0.8327270150184631,0.1505410522222519,0.016731925308704376,-0.8159950897097588,0.8327270150184631,Negative
19781,2017-10-16 19:24:47,2017-10-16,19,Monday,"Several times, physically and verbally. #MeToo","Several times, physically and verbally. #MeToo",0.0,1.0,IPHONE,#metoo,0.0,0.4027461111545563,0.5422820448875427,0.0549718514084816,-0.3477742597460747,0.5422820448875427,Neutral
120,2017-10-16 21:39:47,2017-10-16,21,Monday,"""boys will be boys"" &amp; ""they can't help themselves"" two lies that must end! #MeToo","""boys will be boys"" &amp; ""they can't help themselves"" two lies that must end! #MeToo",2.0,6.0,ANDROID,#metoo,0.0,0.861065149307251,0.12807194888591766,0.010862939991056919,-0.8502022093161941,0.861065149307251,Negative
3964,2017-10-16 23:48:51,2017-10-16,23,Monday,...it won<e2><80><99>t make a difference until men acknowledge how they perpetuate misogyny and commit to making a change.<e2><80><a6> https://t.co/HwZvUczIN7,...it won<e2><80><99>t make a difference until men acknowledge how they perpetuate misogyny and commit to making a change.<e2><80><a6> https://t.co/HwZvUczIN7,0.0,2.0,IPHONE,#metoo,0.0,0.7676358819007874,0.21954871714115143,0.012815386056900024,-0.7548204958438873,0.7676358819007874,Negative
21155,2017-10-16 21:08:07,2017-10-16,21,Monday,"#MeToo, unfortunately","#MeToo, unfortunately",0.0,1.0,WEB,#metoo,0.0,0.8293866515159607,0.15766213834285736,0.01295128371566534,-0.8164353678002954,0.8293866515159607,Negative
10071,2017-10-16 22:44:17,2017-10-16,22,Monday,@DanneelHarris <ed><a0><bd><ed><b2><9b> I<e2><80><99>m proud of you. I<e2><80><99>m proud of all the #metoo women today <ed><a0><bd><ed><b2><aa><ed><a0><bc><ed><bf><bb><ed><a0><bd><ed><b2><9e>,@DanneelHarris <ed><a0><bd><ed><b2><9b> I<e2><80><99>m proud of you. I<e2><80><99>m proud of all the #metoo women today <ed><a0><bd><ed><b2><aa><ed><a0><bc><ed><bf><bb><ed><a0><bd><ed><b2><9e>,0.0,2.0,IPHONE,#metoo,4.0,0.004674967378377914,0.02732437662780285,0.9680007100105286,0.9633257426321507,0.9680007100105286,Positive
24116,2017-10-16 22:44:28,2017-10-16,22,Monday,My ex sexually abused me knowing I couldn't fight back my husband saved me and still saves me everyday  #MeToo,My ex sexually abused me knowing I couldn't fight back my husband saved me and still saves me everyday #MeToo,0.0,1.0,ANDROID,#metoo,0.0,0.40876784920692444,0.38328367471694946,0.20794840157032013,-0.2008194476366043,0.40876784920692444,Negative
11933,2017-10-16 19:32:01,2017-10-16,19,Monday,Me too #metoo,Me too #metoo,0.0,1.0,IPHONE,#metoo,0.0,0.12219638377428055,0.6585082411766052,0.21929539740085602,0.09709901362657547,0.6585082411766052,Neutral
3772,2017-10-16 21:32:23,2017-10-16,21,Monday,"Dear Everyone. If you have responded to the #metoo posts with anything but ""I'm so sorry, how can I help?"" then you are part of the problem.","Dear Everyone. If you have responded to the #metoo posts with anything but ""I'm so sorry, how can I help?"" then you are part of the problem.",1.0,3.0,WEB,#metoo,0.0,0.9170207977294922,0.07772251218557358,0.005256714299321175,-0.911764083430171,0.9170207977294922,Negative
9303,2017-10-16 20:02:57,2017-10-16,20,Monday,"#MeToo 

I'm obviously not a woman and I'm not trying to hijack anything. The most important woman I know told me... https://t.co/bk1Yr43fTU",#MeToo I'm obviously not a woman and I'm not trying to hijack anything. The most important woman I know told me... https://t.co/bk1Yr43fTU,0.0,1.0,Unknown,#metoo,0.0,0.2371315360069275,0.62026447057724,0.14260397851467133,-0.09452755749225616,0.62026447057724,Neutral
16070,2017-10-16 20:17:16,2017-10-16,20,Monday,"The amount of friends and loved ones posting about #MeToo breaks my heart, but it has also made me feel less alone in my experiences.","The amount of friends and loved ones posting about #MeToo breaks my heart, but it has also made me feel less alone in my experiences.",0.0,4.0,IPHONE,#metoo,0.0,0.5264225006103516,0.34966084361076355,0.12391667068004608,-0.4025058299303055,0.5264225006103516,Negative
20868,2017-10-16 22:54:25,2017-10-16,22,Monday,"Today's #MeToo trend is a daily reality for too many. To all the women who posted, &amp; those who didn't or couldn't, I'm with you &amp; I'm sorry.","Today's #MeToo trend is a daily reality for too many. To all the women who posted, &amp; those who didn't or couldn't, I'm with you &amp; I'm sorry.",0.0,1.0,IPHONE,#metoo,0.0,0.7548816800117493,0.22139962017536163,0.023718712851405144,-0.7311629671603441,0.7548816800117493,Negative
21882,2017-10-16 19:09:31,2017-10-16,19,Monday,Saying #MeToo helped a friend recovering from assault to find hope. I'm blessed to be able to tell my story to support others. Some can't.,Saying #MeToo helped a friend recovering from assault to find hope. I'm blessed to be able to tell my story to support others. Some can't.,0.0,3.0,ANDROID,#metoo,0.0,0.0283576101064682,0.10887867212295532,0.8627637624740601,0.8344061523675919,0.8627637624740601,Positive
1965,2017-10-16 19:50:20,2017-10-16,19,Monday,"I won't go into detail, but I was only a child #MeToo","I won't go into detail, but I was only a child #MeToo",0.0,0.0,ANDROID,#metoo,0.0,0.2776947617530823,0.6632551550865173,0.05905001237988472,-0.21864474937319756,0.6632551550865173,Neutral
8360,2017-10-16 23:42:21,2017-10-16,23,Monday,Where are men in #metoo? Monitored my fb all day and didn't see a SINGLE ONE weigh. Long past time for men to share this responsibility.,Where are men in #metoo? Monitored my fb all day and didn't see a SINGLE ONE weigh. Long past time for men to share this responsibility.,0.0,0.0,IPHONE,#metoo,0.0,0.7818707823753357,0.20556429028511047,0.012564931996166706,-0.769305850379169,0.7818707823753357,Negative
10769,2017-10-16 19:58:58,2017-10-16,19,Monday,"Why #MeToo can be for men, too
https://t.co/mjJ8JEqx5T","Why #MeToo can be for men, too https://t.co/mjJ8JEqx5T",11.0,27.0,Unknown,#metoo,0.0,0.03639991953969002,0.7099894881248474,0.25361064076423645,0.21721072122454643,0.7099894881248474,Neutral
21542,2017-10-16 19:56:25,2017-10-16,19,Monday,This <ed><a0><bd><ed><b1><87><ed><a0><bd><ed><b1><8c> #metoo https://t.co/oAZfVGwDOx,This <ed><a0><bd><ed><b1><87><ed><a0><bd><ed><b1><8c> #metoo https://t.co/oAZfVGwDOx,1.0,2.0,IPHONE,#metoo,2.0,0.20245397090911865,0.757788360118866,0.039757661521434784,-0.16269630938768387,0.757788360118866,Neutral
23169,2017-10-16 20:39:12,2017-10-16,20,Monday,#MeToo not really,#MeToo not really,0.0,0.0,WEB,#metoo,0.0,0.2731209099292755,0.6836454272270203,0.043233584612607956,-0.22988732531666756,0.6836454272270203,Neutral
10974,2017-10-16 21:34:43,2017-10-16,21,Monday,#MeToo - in all the ways that phrase can be construed lately. https://t.co/yfyXlKSxWk,#MeToo - in all the ways that phrase can be construed lately. https://t.co/yfyXlKSxWk,0.0,2.0,IPHONE,#metoo,0.0,0.07698868215084076,0.8492393493652344,0.07377193868160248,-0.0032167434692382812,0.8492393493652344,Neutral
18080,2017-10-16 20:51:24,2017-10-16,20,Monday,"Friendly reminder: #metoo is not just limited to women being victims, and men being culprits, but vice versa, and any other combination.","Friendly reminder: #metoo is not just limited to women being victims, and men being culprits, but vice versa, and any other combination.",0.0,0.0,Unknown,#metoo,0.0,0.4603349566459656,0.5181230306625366,0.02154202200472355,-0.438792934641242,0.5181230306625366,Neutral
26313,2017-10-16 20:41:02,2017-10-16,20,Monday,I see you. I hear you. I believe you. I stand with you. #MeToo,I see you. I hear you. I believe you. I stand with you. #MeToo,0.0,1.0,WEB,#metoo,0.0,0.014936007559299469,0.2111242562532425,0.7739397287368774,0.759003721177578,0.7739397287368774,Positive
2280,2017-10-16 21:41:50,2017-10-16,21,Monday,#MeToo They made me believe that I'm an object of pleasure. I am trying to fight the idea. I am more than that. https://t.co/xmIjQFp3iY,#MeToo They made me believe that I'm an object of pleasure. I am trying to fight the idea. I am more than that. https://t.co/xmIjQFp3iY,0.0,0.0,WEB,#metoo,0.0,0.838503360748291,0.15099893510341644,0.01049769762903452,-0.8280056631192565,0.838503360748291,Negative
7684,2017-10-16 21:54:56,2017-10-16,21,Monday,"I have yet to meet a woman who has NOT been assaulted. Don't think that just because someone doesn't say #metoo, they don't have a story.","I have yet to meet a woman who has NOT been assaulted. Don't think that just because someone doesn't say #metoo, they don't have a story.",0.0,6.0,ANDROID,#metoo,0.0,0.6620232462882996,0.3063620924949646,0.03161464259028435,-0.6304086036980152,0.6620232462882996,Negative
3561,2017-10-16 19:03:24,2017-10-16,19,Monday,"#MeToo in almost every workplace, social outings, by <e2><80><98>friends<e2><80><99>. In my experience it<e2><80><99>s the same for most women and it must stop!","#MeToo in almost every workplace, social outings, by <e2><80><98>friends<e2><80><99>. In my experience it<e2><80><99>s the same for most women and it must stop!",0.0,0.0,IPHONE,#metoo,0.0,0.6910943984985352,0.2788598835468292,0.03004579059779644,-0.6610486079007387,0.6910943984985352,Negative
19060,2017-10-16 23:19:08,2017-10-16,23,Monday,"Reading #MeToo posts, brings back painful &amp; horrible memories.","Reading #MeToo posts, brings back painful &amp; horrible memories.",0.0,4.0,ANDROID,#metoo,0.0,0.9271693229675293,0.06687957048416138,0.005951117258518934,-0.9212182057090104,0.9271693229675293,Negative
26985,2017-10-16 20:58:47,2017-10-16,20,Monday,Very moved by all the women &amp; men posting #MeToo to help create awareness about sexual harassment/assault. Together we can incite change.,Very moved by all the women &amp; men posting #MeToo to help create awareness about sexual harassment/assault. Together we can incite change.,1.0,6.0,WEB,#metoo,0.0,0.02115792967379093,0.09492971748113632,0.8839123845100403,0.8627544548362494,0.8839123845100403,Positive
21870,2017-10-16 22:56:21,2017-10-16,22,Monday,@SenateMajorityL has battered spouse syndrome from @realDonaldTrump<e2><80><99>s abuse. Expect a #MeToo from Mitch shortly. https://t.co/QPrgwp7UpM,@SenateMajorityL has battered spouse syndrome from @realDonaldTrump<e2><80><99>s abuse. Expect a #MeToo from Mitch shortly. https://t.co/QPrgwp7UpM,0.0,0.0,IPHONE,#metoo,0.0,0.7722662091255188,0.21830564737319946,0.009428205899894238,-0.7628380032256246,0.7722662091255188,Negative
7363,2017-10-16 22:11:13,2017-10-16,22,Monday,"New story on NPR: In The Wake Of Harvey Weinstein Scandal, Women Say #MeToo https://t.co/PNWxXNPCpt https://t.co/9VAq1JMed7","New story on NPR: In The Wake Of Harvey Weinstein Scandal, Women Say #MeToo https://t.co/PNWxXNPCpt https://t.co/9VAq1JMed7",1.0,0.0,Unknown,#metoo,0.0,0.040234073996543884,0.9244099259376526,0.035356055945158005,-0.0048780180513858795,0.9244099259376526,Neutral
12210,2017-10-16 21:30:27,2017-10-16,21,Monday,"#MeToo. And every woman I know, too.","#MeToo. And every woman I know, too.",0.0,0.0,WEB,#metoo,0.0,0.07794247567653656,0.6556950211524963,0.2663624584674835,0.18841998279094696,0.6556950211524963,Neutral
17564,2017-10-16 20:18:48,2017-10-16,20,Monday,"(2) Also teaching him that if a girl pushes him to be sexually active (#MeToo), that's just as wrong as a guy pushi<e2><80><a6> https://t.co/zXigWiitVS","(2) Also teaching him that if a girl pushes him to be sexually active (#MeToo), that's just as wrong as a guy pushi<e2><80><a6> https://t.co/zXigWiitVS",0.0,2.0,IPHONE,#metoo,0.0,0.6946882009506226,0.29400166869163513,0.011310117319226265,-0.6833780836313963,0.6946882009506226,Negative
10240,2017-10-16 22:08:06,2017-10-16,22,Monday,Me too. #metoo #sexualharassment #sexualassault https://t.co/yAwowrpjcm,Me too. #metoo #sexualharassment #sexualassault https://t.co/yAwowrpjcm,0.0,0.0,Unknown,#metoo,0.0,0.8090993762016296,0.18044187128543854,0.010458821430802345,-0.7986405547708273,0.8090993762016296,Negative
15993,2017-10-16 23:00:20,2017-10-16,23,Monday,#MeToo I was afraid to say no. But I sure as hell didn't say yes. <ed><a0><bd><ed><b8><a2>,#MeToo I was afraid to say no. But I sure as hell didn't say yes. <ed><a0><bd><ed><b8><a2>,0.0,0.0,ANDROID,#metoo,1.0,0.7961996793746948,0.1850542575120926,0.01874605007469654,-0.7774536292999983,0.7961996793746948,Negative
9006,2017-10-16 23:44:57,2017-10-16,23,Monday,The Movement of #MeToo : https://t.co/9Vt7UMz7wd How a hashtag got its power / by SOPHIE GILBERT @TheAtlantic,The Movement of #MeToo : https://t.co/9Vt7UMz7wd How a hashtag got its power / by SOPHIE GILBERT @TheAtlantic,1.0,0.0,WEB,#metoo,0.0,0.010065823793411255,0.8407151699066162,0.14921902120113373,0.13915319740772247,0.8407151699066162,Neutral
13138,2017-10-16 22:16:32,2017-10-16,22,Monday,#MeToo. Hell most women I know have been harassed/assaulted. It still breaks my heart when I think about it. https://t.co/j818BPybc7,#MeToo. Hell most women I know have been harassed/assaulted. It still breaks my heart when I think about it. https://t.co/j818BPybc7,0.0,2.0,WEB,#metoo,0.0,0.9465948343276978,0.04811134189367294,0.0052938517183065414,-0.9413009826093912,0.9465948343276978,Negative
27541,2017-10-16 22:02:07,2017-10-16,22,Monday,"#metoo 

But by the grace of God, I do not look like what I been through...","#metoo But by the grace of God, I do not look like what I been through...",0.0,0.0,IPHONE,#metoo,0.0,0.39062485098838806,0.4307628571987152,0.17861227691173553,-0.21201257407665253,0.4307628571987152,Neutral
10525,2017-10-16 22:11:06,2017-10-16,22,Monday,Running While Female #metoo https://t.co/LeHuxbTzOS,Running While Female #metoo https://t.co/LeHuxbTzOS,0.0,1.0,WEB,#metoo,0.0,0.08035577088594437,0.8518580198287964,0.06778626888990402,-0.012569501996040344,0.8518580198287964,Neutral
15526,2017-10-16 23:09:23,2017-10-16,23,Monday,"Felt weird about posting #metoo, but then I realized my voice is valid too.","Felt weird about posting #metoo, but then I realized my voice is valid too.",1.0,3.0,IPHONE,#metoo,0.0,0.20750004053115845,0.6646853089332581,0.1278146356344223,-0.07968540489673615,0.6646853089332581,Neutral
4874,2017-10-16 23:26:45,2017-10-16,23,Monday,This Sunday @DDPPLA is donating all admissions to @DWCweb in honor of #MeToo - Come dance with us and support women! https://t.co/nSfShtGDLu,This Sunday @DDPPLA is donating all admissions to @DWCweb in honor of #MeToo - Come dance with us and support women! https://t.co/nSfShtGDLu,6.0,14.0,WEB,#metoo,0.0,0.0018994738347828388,0.0976916030049324,0.9004088640213013,0.8985093901865184,0.9004088640213013,Positive
20901,2017-10-16 21:18:08,2017-10-16,21,Monday,"#metoo  I used to naively - and ridiculously believe that sexual assaults only happened to ""pretty girls"", 1/2","#metoo I used to naively - and ridiculously believe that sexual assaults only happened to ""pretty girls"", 1/2",0.0,4.0,IPHONE,#metoo,0.0,0.7757906913757324,0.21207423508167267,0.012135054916143417,-0.763655636459589,0.7757906913757324,Negative
22847,2017-10-16 20:22:28,2017-10-16,20,Monday,#MeToo along with most of the gals I know.,#MeToo along with most of the gals I know.,0.0,1.0,IPHONE,#metoo,0.0,0.1323176920413971,0.6900691986083984,0.17761309444904327,0.04529540240764618,0.6900691986083984,Neutral
24010,2017-10-16 22:28:52,2017-10-16,22,Monday,It happened as a child. #metoo,It happened as a child. #metoo,0.0,1.0,IPHONE,#metoo,0.0,0.4734092950820923,0.506993293762207,0.01959739625453949,-0.4538118988275528,0.506993293762207,Neutral
21786,2017-10-16 21:12:05,2017-10-16,21,Monday,"So many women, including myself, are laughed or belittled when they say something about sexual assault/harassment. It's not a joke. #MeToo","So many women, including myself, are laughed or belittled when they say something about sexual assault/harassment. It's not a joke. #MeToo",0.0,1.0,IPHONE,#metoo,0.0,0.9001802802085876,0.09292691200971603,0.006892824079841375,-0.8932874561287463,0.9001802802085876,Negative
20239,2017-10-16 19:52:35,2017-10-16,19,Monday,"I was surround by family and friends, I thought he was someone I could trust. I was wrong #metoo https://t.co/WdeHKm6hUS","I was surround by family and friends, I thought he was someone I could trust. I was wrong #metoo https://t.co/WdeHKm6hUS",0.0,3.0,IPHONE,#metoo,0.0,0.26029881834983826,0.5892564654350281,0.15044471621513367,-0.10985410213470459,0.5892564654350281,Neutral
17558,2017-10-16 22:20:38,2017-10-16,22,Monday,@GoddessGeek It absolutely happens to men. I'm just saying this particular #metoo movement is for women.,@GoddessGeek It absolutely happens to men. I'm just saying this particular #metoo movement is for women.,0.0,3.0,IPHONE,#metoo,0.0,0.23265786468982697,0.7149637341499329,0.052378371357917786,-0.18027949333190918,0.7149637341499329,Neutral
8069,2017-10-16 21:35:50,2017-10-16,21,Monday,"with all the #MeToo stories coming out and apparent disgust w/ rape culture...

but we elected a leader who wants to <e2><80><9c>grab her by the pussy<e2><80><9d>",with all the #MeToo stories coming out and apparent disgust w/ rape culture... but we elected a leader who wants to <e2><80><9c>grab her by the pussy<e2><80><9d>,1.0,7.0,IPHONE,#metoo,0.0,0.8596484065055847,0.13248959183692932,0.007861989550292492,-0.8517864169552922,0.8596484065055847,Negative
21174,2017-10-16 19:19:32,2017-10-16,19,Monday,"#MeToo because I<e2><80><99>ve struggled since childhood coping with my abuse, and no one should need to feel alone like I did.","#MeToo because I<e2><80><99>ve struggled since childhood coping with my abuse, and no one should need to feel alone like I did.",1.0,7.0,IPHONE,#metoo,0.0,0.8626708388328552,0.1262209266424179,0.011108150705695152,-0.8515626881271601,0.8626708388328552,Negative
1084,2017-10-16 19:50:49,2017-10-16,19,Monday,#MeToo: Women tell their stories (compiled by @LisaGray_HouTX and @allynwest) https://t.co/UuPqhIukvT via @HoustonChron,#MeToo: Women tell their stories (compiled by @LisaGray_HouTX and @allynwest) https://t.co/UuPqhIukvT via @HoustonChron,1.0,1.0,IPHONE,#metoo,0.0,0.008997510187327862,0.9226890206336975,0.06831344217061996,0.0593159319832921,0.9226890206336975,Neutral
28287,2017-10-16 21:54:56,2017-10-16,21,Monday,"I was sexually assaulted by a guy who I thought was my <e2><80><98>boyfriend<e2><80><99> I said no and he tried anyways. I was 13, he was 16. #metoo","I was sexually assaulted by a guy who I thought was my <e2><80><98>boyfriend<e2><80><99> I said no and he tried anyways. I was 13, he was 16. #metoo",0.0,0.0,IPHONE,#metoo,0.0,0.8408648371696472,0.15117637813091278,0.00795874185860157,-0.8329060953110456,0.8408648371696472,Negative
11574,2017-10-16 19:20:14,2017-10-16,19,Monday,#MeToo and this: https://t.co/IY3plLkiZR,#MeToo and this: https://t.co/IY3plLkiZR,0.0,1.0,IPHONE,#metoo,0.0,0.04905439540743828,0.8875512480735779,0.06339439749717712,0.014340002089738846,0.8875512480735779,Neutral
4357,2017-10-16 23:26:02,2017-10-16,23,Monday,"Okay, @TheBoldTypeTV finale has me sobbing. #metoo","Okay, @TheBoldTypeTV finale has me sobbing. #metoo",0.0,1.0,WEB,#metoo,0.0,0.6857907772064209,0.21716828644275665,0.09704092890024185,-0.588749848306179,0.6857907772064209,Negative
17242,2017-10-16 19:55:12,2017-10-16,19,Monday,Reposting bc important. #MeToo https://t.co/wIotgCBlsk,Reposting bc important. #MeToo https://t.co/wIotgCBlsk,0.0,0.0,IPHONE,#metoo,0.0,0.012940386310219765,0.3360837697982788,0.6509758234024048,0.638035437092185,0.6509758234024048,Positive
23830,2017-10-16 19:18:39,2017-10-16,19,Monday,I'm also laughing at the people who associate women and weakness as one. People don't even know the strength we have. #MeToo,I'm also laughing at the people who associate women and weakness as one. People don't even know the strength we have. #MeToo,1.0,4.0,IPHONE,#metoo,0.0,0.806301474571228,0.1633273959159851,0.030371136963367462,-0.7759303376078606,0.806301474571228,Negative
12697,2017-10-16 22:56:38,2017-10-16,22,Monday,"Bump Dat'.  Search for this song.  Feel good anthem of a lifetime!  
Artist:  Furious Stiles #musicmonday #fearthewalkingdead #metoo #rap",Bump Dat'. Search for this song. Feel good anthem of a lifetime! Artist: Furious Stiles #musicmonday #fearthewalkingdead #metoo #rap,0.0,0.0,WEB,#metoo,0.0,0.005766131915152073,0.08231500536203384,0.9119188189506531,0.906152687035501,0.9119188189506531,Positive
10894,2017-10-16 20:30:56,2017-10-16,20,Monday,"All that men owe to women, they would not be able to repay even if they all started right now &amp; continued until the earth died. #MeToo","All that men owe to women, they would not be able to repay even if they all started right now &amp; continued until the earth died. #MeToo",0.0,0.0,ANDROID,#metoo,0.0,0.7784218788146973,0.20401611924171448,0.017562072724103928,-0.7608598060905933,0.7784218788146973,Negative
4351,2017-10-16 20:35:14,2017-10-16,20,Monday,My ex didn<e2><80><99>t care that he was hurting me. He didn<e2><80><99>t care if I said no. #MeToo,My ex didn<e2><80><99>t care that he was hurting me. He didn<e2><80><99>t care if I said no. #MeToo,0.0,0.0,IPHONE,#metoo,0.0,0.8437638878822327,0.14637742936611176,0.009858688339591026,-0.8339051995426416,0.8437638878822327,Negative
16872,2017-10-16 22:13:37,2017-10-16,22,Monday,#MeToo ......too many times,#MeToo ......too many times,0.0,0.0,ANDROID,#metoo,0.0,0.2892713248729706,0.5876720547676086,0.12305662035942078,-0.1662147045135498,0.5876720547676086,Neutral
14765,2017-10-16 20:15:21,2017-10-16,20,Monday,Oh! @TeamAmericaMOFO thinks it's appropriate to comment on my looks during an argument about boy scouts allowing gi<e2><80><a6> https://t.co/h3ylx7efkb,Oh! @TeamAmericaMOFO thinks it's appropriate to comment on my looks during an argument about boy scouts allowing gi<e2><80><a6> https://t.co/h3ylx7efkb,0.0,1.0,ANDROID,#metoo,0.0,0.20949657261371613,0.6737818717956543,0.1167214959859848,-0.09277507662773132,0.6737818717956543,Neutral
6254,2017-10-16 23:13:48,2017-10-16,23,Monday,"#metoo
Appropriately dressed
Young
Sober 
Amongst family members, hidden in the light 
Gun to my head 
Words to my heart
This &amp; more
Me too","#metoo Appropriately dressed Young Sober Amongst family members, hidden in the light Gun to my head Words to my heart This &amp; more Me too",1.0,5.0,IPHONE,#metoo,0.0,0.054171495139598846,0.8347574472427368,0.11107103526592255,0.0568995401263237,0.8347574472427368,Neutral
1457,2017-10-16 21:50:30,2017-10-16,21,Monday,@Blklivesmatter @TaranaBurke Grateful for #MeToo. Now waiting for #Ireallyfuckedup,@Blklivesmatter @TaranaBurke Grateful for #MeToo. Now waiting for #Ireallyfuckedup,0.0,8.0,WEB,#metoo,0.0,0.07635048031806946,0.19636838138103485,0.7272810935974121,0.6509306132793427,0.7272810935974121,Positive
1424,2017-10-16 19:14:38,2017-10-16,19,Monday,"#metoo

More than once. 
That's all I'm going to say.",#metoo More than once. That's all I'm going to say.,1.0,23.0,Unknown,#metoo,0.0,0.3194941580295563,0.5997776985168457,0.08072811365127563,-0.23876604437828064,0.5997776985168457,Neutral
23075,2017-10-16 20:26:11,2017-10-16,20,Monday,By an ex-boss. By an ex-husband. #MeToo,By an ex-boss. By an ex-husband. #MeToo,0.0,0.0,ANDROID,#metoo,0.0,0.3589988052845001,0.6094517707824707,0.03154950588941574,-0.3274492993950844,0.6094517707824707,Neutral
19645,2017-10-16 19:54:30,2017-10-16,19,Monday,Sexual harassment is everywhere. And because it is.....it seems 'normal'. But it is not okay. Never! #MeToo,Sexual harassment is everywhere. And because it is.....it seems 'normal'. But it is not okay. Never! #MeToo,0.0,0.0,ANDROID,#metoo,0.0,0.9100073575973511,0.08202247321605682,0.007970106787979603,-0.9020372508093715,0.9100073575973511,Negative
27581,2017-10-16 22:26:16,2017-10-16,22,Monday,"Yesterday evening, @Alyssa_Milano called for survivors to tweet #MeToo. Tens of thousands responded. https://t.co/LtF7lhwNxX","Yesterday evening, @Alyssa_Milano called for survivors to tweet #MeToo. Tens of thousands responded. https://t.co/LtF7lhwNxX",33.0,135.0,Unknown,#metoo,0.0,0.022515250369906425,0.7584276795387268,0.2190571129322052,0.19654186256229877,0.7584276795387268,Neutral
1732,2017-10-16 22:24:23,2017-10-16,22,Monday,The men therein. Sobbing <e2><80><9c>I hate him<e2><80><9d> about the boss who intimidated you and facing him anyway. Yes. #metoo,The men therein. Sobbing <e2><80><9c>I hate him<e2><80><9d> about the boss who intimidated you and facing him anyway. Yes. #metoo,0.0,3.0,IPHONE,#metoo,0.0,0.901771068572998,0.08620079606771469,0.012028120458126068,-0.889742948114872,0.901771068572998,Negative
19501,2017-10-16 23:27:19,2017-10-16,23,Monday,A Conservative Comedian Just Made A Sexist <e2><80><9c>Joke<e2><80><9d> Amid #MeToo And Quickly Paid For It https://t.co/VMkfL9DEHu https://t.co/VMkfL9DEHu,A Conservative Comedian Just Made A Sexist <e2><80><9c>Joke<e2><80><9d> Amid #MeToo And Quickly Paid For It https://t.co/VMkfL9DEHu https://t.co/VMkfL9DEHu,0.0,1.0,Unknown,#metoo,0.0,0.5272320508956909,0.4432544410228729,0.029513465240597725,-0.4977185856550932,0.5272320508956909,Negative
28454,2017-10-16 23:07:12,2017-10-16,23,Monday,"@Pontifex see #MeToo, please https://t.co/m4pD8ntgeF","@Pontifex see #MeToo, please https://t.co/m4pD8ntgeF",0.0,0.0,ANDROID,#metoo,0.0,0.05936479568481445,0.8092586994171143,0.13137656450271606,0.07201176881790161,0.8092586994171143,Neutral
4754,2017-10-16 20:39:35,2017-10-16,20,Monday,Me too. Just like probably any woman you know. #MeToo,Me too. Just like probably any woman you know. #MeToo,0.0,0.0,IPHONE,#metoo,0.0,0.15591147541999817,0.659970223903656,0.1841183602809906,0.02820688486099243,0.659970223903656,Neutral
6696,2017-10-16 21:12:29,2017-10-16,21,Monday,being cornered in a store &amp; being called a b*tch for walking away; being groped in vegas clubs; getting catcalled walking to work #metoo,being cornered in a store &amp; being called a b*tch for walking away; being groped in vegas clubs; getting catcalled walking to work #metoo,0.0,15.0,WEB,#metoo,0.0,0.8923602104187012,0.10218232870101929,0.005457521416246891,-0.8869026890024543,0.8923602104187012,Negative
27937,2017-10-16 22:46:28,2017-10-16,22,Monday,What's the best way to express support and solidarity for the #MeToo movement?,What's the best way to express support and solidarity for the #MeToo movement?,0.0,2.0,ANDROID,#metoo,0.0,0.018349872902035713,0.6459364891052246,0.33571359515190125,0.31736372224986553,0.6459364891052246,Neutral
11293,2017-10-16 23:29:30,2017-10-16,23,Monday,"#metoo 
haven't really ever told anyone, but that just goes to show how we really don't want to come and talk about these things.","#metoo haven't really ever told anyone, but that just goes to show how we really don't want to come and talk about these things.",0.0,1.0,IPHONE,#metoo,0.0,0.8371551036834717,0.15669618546962738,0.006148802116513252,-0.8310063015669584,0.8371551036834717,Negative
10121,2017-10-16 22:53:17,2017-10-16,22,Monday,Everyone -- let me know if this has happened to you after sharing a #metoo story: hanna@qz.com https://t.co/gMX3C7KpB2,Everyone -- let me know if this has happened to you after sharing a #metoo story: hanna@qz.com https://t.co/gMX3C7KpB2,21.0,12.0,WEB,#metoo,0.0,0.027598237618803978,0.9032419919967651,0.06915974617004395,0.04156150855123997,0.9032419919967651,Neutral
21092,2017-10-16 22:59:46,2017-10-16,22,Monday,"If I ever see unwanted touching at a show going on, I will straight up start throwing right hooks. Knowing  #metoo stories. <ed><a0><bd><ed><b8><a1> beyond belief","If I ever see unwanted touching at a show going on, I will straight up start throwing right hooks. Knowing #metoo stories. <ed><a0><bd><ed><b8><a1> beyond belief",2.0,5.0,IPHONE,#metoo,1.0,0.8873039484024048,0.10223188251256943,0.010464152321219444,-0.8768397960811853,0.8873039484024048,Negative
25142,2017-10-16 19:56:29,2017-10-16,19,Monday,"so proud of everyone's bravery on here. 

I've written this out about six times but it's so difficult to say even two words #metoo",so proud of everyone's bravery on here. I've written this out about six times but it's so difficult to say even two words #metoo,1.0,19.0,ANDROID,#metoo,0.0,0.040330082178115845,0.07916173338890076,0.8805081248283386,0.8401780426502228,0.8805081248283386,Positive
7400,2017-10-16 20:07:40,2017-10-16,20,Monday,SHARE!!! #weinsteinscandal #Weinstein #Trump #MeToo https://t.co/fqj023SUh2,SHARE!!! #weinsteinscandal #Weinstein #Trump #MeToo https://t.co/fqj023SUh2,2.0,1.0,ANDROID,#metoo,0.0,0.429790735244751,0.5251842737197876,0.04502503201365471,-0.38476570323109627,0.5251842737197876,Neutral
52,2017-10-16 23:51:23,2017-10-16,23,Monday,#MeToo is cool if it offers peace and a sense of unity but let's not work under the false pretence that our narratives will make men care,#MeToo is cool if it offers peace and a sense of unity but let's not work under the false pretence that our narratives will make men care,12.0,16.0,IPHONE,#metoo,0.0,0.2580043077468872,0.6040709614753723,0.13792477548122406,-0.12007953226566315,0.6040709614753723,Neutral
615,2017-10-16 20:42:33,2017-10-16,20,Monday,I &amp; all @ https://t.co/z3Tuclf3P5 stand w every person who thought <e2><80><9c>Me too<e2><80><9d> but doesn<e2><80><99>t feel comfortable saying #metoo 4 whatever reason,I &amp; all @ https://t.co/z3Tuclf3P5 stand w every person who thought <e2><80><9c>Me too<e2><80><9d> but doesn<e2><80><99>t feel comfortable saying #metoo 4 whatever reason,0.0,5.0,IPHONE,#metoo,0.0,0.5507118105888367,0.41789788007736206,0.03139031305909157,-0.5193214975297451,0.5507118105888367,Negative
17599,2017-10-16 20:14:30,2017-10-16,20,Monday,"@Alyssa_Milano Me too
#metoo",@Alyssa_Milano Me too #metoo,0.0,0.0,Unknown,#metoo,0.0,0.046470433473587036,0.7105442881584167,0.24298521876335144,0.1965147852897644,0.7105442881584167,Neutral
26573,2017-10-16 22:49:19,2017-10-16,22,Monday,My first reaction was to pause and consider if I should post b/c of what people might think. That alone speaks volumes of why I did. #MeToo,My first reaction was to pause and consider if I should post b/c of what people might think. That alone speaks volumes of why I did. #MeToo,0.0,1.0,IPHONE,#metoo,0.0,0.33035698533058167,0.6091011762619019,0.060541849583387375,-0.2698151357471943,0.6091011762619019,Neutral
18380,2017-10-16 23:41:39,2017-10-16,23,Monday,#Metoo has made me speak up https://t.co/zRi6Uveth7 via @HuffPostWomen,#Metoo has made me speak up https://t.co/zRi6Uveth7 via @HuffPostWomen,0.0,2.0,WEB,#metoo,0.0,0.016077235341072083,0.655104398727417,0.3288183808326721,0.31274114549160004,0.655104398727417,Neutral
16907,2017-10-16 21:49:59,2017-10-16,21,Monday,"#metoo.  Won't go into much detail. But, little girls should never have to grow up so quickly.  As a teenage... https://t.co/Db0weC1Oj1","#metoo. Won't go into much detail. But, little girls should never have to grow up so quickly. As a teenage... https://t.co/Db0weC1Oj1",0.0,9.0,Unknown,#metoo,0.0,0.8372420072555542,0.156494602560997,0.006263372953981161,-0.830978634301573,0.8372420072555542,Negative
27572,2017-10-16 23:28:56,2017-10-16,23,Monday,#metoo it is not only women. It can be boys and men. https://t.co/xxg8SoWlkf,#metoo it is not only women. It can be boys and men. https://t.co/xxg8SoWlkf,0.0,1.0,IPHONE,#metoo,0.0,0.3510563373565674,0.6098624467849731,0.03908121585845947,-0.3119751214981079,0.6098624467849731,Neutral
22531,2017-10-16 21:03:34,2017-10-16,21,Monday,"#MeToo  
I'd  like to know what woman hasn't in one way or another.",#MeToo I'd like to know what woman hasn't in one way or another.,0.0,0.0,ANDROID,#metoo,0.0,0.17912524938583374,0.750983715057373,0.06989101320505142,-0.10923423618078232,0.750983715057373,Neutral
4869,2017-10-16 21:20:54,2017-10-16,21,Monday,BBC News - 'My #MeToo experience is sadly typical' https://t.co/RlPKT6dUGO,BBC News - 'My #MeToo experience is sadly typical' https://t.co/RlPKT6dUGO,0.0,0.0,WEB,#metoo,0.0,0.8221732974052429,0.17030151188373566,0.007525205612182617,-0.8146480917930603,0.8221732974052429,Negative
13093,2017-10-16 22:19:00,2017-10-16,22,Monday,@Alyssa_Milano #MeToo  Thank you for bringing this idea to fruition.,@Alyssa_Milano #MeToo Thank you for bringing this idea to fruition.,0.0,0.0,Unknown,#metoo,0.0,0.004114122129976749,0.052962180227041245,0.9429236650466919,0.9388095429167151,0.9429236650466919,Positive
26396,2017-10-16 20:02:27,2017-10-16,20,Monday,"Altho the bogan culture has come a long way, of course #metoo. Probs starting from my aunt's at-the-time bf getting his dick out in my face","Altho the bogan culture has come a long way, of course #metoo. Probs starting from my aunt's at-the-time bf getting his dick out in my face",0.0,5.0,ANDROID,#metoo,0.0,0.1211804747581482,0.4254998564720154,0.4533196687698364,0.33213919401168823,0.4533196687698364,Positive
28377,2017-10-16 21:20:12,2017-10-16,21,Monday,"#metoo

In high school. On a Bible College campus. By men that I respected.

Sisters- you are not alone. I'm here with you.",#metoo In high school. On a Bible College campus. By men that I respected. Sisters- you are not alone. I'm here with you.,0.0,2.0,IPHONE,#metoo,0.0,0.03155232593417168,0.3924495577812195,0.5759981274604797,0.5444458015263081,0.5759981274604797,Positive
11690,2017-10-16 22:24:29,2017-10-16,22,Monday,"I don't necessarily want to discuss it, as is my prerogative, but #MeToo","I don't necessarily want to discuss it, as is my prerogative, but #MeToo",0.0,1.0,ANDROID,#metoo,0.0,0.3991650342941284,0.5719091296195984,0.028925880789756775,-0.37023915350437164,0.5719091296195984,Neutral
19028,2017-10-16 19:03:17,2017-10-16,19,Monday,"#MeToo  Awful that this continues. Stop it you blokes, &amp; stop it if you asked why it took so long to speak up. Do u realise where you stand?","#MeToo Awful that this continues. Stop it you blokes, &amp; stop it if you asked why it took so long to speak up. Do u realise where you stand?",0.0,1.0,WEB,#metoo,0.0,0.94427490234375,0.05164402723312378,0.0040810732170939445,-0.940193829126656,0.94427490234375,Negative
12636,2017-10-16 23:42:12,2017-10-16,23,Monday,"I can't say #MeToo, but I will say #IWill commit to speak up &amp; not allow my silence to be viewed as condoning harassment or misogyny.","I can't say #MeToo, but I will say #IWill commit to speak up &amp; not allow my silence to be viewed as condoning harassment or misogyny.",8.0,31.0,WEB,#metoo,0.0,0.4518943727016449,0.4594062864780426,0.0886993408203125,-0.3631950318813324,0.4594062864780426,Neutral
23029,2017-10-16 19:09:31,2017-10-16,19,Monday,@Alyssa_Milano #MeToo Sad reality. I'm fine--not severe compared to what many have experienced--but still not okay.,@Alyssa_Milano #MeToo Sad reality. I'm fine--not severe compared to what many have experienced--but still not okay.,1.0,6.0,WEB,#metoo,0.0,0.775770366191864,0.20450547337532043,0.019724229350686073,-0.7560461368411779,0.775770366191864,Negative
27365,2017-10-16 23:29:46,2017-10-16,23,Monday,"She sells herself. #MeToo  
https://t.co/M8VfsUc0n0",She sells herself. #MeToo https://t.co/M8VfsUc0n0,0.0,0.0,Unknown,#metoo,0.0,0.6861889958381653,0.2956918478012085,0.018119120970368385,-0.6680698748677969,0.6861889958381653,Negative
22264,2017-10-16 19:06:12,2017-10-16,19,Monday,I needed to hear this today. Me too. I have so much respect for survivors who have shared their experiences of assa<e2><80><a6> https://t.co/2zzeSzfspe,I needed to hear this today. Me too. I have so much respect for survivors who have shared their experiences of assa<e2><80><a6> https://t.co/2zzeSzfspe,0.0,6.0,IPHONE,#metoo,0.0,0.012767552398145199,0.05329686775803566,0.9339356422424316,0.9211680898442864,0.9339356422424316,Positive
76,2017-10-16 21:31:59,2017-10-16,21,Monday,"Don't dwell on what you can't change, move past, adapt, overcome #MeToo","Don't dwell on what you can't change, move past, adapt, overcome #MeToo",0.0,0.0,ANDROID,#metoo,0.0,0.3110305964946747,0.589435338973999,0.0995340645313263,-0.2114965319633484,0.589435338973999,Neutral
4855,2017-10-16 22:42:10,2017-10-16,22,Monday,Local organizations that fight sex abuse invite #MeToo tweeters to reach out and get the support they need.<e2><80><a6> https://t.co/7bm4ClyVEb,Local organizations that fight sex abuse invite #MeToo tweeters to reach out and get the support they need.<e2><80><a6> https://t.co/7bm4ClyVEb,1.0,2.0,Unknown,#metoo,0.0,0.0352347269654274,0.7220110893249512,0.24275411665439606,0.20751938968896866,0.7220110893249512,Neutral
22795,2017-10-16 23:25:27,2017-10-16,23,Monday,Good time to reiterate the words from this @Jbrekkie sweatshirt: you should do as little harm as you can to women<e2><80><a6> https://t.co/AhmUCtnHPN,Good time to reiterate the words from this @Jbrekkie sweatshirt: you should do as little harm as you can to women<e2><80><a6> https://t.co/AhmUCtnHPN,5.0,45.0,IPHONE,#metoo,0.0,0.15024185180664062,0.49548420310020447,0.3542739450931549,0.20403209328651428,0.49548420310020447,Neutral
10854,2017-10-16 23:25:49,2017-10-16,23,Monday,This hashtag made me realise that I don't think I know a single woman who hasn't been sexually harassed or abused by a man #metoo,This hashtag made me realise that I don't think I know a single woman who hasn't been sexually harassed or abused by a man #metoo,0.0,2.0,Unknown,#metoo,0.0,0.695477306842804,0.2695724666118622,0.03495027869939804,-0.6605270281434059,0.695477306842804,Negative
1295,2017-10-16 21:09:08,2017-10-16,21,Monday,"#MeToo - Special shout out to the years of bar work, my pulling you a pint doesn't mean you can try and pull anything else","#MeToo - Special shout out to the years of bar work, my pulling you a pint doesn't mean you can try and pull anything else",0.0,2.0,WEB,#metoo,0.0,0.30608195066452026,0.5281527638435364,0.16576528549194336,-0.1403166651725769,0.5281527638435364,Neutral
25152,2017-10-16 19:06:11,2017-10-16,19,Monday,"abc4utah: Here's why you're seeing #MeToo all over social media
https://t.co/QGLL2bk4EJ https://t.co/10dhvC8CrE",abc4utah: Here's why you're seeing #MeToo all over social media https://t.co/QGLL2bk4EJ https://t.co/10dhvC8CrE,0.0,0.0,Unknown,#metoo,0.0,0.025498555973172188,0.8629347681999207,0.1115667000412941,0.08606814406812191,0.8629347681999207,Neutral
11782,2017-10-16 20:56:28,2017-10-16,20,Monday,"#MeToo
Me too
If all the women who have been sexually harassed or assaulted wrote ""Me too."" as a status, we might... https://t.co/VmpPwUHnZa","#MeToo Me too If all the women who have been sexually harassed or assaulted wrote ""Me too."" as a status, we might... https://t.co/VmpPwUHnZa",0.0,0.0,Unknown,#metoo,0.0,0.32736024260520935,0.5877629518508911,0.08487685769796371,-0.24248338490724564,0.5877629518508911,Neutral
14302,2017-10-16 19:14:59,2017-10-16,19,Monday,"#MeToo 
Enough said",#MeToo Enough said,0.0,0.0,ANDROID,#metoo,0.0,0.3081614375114441,0.5896275043487549,0.10221108049154282,-0.20595035701990128,0.5896275043487549,Neutral
13682,2017-10-16 19:30:09,2017-10-16,19,Monday,#MeToo  (and more times than I can now count at my ripe old age).,#MeToo (and more times than I can now count at my ripe old age).,0.0,0.0,WEB,#metoo,0.0,0.044346630573272705,0.32669466733932495,0.6289587020874023,0.5846120715141296,0.6289587020874023,Positive
11006,2017-10-16 19:01:39,2017-10-16,19,Monday,"On Friends: Remember when Joey got his <e2><80><9c>big break<e2><80><9d> on Days of our Lives? 
He had to sleep with the Casting Director. 

#metoo",On Friends: Remember when Joey got his <e2><80><9c>big break<e2><80><9d> on Days of our Lives? He had to sleep with the Casting Director. #metoo,0.0,1.0,IPHONE,#metoo,0.0,0.11837700754404068,0.7881697416305542,0.0934532955288887,-0.024923712015151978,0.7881697416305542,Neutral
902,2017-10-16 22:02:56,2017-10-16,22,Monday,"Me Too 
#MeToo",Me Too #MeToo,0.0,1.0,Unknown,#metoo,0.0,0.0634361058473587,0.7115073800086975,0.2250564694404602,0.1616203635931015,0.7115073800086975,Neutral
3999,2017-10-16 20:41:55,2017-10-16,20,Monday,"As a woman in the beer industry, I'm screaming #MeToo","As a woman in the beer industry, I'm screaming #MeToo",0.0,12.0,IPHONE,#metoo,0.0,0.13755682110786438,0.34752750396728516,0.5149156451225281,0.3773588240146637,0.5149156451225281,Positive
12192,2017-10-16 21:58:53,2017-10-16,21,Monday,Sometimes I wonder if I had spoken up back in 2000 if I would have gone a different career path and be close to retirement...#MeToo,Sometimes I wonder if I had spoken up back in 2000 if I would have gone a different career path and be close to retirement...#MeToo,0.0,2.0,IPHONE,#metoo,0.0,0.37573128938674927,0.5809827446937561,0.04328594729304314,-0.33244534209370613,0.5809827446937561,Neutral
26341,2017-10-16 19:53:48,2017-10-16,19,Monday,"A lot of men are surprised and horrified at how many women and nb folks are posting #metoo, but we've been saying it forever.","A lot of men are surprised and horrified at how many women and nb folks are posting #metoo, but we've been saying it forever.",0.0,1.0,IPHONE,#metoo,0.0,0.652211606502533,0.32598230242729187,0.02180604264140129,-0.6304055638611317,0.652211606502533,Negative
16171,2017-10-16 20:39:03,2017-10-16,20,Monday,"Because those closest to you are often your predators. 

I deserve to trust and love again.

#MeToo",Because those closest to you are often your predators. I deserve to trust and love again. #MeToo,1.0,8.0,ANDROID,#metoo,0.0,0.22343461215496063,0.5046336650848389,0.2719317674636841,0.04849715530872345,0.5046336650848389,Neutral
170,2017-10-16 23:36:07,2017-10-16,23,Monday,"Standing up is hard, but #SilenceIsConsent Thanks to the brave women (&amp; men) who contributed deeply personal storie<e2><80><a6> https://t.co/jMtl3g47xZ","Standing up is hard, but #SilenceIsConsent Thanks to the brave women (&amp; men) who contributed deeply personal storie<e2><80><a6> https://t.co/jMtl3g47xZ",0.0,2.0,WEB,#metoo,0.0,0.027414346113801003,0.270697683095932,0.7018879055976868,0.6744735594838858,0.7018879055976868,Positive
20183,2017-10-16 22:09:26,2017-10-16,22,Monday,"ALL OF US (WOMEN) ON MY TIMELINE RIGHT NOW.

If we speak up, there will be strength in numbers. It is us, Women who<e2><80><a6> https://t.co/stfwqbELwq","ALL OF US (WOMEN) ON MY TIMELINE RIGHT NOW. If we speak up, there will be strength in numbers. It is us, Women who<e2><80><a6> https://t.co/stfwqbELwq",0.0,5.0,IPHONE,#metoo,0.0,0.00961972400546074,0.19479596614837646,0.7955843806266785,0.7859646566212177,0.7955843806266785,Positive
21256,2017-10-16 20:04:41,2017-10-16,20,Monday,Try these strategies in supporting those sharing #metoo experiences. https://t.co/8tgDbWvTCT,Try these strategies in supporting those sharing #metoo experiences. https://t.co/8tgDbWvTCT,0.0,1.0,Unknown,#metoo,0.0,0.013133094646036625,0.6660378575325012,0.32082900404930115,0.3076959094032645,0.6660378575325012,Neutral
9873,2017-10-16 20:01:39,2017-10-16,20,Monday,"One day we won<e2><80><99>t be asked what we were wearing, but what could have been done differently to make sure this won<e2><80><99>t happen to anyone. #MeToo","One day we won<e2><80><99>t be asked what we were wearing, but what could have been done differently to make sure this won<e2><80><99>t happen to anyone. #MeToo",0.0,0.0,IPHONE,#metoo,0.0,0.591762900352478,0.368854284286499,0.039382826536893845,-0.5523800738155842,0.591762900352478,Negative
19809,2017-10-16 19:32:48,2017-10-16,19,Monday,I guess everyone except the ones with deep down suppressed feelings are being vocal about #MeToo,I guess everyone except the ones with deep down suppressed feelings are being vocal about #MeToo,0.0,0.0,ANDROID,#metoo,0.0,0.22936321794986725,0.690395176410675,0.08024159073829651,-0.14912162721157074,0.690395176410675,Neutral
13934,2017-10-16 22:19:22,2017-10-16,22,Monday,i didn't ask for it. it wasn't ur right to take away what was mine to give &amp; it wasn't my fault. i am more than what u told me i was #MeToo,i didn't ask for it. it wasn't ur right to take away what was mine to give &amp; it wasn't my fault. i am more than what u told me i was #MeToo,1.0,2.0,IPHONE,#metoo,0.0,0.7256882786750793,0.2589321434497833,0.015379659831523895,-0.7103086188435555,0.7256882786750793,Negative
18964,2017-10-16 21:56:16,2017-10-16,21,Monday,#MeToo though honestly I'd be surprised if any grown woman could say hand on heart #MeNot,#MeToo though honestly I'd be surprised if any grown woman could say hand on heart #MeNot,1.0,6.0,WEB,#metoo,0.0,0.6416876316070557,0.3324992060661316,0.025813115760684013,-0.6158745158463717,0.6416876316070557,Negative
2561,2017-10-16 21:19:01,2017-10-16,21,Monday,My ex. <ed><a0><bd><ed><b9><84> #MeToo,My ex. <ed><a0><bd><ed><b9><84> #MeToo,0.0,1.0,IPHONE,#metoo,1.0,0.568000853061676,0.413459450006485,0.018539659678936005,-0.54946119338274,0.568000853061676,Negative
22874,2017-10-16 23:00:04,2017-10-16,23,Monday,I<e2><80><99>m not sure I don<e2><80><99>t know a woman who hasn<e2><80><99>t been sexually assaulted or harassed in some way. #MeToo girl. We fight sexual assault together.,I<e2><80><99>m not sure I don<e2><80><99>t know a woman who hasn<e2><80><99>t been sexually assaulted or harassed in some way. #MeToo girl. We fight sexual assault together.,0.0,14.0,IPHONE,#metoo,0.0,0.6395969390869141,0.31612199544906616,0.04428111016750336,-0.5953158289194107,0.6395969390869141,Negative
20344,2017-10-16 19:41:22,2017-10-16,19,Monday,Its really sad that women have to take to twitter in their thousands to be believed #MeToo,Its really sad that women have to take to twitter in their thousands to be believed #MeToo,0.0,4.0,ANDROID,#metoo,0.0,0.9145447015762329,0.08017239719629288,0.005282836966216564,-0.9092618646100163,0.9145447015762329,Negative
2224,2017-10-16 23:39:17,2017-10-16,23,Monday,"@deaneatscake I can't share my story, but trust that it's astonishingly similar. #MeToo <e2><9d><a4><ef><b8><8f>","@deaneatscake I can't share my story, but trust that it's astonishingly similar. #MeToo <e2><9d><a4><ef><b8><8f>",0.0,1.0,WEB,#metoo,1.0,0.13248097896575928,0.4549179971218109,0.4126009941101074,0.28012001514434814,0.4549179971218109,Neutral
7520,2017-10-16 23:51:01,2017-10-16,23,Monday,"Following online campaign  #MeToo, women in France are also telling their stories with #balancetonporc<e2><80><a6> https://t.co/prSDlqjzpP","Following online campaign #MeToo, women in France are also telling their stories with #balancetonporc<e2><80><a6> https://t.co/prSDlqjzpP",9.0,10.0,Unknown,#metoo,0.0,0.01803724095225334,0.8594523072242737,0.12251037359237671,0.10447313264012337,0.8594523072242737,Neutral
26780,2017-10-16 21:23:27,2017-10-16,21,Monday,"This #MeToo thing is all fine and good, but since when has women telling the truth ever made a difference? WE ARE NOT THE PROBLEM.","This #MeToo thing is all fine and good, but since when has women telling the truth ever made a difference? WE ARE NOT THE PROBLEM.",0.0,0.0,WEB,#metoo,0.0,0.7970779538154602,0.18714658915996552,0.015775462612509727,-0.7813024912029505,0.7970779538154602,Negative
15083,2017-10-16 22:14:44,2017-10-16,22,Monday,Posted a #metoo post on FB loosely referencing experience I had at 12. 15min later got a long winded message of apology from perpetrator <ed><a0><be><ed><b4><94>,Posted a #metoo post on FB loosely referencing experience I had at 12. 15min later got a long winded message of apology from perpetrator <ed><a0><be><ed><b4><94>,0.0,9.0,IPHONE,#metoo,1.0,0.5255434513092041,0.4566304385662079,0.017826104536652565,-0.5077173467725515,0.5255434513092041,Negative
6727,2017-10-16 22:02:33,2017-10-16,22,Monday,"#MeToo 

I'm sorry for anyone who has ever lived any type of sexual harassment. No one deserves that. 

My story
https://t.co/gftGWCFR7v",#MeToo I'm sorry for anyone who has ever lived any type of sexual harassment. No one deserves that. My story https://t.co/gftGWCFR7v,0.0,12.0,ANDROID,#metoo,0.0,0.9191404581069946,0.07276695966720581,0.008092601783573627,-0.911047856323421,0.9191404581069946,Negative
13877,2017-10-16 19:27:47,2017-10-16,19,Monday,Okay with my #MeToo. I know it wasn't my fault. It didn't break me. It's all the young women I love posting that makes me just go postal.,Okay with my #MeToo. I know it wasn't my fault. It didn't break me. It's all the young women I love posting that makes me just go postal.,0.0,1.0,WEB,#metoo,0.0,0.36785662174224854,0.38966062664985657,0.24248269200325012,-0.1253739297389984,0.38966062664985657,Neutral
23985,2017-10-16 20:40:49,2017-10-16,20,Monday,"#MeToo
To ANYONE who's been sexually harrassed, assaulted or abused, YOU aren't the problem. #RapeCulture is. #RealMenLikeConsent","#MeToo To ANYONE who's been sexually harrassed, assaulted or abused, YOU aren't the problem. #RapeCulture is. #RealMenLikeConsent",0.0,2.0,ANDROID,#metoo,0.0,0.8589653968811035,0.13126301765441895,0.009771652519702911,-0.8491937443614006,0.8589653968811035,Negative
4726,2017-10-16 20:45:00,2017-10-16,20,Monday,i can never forget it #MeToo,i can never forget it #MeToo,0.0,4.0,IPHONE,#metoo,0.0,0.14866386353969574,0.2831380069255829,0.5681981444358826,0.41953428089618683,0.5681981444358826,Positive
18759,2017-10-16 23:11:52,2017-10-16,23,Monday,The Radio &amp; TV Daily News is out! https://t.co/rDdFbuMZ9w #metoo #radio,The Radio &amp; TV Daily News is out! https://t.co/rDdFbuMZ9w #metoo #radio,0.0,0.0,Unknown,#metoo,0.0,0.010579665191471577,0.8067212700843811,0.1826990246772766,0.17211935948580503,0.8067212700843811,Neutral
26404,2017-10-16 22:45:14,2017-10-16,22,Monday,Thank you John.  As someone posting #MeToo I appreciate you https://t.co/S88pUK87qx,Thank you John. As someone posting #MeToo I appreciate you https://t.co/S88pUK87qx,0.0,2.0,Unknown,#metoo,0.0,0.006087216082960367,0.03588191792368889,0.9580308198928833,0.9519436038099229,0.9580308198928833,Positive
4863,2017-10-16 19:03:52,2017-10-16,19,Monday,Anyone can be sexually assaulted. #MeToo https://t.co/PptB8EKxXW,Anyone can be sexually assaulted. #MeToo https://t.co/PptB8EKxXW,0.0,1.0,ANDROID,#metoo,0.0,0.6071139574050903,0.3735675513744354,0.019318493083119392,-0.5877954643219709,0.6071139574050903,Negative
10710,2017-10-16 19:24:22,2017-10-16,19,Monday,"I don<e2><80><99>t know a woman who hasn<e2><80><99>t, at the very least, been sexually harassed #metoo","I don<e2><80><99>t know a woman who hasn<e2><80><99>t, at the very least, been sexually harassed #metoo",0.0,5.0,IPHONE,#metoo,0.0,0.7979720830917358,0.18409563601016998,0.017932357266545296,-0.7800397258251905,0.7979720830917358,Negative
18480,2017-10-16 20:06:43,2017-10-16,20,Monday,@IAmLindsayJones I don't even remember it happening but I remember saying no and when I got home I cried because I was in pain. #MeToo,@IAmLindsayJones I don't even remember it happening but I remember saying no and when I got home I cried because I was in pain. #MeToo,0.0,3.0,IPHONE,#metoo,0.0,0.849023699760437,0.13781215250492096,0.013164201751351357,-0.8358594980090857,0.849023699760437,Negative
14496,2017-10-16 22:06:04,2017-10-16,22,Monday,#metoo he left me scarred for so many years after what he did to me. I didn't know what to call it for so long thinking it was my fault,#metoo he left me scarred for so many years after what he did to me. I didn't know what to call it for so long thinking it was my fault,0.0,6.0,WEB,#metoo,0.0,0.9427817463874817,0.05301627889275551,0.0042020296677947044,-0.938579716719687,0.9427817463874817,Negative
16067,2017-10-16 22:16:45,2017-10-16,22,Monday,"Sad to say, #MeToo. I was 19, beginning my modeling career. Sucks when a man abuses his power.","Sad to say, #MeToo. I was 19, beginning my modeling career. Sucks when a man abuses his power.",0.0,1.0,IPHONE,#metoo,0.0,0.8941327929496765,0.09711959958076477,0.00874766893684864,-0.8853851240128279,0.8941327929496765,Negative
8410,2017-10-16 19:54:33,2017-10-16,19,Monday,#MeToo I'm lucky to be w someone caring and wonderful now but in the past I've been pressured to do a lot of things I was uncomfortable with,#MeToo I'm lucky to be w someone caring and wonderful now but in the past I've been pressured to do a lot of things I was uncomfortable with,0.0,4.0,ANDROID,#metoo,0.0,0.3318300247192383,0.29316622018814087,0.37500375509262085,0.04317373037338257,0.37500375509262085,Positive
28111,2017-10-16 22:25:00,2017-10-16,22,Monday,"Just wanna put this out there: If you were sexually assaulted, you don't have to post #metoo. No one is entitled to your history.","Just wanna put this out there: If you were sexually assaulted, you don't have to post #metoo. No one is entitled to your history.",88.0,645.0,WEB,#metoo,0.0,0.6979139447212219,0.2902362048625946,0.01184988021850586,-0.6860640645027161,0.6979139447212219,Negative
11749,2017-10-16 21:16:50,2017-10-16,21,Monday,Not ashamed to admit #MeToo. I<e2><80><99>m ashamed I allowed it to emotionally paralyze me. You can<e2><80><99>t ignore numbers.,Not ashamed to admit #MeToo. I<e2><80><99>m ashamed I allowed it to emotionally paralyze me. You can<e2><80><99>t ignore numbers.,0.0,7.0,IPHONE,#metoo,0.0,0.8934940099716187,0.09614761918783188,0.010358396917581558,-0.8831356130540371,0.8934940099716187,Negative
26806,2017-10-16 22:54:47,2017-10-16,22,Monday,"#MeToo by Bill Cosby. Not one of his aspiring stars, but a young girl he tried to shove into a room and force to take drugs.","#MeToo by Bill Cosby. Not one of his aspiring stars, but a young girl he tried to shove into a room and force to take drugs.",0.0,0.0,WEB,#metoo,0.0,0.8333663940429688,0.15974865853786469,0.006884898524731398,-0.8264814955182374,0.8333663940429688,Negative
24108,2017-10-16 23:08:22,2017-10-16,23,Monday,"Thank you to @rosemcgowan for creating this hashtag. It<e2><80><99>s time ppl see how serious rape culture, sexual assault, etc is #MeToo","Thank you to @rosemcgowan for creating this hashtag. It<e2><80><99>s time ppl see how serious rape culture, sexual assault, etc is #MeToo",0.0,0.0,IPHONE,#metoo,0.0,0.08523105084896088,0.259758323431015,0.6550105810165405,0.5697795301675797,0.6550105810165405,Positive
8849,2017-10-16 19:59:26,2017-10-16,19,Monday,Men - you shouldn't care because we're someone's wife or someone's daughter. You should care because were fucking human. #Metoo,Men - you shouldn't care because we're someone's wife or someone's daughter. You should care because were fucking human. #Metoo,1.0,1.0,WEB,#metoo,0.0,0.8930837512016296,0.09853684157133102,0.008379406295716763,-0.8847043449059129,0.8930837512016296,Negative
24985,2017-10-16 20:12:42,2017-10-16,20,Monday,Hollywood is filled with film Exec. leeches. Where are Weinsteins cohorts? https://t.co/08kx41mhEl via @DailyLifeAU #metoo,Hollywood is filled with film Exec. leeches. Where are Weinsteins cohorts? https://t.co/08kx41mhEl via @DailyLifeAU #metoo,0.0,0.0,WEB,#metoo,0.0,0.7975630164146423,0.193934828042984,0.008502195589244366,-0.789060820825398,0.7975630164146423,Negative
25576,2017-10-16 21:20:39,2017-10-16,21,Monday,#MeToo #keepsmiling through it all. Remember... It wasn't your fault. You didn't deserve it.<e2><80><a6> https://t.co/9tpa904qCJ,#MeToo #keepsmiling through it all. Remember... It wasn't your fault. You didn't deserve it.<e2><80><a6> https://t.co/9tpa904qCJ,0.0,1.0,Unknown,#metoo,0.0,0.3738802969455719,0.47123703360557556,0.15488272905349731,-0.21899756789207458,0.47123703360557556,Neutral
14344,2017-10-16 19:24:17,2017-10-16,19,Monday,<e2><9d><a4><ef><b8><8f><e2><9d><a4><ef><b8><8f><e2><9d><a4><ef><b8><8f> to all the men and women who have been victims of sexual abuse . There<e2><80><99>s a mass healing going on  #MeToo,<e2><9d><a4><ef><b8><8f><e2><9d><a4><ef><b8><8f><e2><9d><a4><ef><b8><8f> to all the men and women who have been victims of sexual abuse . There<e2><80><99>s a mass healing going on #MeToo,0.0,5.0,IPHONE,#metoo,1.0,0.2667766511440277,0.6396217346191406,0.09360162913799286,-0.17317502200603485,0.6396217346191406,Neutral
10109,2017-10-16 20:57:22,2017-10-16,20,Monday,"no stories i have can compare to most in this hashtag, but minor assault or not, #MeToo","no stories i have can compare to most in this hashtag, but minor assault or not, #MeToo",0.0,3.0,IPHONE,#metoo,0.0,0.5538683533668518,0.39635342359542847,0.04977826774120331,-0.5040900856256485,0.5538683533668518,Negative
26825,2017-10-16 19:30:01,2017-10-16,19,Monday,"Top 5:
1: Hervey Bay +10
2: #MeToo +3
3: #4Corners +8
4: #qanda +7
5: Lisa Wilkinson +6",Top 5: 1: Hervey Bay +10 2: #MeToo +3 3: #4Corners +8 4: #qanda +7 5: Lisa Wilkinson +6,0.0,0.0,Unknown,#metoo,0.0,0.015543852932751179,0.8828985691070557,0.10155760496854782,0.08601375203579664,0.8828985691070557,Neutral
16006,2017-10-16 19:56:27,2017-10-16,19,Monday,Don<e2><80><99>t forget all the women who accused #POTUS of sexual harassment and/or assault. #MeToo,Don<e2><80><99>t forget all the women who accused #POTUS of sexual harassment and/or assault. #MeToo,0.0,0.0,IPHONE,#metoo,0.0,0.766559362411499,0.21619035303592682,0.017250308766961098,-0.7493090536445379,0.766559362411499,Negative
19708,2017-10-16 20:49:57,2017-10-16,20,Monday,Not spoken about but #MeToo,Not spoken about but #MeToo,1.0,0.0,WEB,#metoo,0.0,0.23083588480949402,0.6946215629577637,0.07454252243041992,-0.1562933623790741,0.6946215629577637,Neutral
3952,2017-10-16 20:49:07,2017-10-16,20,Monday,#MeToo  it has taken me days to hit the send button.,#MeToo it has taken me days to hit the send button.,1.0,1.0,ANDROID,#metoo,0.0,0.7421219348907471,0.23153430223464966,0.026343759149312973,-0.7157781757414341,0.7421219348907471,Negative
2712,2017-10-16 23:59:18,2017-10-16,23,Monday,Can't fathom people who attack and assault women but victims should be helped and taken seriously. We should demand better #MeToo,Can't fathom people who attack and assault women but victims should be helped and taken seriously. We should demand better #MeToo,0.0,5.0,ANDROID,#metoo,0.0,0.8446413278579712,0.1430426687002182,0.012315986678004265,-0.8323253411799669,0.8446413278579712,Negative
23605,2017-10-16 23:59:15,2017-10-16,23,Monday,"I am a survivor, and it's time for us ALL to stand unified.  #metoo","I am a survivor, and it's time for us ALL to stand unified. #metoo",0.0,0.0,IPHONE,#metoo,0.0,0.20696485042572021,0.5310319662094116,0.26200321316719055,0.05503836274147034,0.5310319662094116,Neutral
15926,2017-10-16 19:34:04,2017-10-16,19,Monday,I wrote a thing for men who are struggling to respond to the #MeToo movement but want to support women: https://t.co/NzFmyJ8Yew,I wrote a thing for men who are struggling to respond to the #MeToo movement but want to support women: https://t.co/NzFmyJ8Yew,0.0,2.0,WEB,#metoo,0.0,0.03524584695696831,0.7973805069923401,0.1673736274242401,0.1321277804672718,0.7973805069923401,Neutral
28386,2017-10-16 21:19:05,2017-10-16,21,Monday,if you know someone who wrote #MeToo. it's likely you know someone who committed the act. When will they speak up? Who will admit that?,if you know someone who wrote #MeToo. it's likely you know someone who committed the act. When will they speak up? Who will admit that?,0.0,2.0,WEB,#metoo,0.0,0.5322121381759644,0.45309749245643616,0.014690390788018703,-0.5175217473879457,0.5322121381759644,Negative
16652,2017-10-16 20:27:20,2017-10-16,20,Monday,#MeToo I was a child not even 9 when I was assaulted by a family member. Confronted the person who made it seem she<e2><80><a6> https://t.co/tu6EzD6SR0,#MeToo I was a child not even 9 when I was assaulted by a family member. Confronted the person who made it seem she<e2><80><a6> https://t.co/tu6EzD6SR0,0.0,0.0,ANDROID,#metoo,0.0,0.8034241199493408,0.18814007937908173,0.0084358099848032,-0.7949883099645376,0.8034241199493408,Negative
11406,2017-10-16 23:43:53,2017-10-16,23,Monday,"#metoo  It is a high-stakes, global, political game ...nevertheless, I learned,  that they are SERIOUS chauvenists who REFUSE to play fair.","#metoo It is a high-stakes, global, political game ...nevertheless, I learned, that they are SERIOUS chauvenists who REFUSE to play fair.",0.0,0.0,WEB,#metoo,0.0,0.9075892567634583,0.08458215743303299,0.00782853551208973,-0.8997607212513685,0.9075892567634583,Negative
24321,2017-10-16 19:14:51,2017-10-16,19,Monday,"#MeToo

God bless them and gather them in good<ed><a0><be><ed><b4><b5><ed><a0><bd><ed><b1><b0>

<e2><9d><a4><e2><9d><a4><ed><a0><bd><ed><b1><b0><ed><a0><be><ed><b4><b5>

https://t.co/9ibXJpJB8q",#MeToo God bless them and gather them in good<ed><a0><be><ed><b4><b5><ed><a0><bd><ed><b1><b0> <e2><9d><a4><e2><9d><a4><ed><a0><bd><ed><b1><b0><ed><a0><be><ed><b4><b5> https://t.co/9ibXJpJB8q,0.0,0.0,ANDROID,#metoo,2.0,0.016037633642554283,0.14868125319480896,0.8352811336517334,0.8192435000091791,0.8352811336517334,Positive
14285,2017-10-16 20:22:34,2017-10-16,20,Monday,"Me too.

If all women who<e2><80><99>ve been sexually harassed or assaulted tweeted #metoo, we<e2><80><99>d give people a sense of the magnitude of the problem.","Me too. If all women who<e2><80><99>ve been sexually harassed or assaulted tweeted #metoo, we<e2><80><99>d give people a sense of the magnitude of the problem.",0.0,1.0,IPHONE,#metoo,0.0,0.585883378982544,0.3778647780418396,0.036251865327358246,-0.5496315136551857,0.585883378982544,Negative
22416,2017-10-16 22:53:25,2017-10-16,22,Monday,I was sexually assaults by my psychiatrist as a teen.  He got me to go to him saying he<e2><80><99>d help me learn how to be a man. #metoo,I was sexually assaults by my psychiatrist as a teen. He got me to go to him saying he<e2><80><99>d help me learn how to be a man. #metoo,1.0,2.0,IPHONE,#metoo,0.0,0.7895228266716003,0.19744378328323364,0.013033401221036911,-0.7764894254505634,0.7895228266716003,Negative
5008,2017-10-16 19:16:21,2017-10-16,19,Monday,"Because when it came to finally being strong enough to accuse my abuser, the majority of my ""family"" sided with him and not me #MeToo","Because when it came to finally being strong enough to accuse my abuser, the majority of my ""family"" sided with him and not me #MeToo",0.0,0.0,IPHONE,#metoo,0.0,0.7605407238006592,0.22538913786411285,0.014070117846131325,-0.7464706059545279,0.7605407238006592,Negative
19763,2017-10-16 22:28:17,2017-10-16,22,Monday,"I was 12 when I was sexually assaulted
15 when we had a lawsuit
17 when I understood what happened
19 when I stopped blaming myself #metoo <e2><9d><a4>",I was 12 when I was sexually assaulted 15 when we had a lawsuit 17 when I understood what happened 19 when I stopped blaming myself #metoo <e2><9d><a4>,0.0,1.0,ANDROID,#metoo,0.0,0.6668829321861267,0.31865447759628296,0.014462514780461788,-0.6524204174056649,0.6668829321861267,Negative
3175,2017-10-16 23:18:35,2017-10-16,23,Monday,A man exposed himself to me when I was a girl. A stranger on a train took advantage of the crowd and I was too petrified to cry out. #metoo,A man exposed himself to me when I was a girl. A stranger on a train took advantage of the crowd and I was too petrified to cry out. #metoo,0.0,0.0,IPHONE,#metoo,0.0,0.8007875084877014,0.18730974197387695,0.011902649886906147,-0.7888848586007953,0.8007875084877014,Negative
3896,2017-10-16 21:16:04,2017-10-16,21,Monday,"@AbbySaysHelloo We<e2><80><99>re in the same boat, sister. #MeToo","@AbbySaysHelloo We<e2><80><99>re in the same boat, sister. #MeToo",0.0,0.0,IPHONE,#metoo,0.0,0.1699628084897995,0.7064427733421326,0.12359447777271271,-0.04636833071708679,0.7064427733421326,Neutral
16356,2017-10-16 21:28:34,2017-10-16,21,Monday,"#MeToo To make it even harder, I had to hear from my own mother ""It's normal. He's not that bad"". <ed><a0><bd><ed><b8><a4> And Dad added, ""But, are you sure?"" <ed><a0><bd><ed><b8><9e>","#MeToo To make it even harder, I had to hear from my own mother ""It's normal. He's not that bad"". <ed><a0><bd><ed><b8><a4> And Dad added, ""But, are you sure?"" <ed><a0><bd><ed><b8><9e>",0.0,1.0,ANDROID,#metoo,2.0,0.4038476049900055,0.5417086482048035,0.05444380268454552,-0.34940380230546,0.5417086482048035,Neutral
21099,2017-10-16 23:07:20,2017-10-16,23,Monday,#MeToo is the powerful social media movement raising awareness about sexual harrassment: https://t.co/m1qg9shgeO,#MeToo is the powerful social media movement raising awareness about sexual harrassment: https://t.co/m1qg9shgeO,1.0,1.0,Unknown,#metoo,0.0,0.03708519786596298,0.5094708204269409,0.4534439742565155,0.4163587763905525,0.5094708204269409,Neutral
28037,2017-10-16 23:31:34,2017-10-16,23,Monday,#MeToo yep me too.,#MeToo yep me too.,0.0,0.0,ANDROID,#metoo,0.0,0.11781960725784302,0.5360027551651001,0.3461776375770569,0.22835803031921387,0.5360027551651001,Neutral
20037,2017-10-16 19:59:35,2017-10-16,19,Monday,Survivors of sexual violence don't owe anyone our stories. Here's why I'm telling mine. #MeToo https://t.co/iDq3qOALfE,Survivors of sexual violence don't owe anyone our stories. Here's why I'm telling mine. #MeToo https://t.co/iDq3qOALfE,0.0,1.0,WEB,#metoo,0.0,0.33930736780166626,0.5939944386482239,0.06669813394546509,-0.27260923385620117,0.5939944386482239,Neutral
11707,2017-10-16 20:30:39,2017-10-16,20,Monday,"Theo speaks the truth, @hockey_foxx. I've known a few #MeToo boys in my lifetime. https://t.co/cuEnoyVEjg","Theo speaks the truth, @hockey_foxx. I've known a few #MeToo boys in my lifetime. https://t.co/cuEnoyVEjg",0.0,0.0,WEB,#metoo,0.0,0.04102538898587227,0.5514389276504517,0.40753573179244995,0.3665103428065777,0.5514389276504517,Neutral
27915,2017-10-16 22:42:49,2017-10-16,22,Monday,"Yeah, #MeToo","Yeah, #MeToo",0.0,0.0,ANDROID,#metoo,0.0,0.049993786960840225,0.4349258840084076,0.5150803327560425,0.46508654579520226,0.5150803327560425,Positive
7524,2017-10-16 21:27:28,2017-10-16,21,Monday,"#MeToo
Too many
Too often
Too much

I don't have to talk about it, and I don't often talk about it but, #MeToo","#MeToo Too many Too often Too much I don't have to talk about it, and I don't often talk about it but, #MeToo",0.0,0.0,ANDROID,#metoo,0.0,0.6939747333526611,0.2738857567310333,0.032139528542757034,-0.6618352048099041,0.6939747333526611,Negative
24608,2017-10-16 20:30:06,2017-10-16,20,Monday,#MeToo . was can't confront to my parent that few guy did to me. I can't forget about it. Never fun when I am Deaf. They don't listen me.,#MeToo . was can't confront to my parent that few guy did to me. I can't forget about it. Never fun when I am Deaf. They don't listen me.,0.0,1.0,WEB,#metoo,0.0,0.9192261695861816,0.07413945347070694,0.0066343811340630054,-0.9125917884521186,0.9192261695861816,Negative
21437,2017-10-16 21:25:11,2017-10-16,21,Monday,"Sleazy, creepy boss when I was 24. I was protected by 2 awesome older women colleagues #MeToo","Sleazy, creepy boss when I was 24. I was protected by 2 awesome older women colleagues #MeToo",0.0,1.0,Unknown,#metoo,0.0,0.32430529594421387,0.36295393109321594,0.3127408027648926,-0.011564493179321289,0.36295393109321594,Neutral
23783,2017-10-16 23:27:20,2017-10-16,23,Monday,A Conservative Comedian Just Made A Sexist <e2><80><9c>Joke<e2><80><9d> Amid #MeToo And Quickly Paid For It https://t.co/bT0N05VEk5 https://t.co/bT0N05VEk5,A Conservative Comedian Just Made A Sexist <e2><80><9c>Joke<e2><80><9d> Amid #MeToo And Quickly Paid For It https://t.co/bT0N05VEk5 https://t.co/bT0N05VEk5,0.0,0.0,Unknown,#metoo,0.0,0.5272320508956909,0.4432544410228729,0.029513465240597725,-0.4977185856550932,0.5272320508956909,Negative
4832,2017-10-16 22:47:02,2017-10-16,22,Monday,"#MeToo yes yes and yes Virtually all in business, all married men","#MeToo yes yes and yes Virtually all in business, all married men",0.0,0.0,ANDROID,#metoo,0.0,0.021725546568632126,0.5157759785652161,0.4624984860420227,0.4407729394733906,0.5157759785652161,Neutral
6075,2017-10-16 23:03:37,2017-10-16,23,Monday,This #metoo thing reminds me that no man<e2><80><99>s hands are clean of this issue.,This #metoo thing reminds me that no man<e2><80><99>s hands are clean of this issue.,0.0,0.0,WEB,#metoo,0.0,0.8581711053848267,0.13415570557117462,0.007673149462789297,-0.8504979559220374,0.8581711053848267,Negative
1900,2017-10-16 20:49:13,2017-10-16,20,Monday,I think the first time I was as young as 10 or 11 #MeToo,I think the first time I was as young as 10 or 11 #MeToo,1.0,0.0,IPHONE,#metoo,0.0,0.01883850246667862,0.8614431023597717,0.11971834301948547,0.10087984055280685,0.8614431023597717,Neutral
16971,2017-10-16 19:52:38,2017-10-16,19,Monday,#MeToo becomes a rallying cry for survivors of sexual assault https://t.co/VzdEysD2Oa?amp=1,#MeToo becomes a rallying cry for survivors of sexual assault https://t.co/VzdEysD2Oa?amp=1,0.0,0.0,IPHONE,#metoo,0.0,0.07793927192687988,0.7991609573364258,0.12289978563785553,0.04496051371097565,0.7991609573364258,Neutral
651,2017-10-16 20:39:52,2017-10-16,20,Monday,Reluctant to do this but #MeToo,Reluctant to do this but #MeToo,0.0,4.0,IPHONE,#metoo,0.0,0.5507557988166809,0.3800063729286194,0.06923781335353851,-0.4815179854631424,0.5507557988166809,Negative
25645,2017-10-16 20:25:42,2017-10-16,20,Monday,Check this Facebook post by a good friend. Hits the nail on the head really. Male violence as systemic hegemony.<e2><80><a6> https://t.co/VVwuBmJsc8,Check this Facebook post by a good friend. Hits the nail on the head really. Male violence as systemic hegemony.<e2><80><a6> https://t.co/VVwuBmJsc8,0.0,0.0,ANDROID,#metoo,0.0,0.11878491193056107,0.5502551794052124,0.3309599757194519,0.21217506378889084,0.5502551794052124,Neutral
25886,2017-10-16 23:01:38,2017-10-16,23,Monday,I thought I understood how pervasive sexual harassment is. #MeToo taught me I was wrong. https://t.co/1pLjxM31ji,I thought I understood how pervasive sexual harassment is. #MeToo taught me I was wrong. https://t.co/1pLjxM31ji,1.0,2.0,ANDROID,#metoo,0.0,0.8746959567070007,0.11322373151779175,0.012080281041562557,-0.8626156756654382,0.8746959567070007,Negative
22971,2017-10-16 21:46:56,2017-10-16,21,Monday,Two different men. I knew both. Remember that it doesn't have to be an overtly violent encounter. #MeToo,Two different men. I knew both. Remember that it doesn't have to be an overtly violent encounter. #MeToo,0.0,1.0,ANDROID,#metoo,0.0,0.2932666838169098,0.6502558588981628,0.05647743120789528,-0.2367892526090145,0.6502558588981628,Neutral
726,2017-10-16 20:43:13,2017-10-16,20,Monday,"This post by @ChinaeAlexander is a must read. #metoo
https://t.co/F5XEkJh48c",This post by @ChinaeAlexander is a must read. #metoo https://t.co/F5XEkJh48c,1.0,0.0,IPHONE,#metoo,0.0,0.0036588904913514853,0.06124754250049591,0.9350935220718384,0.9314346315804869,0.9350935220718384,Positive
3888,2017-10-16 19:02:17,2017-10-16,19,Monday,#MeToo. If all the women who<e2><80><99>ve been sexually harassed/assaulted tweeted #MeToo we might give people a sense of the magnitude of the problem,#MeToo. If all the women who<e2><80><99>ve been sexually harassed/assaulted tweeted #MeToo we might give people a sense of the magnitude of the problem,0.0,2.0,IPHONE,#metoo,0.0,0.41956081986427307,0.5338755249977112,0.04656365141272545,-0.3729971684515476,0.5338755249977112,Neutral
25050,2017-10-16 20:21:16,2017-10-16,20,Monday,#metoo phenomenon happening on our timelines <ed><a0><bd><ed><b1><87><ed><a0><bd><ed><b1><87><ed><a0><bd><ed><b1><87> https://t.co/uCTrnhP7wg,#metoo phenomenon happening on our timelines <ed><a0><bd><ed><b1><87><ed><a0><bd><ed><b1><87><ed><a0><bd><ed><b1><87> https://t.co/uCTrnhP7wg,0.0,2.0,ANDROID,#metoo,1.0,0.3002469539642334,0.6758185029029846,0.023934518918395042,-0.27631243504583836,0.6758185029029846,Neutral
5499,2017-10-16 21:49:00,2017-10-16,21,Monday,I don<e2><80><99>t have much of a #metoo story. But I remember telling someone about a school VP who was...overly-flirtatious.,I don<e2><80><99>t have much of a #metoo story. But I remember telling someone about a school VP who was...overly-flirtatious.,0.0,0.0,IPHONE,#metoo,0.0,0.582584023475647,0.39980921149253845,0.01760677993297577,-0.5649772435426712,0.582584023475647,Negative
17407,2017-10-16 21:48:46,2017-10-16,21,Monday,#MeToo me too me too,#MeToo me too me too,0.0,0.0,IPHONE,#metoo,0.0,0.33752331137657166,0.5074254274368286,0.15505129098892212,-0.18247202038764954,0.5074254274368286,Neutral
26081,2017-10-16 19:10:37,2017-10-16,19,Monday,"I was in 5th grade. He pinched my butt and walked away, turned back, smirked and winked and kept walking. 
#MeToo","I was in 5th grade. He pinched my butt and walked away, turned back, smirked and winked and kept walking. #MeToo",0.0,0.0,ANDROID,#metoo,0.0,0.10518195480108261,0.680264413356781,0.2145535945892334,0.10937163978815079,0.680264413356781,Neutral
17982,2017-10-16 21:37:11,2017-10-16,21,Monday,"I've been sexually harassed, but not assaulted or raped. I'm one of the lucky ones.#MeToo  https://t.co/oMqaGwyTN1 https://t.co/1JkSkb96k4","I've been sexually harassed, but not assaulted or raped. I'm one of the lucky ones.#MeToo https://t.co/oMqaGwyTN1 https://t.co/1JkSkb96k4",0.0,2.0,WEB,#metoo,0.0,0.04154575616121292,0.15684783458709717,0.8016064763069153,0.7600607201457024,0.8016064763069153,Positive
23921,2017-10-16 21:57:32,2017-10-16,21,Monday,#MeToo However I don't think I can share my story. Proud of those who have and are resilient despite it all. <e2><9d><a4>,#MeToo However I don't think I can share my story. Proud of those who have and are resilient despite it all. <e2><9d><a4>,0.0,10.0,ANDROID,#metoo,0.0,0.15012240409851074,0.36706840991973877,0.48280924558639526,0.3326868414878845,0.48280924558639526,Positive
4809,2017-10-16 22:19:21,2017-10-16,22,Monday,@spinnershells @choo_ek Are you bragging or complaining? Sexual harrassment is real. @spinnershells you must like p<e2><80><a6> https://t.co/U70modJVZY,@spinnershells @choo_ek Are you bragging or complaining? Sexual harrassment is real. @spinnershells you must like p<e2><80><a6> https://t.co/U70modJVZY,0.0,1.0,WEB,#metoo,0.0,0.8234660029411316,0.16369521617889404,0.012838752008974552,-0.810627250932157,0.8234660029411316,Negative
2629,2017-10-16 20:50:39,2017-10-16,20,Monday,All of the #MeToo got me thinking. First I was glad to see women speaking up in solidarity.,All of the #MeToo got me thinking. First I was glad to see women speaking up in solidarity.,0.0,0.0,WEB,#metoo,0.0,0.016629954800009727,0.15262842178344727,0.8307416439056396,0.8141116891056299,0.8307416439056396,Positive
1743,2017-10-16 20:00:01,2017-10-16,20,Monday,#MeToo  a niteclub years ago   :( it was an old school vendetta - this person got his gorilla mates to P*** over me in the clubs toilets :(,#MeToo a niteclub years ago :( it was an old school vendetta - this person got his gorilla mates to P*** over me in the clubs toilets :(,0.0,0.0,WEB,#metoo,0.0,0.9401898384094238,0.05527393892407417,0.004536144435405731,-0.9356536939740181,0.9401898384094238,Negative
13016,2017-10-16 21:45:51,2017-10-16,21,Monday,Someone on TW wrote that 1st paragraph. The second is my own. #MeToo #Survivors https://t.co/BsLcisxgPN,Someone on TW wrote that 1st paragraph. The second is my own. #MeToo #Survivors https://t.co/BsLcisxgPN,0.0,0.0,IPHONE,#metoo,0.0,0.06902803480625153,0.8791666626930237,0.05180530250072479,-0.017222732305526733,0.8791666626930237,Neutral
28507,2017-10-16 19:32:44,2017-10-16,19,Monday,"before you ask what i was wearing, know that i was only 8 years old #MeToo","before you ask what i was wearing, know that i was only 8 years old #MeToo",0.0,9.0,ANDROID,#metoo,0.0,0.26206111907958984,0.6781054735183716,0.059833407402038574,-0.20222771167755127,0.6781054735183716,Neutral
10459,2017-10-16 23:15:39,2017-10-16,23,Monday,#MeToo YES even to a male in the entertainment Industry. Stand Strong Ladies.,#MeToo YES even to a male in the entertainment Industry. Stand Strong Ladies.,0.0,3.0,WEB,#metoo,0.0,0.012144126929342747,0.2292943149805069,0.7585615515708923,0.7464174246415496,0.7585615515708923,Positive
26118,2017-10-16 21:49:13,2017-10-16,21,Monday,My daughters are 15 &amp; 20. #ThemToo #MeToo,My daughters are 15 &amp; 20. #ThemToo #MeToo,0.0,0.0,IPHONE,#metoo,0.0,0.08821567893028259,0.7770251631736755,0.13475921750068665,0.04654353857040405,0.7770251631736755,Neutral
23687,2017-10-16 19:09:15,2017-10-16,19,Monday,"Stop blaming the victims 
#Metoo",Stop blaming the victims #Metoo,0.0,5.0,ANDROID,#metoo,0.0,0.890552282333374,0.1025121808052063,0.006935581564903259,-0.8836167007684708,0.890552282333374,Negative
27929,2017-10-16 20:44:10,2017-10-16,20,Monday,"Oh and yeah, #metoo","Oh and yeah, #metoo",0.0,1.0,IPHONE,#metoo,0.0,0.47875702381134033,0.44651052355766296,0.07473250478506088,-0.40402451902627945,0.47875702381134033,Negative
17450,2017-10-16 21:50:05,2017-10-16,21,Monday,Wouldn't it be great  if instead of women reliving trauma to post #metoo we had men  posting #Ididittoo and #Imsorry and #illstopdoingthat ?,Wouldn't it be great if instead of women reliving trauma to post #metoo we had men posting #Ididittoo and #Imsorry and #illstopdoingthat ?,4.0,16.0,WEB,#metoo,0.0,0.6143462657928467,0.33829981088638306,0.04735386371612549,-0.5669924020767212,0.6143462657928467,Negative
25079,2017-10-16 22:17:21,2017-10-16,22,Monday,"Followed home, groped in bars, cat called, one hand in my pants and one around my throat. It's been happening since 12 years old. #MeToo","Followed home, groped in bars, cat called, one hand in my pants and one around my throat. It's been happening since 12 years old. #MeToo",0.0,0.0,IPHONE,#metoo,0.0,0.7548297047615051,0.23051021993160248,0.01466007623821497,-0.7401696285232902,0.7548297047615051,Negative
16232,2017-10-16 22:56:24,2017-10-16,22,Monday,Opinion | Why I thought twice before saying #MeToo https://t.co/szT9vkPVtF,Opinion | Why I thought twice before saying #MeToo https://t.co/szT9vkPVtF,0.0,0.0,WEB,#metoo,0.0,0.2513684332370758,0.7120702862739563,0.03656136989593506,-0.21480706334114075,0.7120702862739563,Neutral
8571,2017-10-16 21:38:58,2017-10-16,21,Monday,"I was 5 when my neighbor decided ""playing house"" could be more realistic #MeToo","I was 5 when my neighbor decided ""playing house"" could be more realistic #MeToo",0.0,0.0,ANDROID,#metoo,0.0,0.15913453698158264,0.686858594417572,0.15400689840316772,-0.005127638578414917,0.686858594417572,Neutral
17201,2017-10-16 22:23:41,2017-10-16,22,Monday,#MeToo All my life!,#MeToo All my life!,0.0,0.0,ANDROID,#metoo,0.0,0.05408116802573204,0.46428415179252625,0.4816346764564514,0.4275535084307194,0.4816346764564514,Positive
17689,2017-10-16 20:21:55,2017-10-16,20,Monday,"All the #MeToo stories making you sad/angry? Remember, there are candidates trying to take away mental health care used to deal with trauma.","All the #MeToo stories making you sad/angry? Remember, there are candidates trying to take away mental health care used to deal with trauma.",1.0,1.0,WEB,#metoo,0.0,0.8793946504592896,0.11452841013669968,0.006076940335333347,-0.8733177101239562,0.8793946504592896,Negative
3628,2017-10-16 21:27:34,2017-10-16,21,Monday,Just because someone hasn<e2><80><99>t posted a #MeToo story doesn<e2><80><99>t mean they haven<e2><80><99>t been a victim of sexual assault/harassm<e2><80><a6> https://t.co/ERy3KzmYv7,Just because someone hasn<e2><80><99>t posted a #MeToo story doesn<e2><80><99>t mean they haven<e2><80><99>t been a victim of sexual assault/harassm<e2><80><a6> https://t.co/ERy3KzmYv7,9.0,33.0,IPHONE,#metoo,0.0,0.675096333026886,0.3106187880039215,0.014284845441579819,-0.6608114875853062,0.675096333026886,Negative
11100,2017-10-16 21:40:26,2017-10-16,21,Monday,"Once I didn't ""friend"" a 7-11 attendant on FB so the next time I bought a pizza from the same place he hid a knife blade in it. #metoo","Once I didn't ""friend"" a 7-11 attendant on FB so the next time I bought a pizza from the same place he hid a knife blade in it. #metoo",0.0,0.0,WEB,#metoo,0.0,0.6835411787033081,0.3014075756072998,0.015051270835101604,-0.6684899078682065,0.6835411787033081,Negative
1407,2017-10-16 19:06:08,2017-10-16,19,Monday,Just because you're in a relationship doesn't mean it can't happen #9yearsago #metoo,Just because you're in a relationship doesn't mean it can't happen #9yearsago #metoo,0.0,3.0,IPHONE,#metoo,0.0,0.2674497365951538,0.6771238446235657,0.05542643368244171,-0.2120233029127121,0.6771238446235657,Neutral
25086,2017-10-16 19:50:20,2017-10-16,19,Monday,"#metoo Sisters, do not carry the shame of it anymore, it is not yours to bear --give it back to your rapist, abusers, or harrasser. #befree","#metoo Sisters, do not carry the shame of it anymore, it is not yours to bear --give it back to your rapist, abusers, or harrasser. #befree",0.0,0.0,ANDROID,#metoo,0.0,0.9131559133529663,0.08088401705026627,0.005960139911621809,-0.9071957734413445,0.9131559133529663,Negative
17535,2017-10-16 21:10:37,2017-10-16,21,Monday,"#MeToo: Hashtag shared by Alyssa Milano encourages personal stories of sexual a<e2><80><a6> https://t.co/376A5X6fWp, see more https://t.co/Jg188XuHPL","#MeToo: Hashtag shared by Alyssa Milano encourages personal stories of sexual a<e2><80><a6> https://t.co/376A5X6fWp, see more https://t.co/Jg188XuHPL",0.0,0.0,Unknown,#metoo,0.0,0.05123203247785568,0.8983685374259949,0.05039940029382706,-0.0008326321840286255,0.8983685374259949,Neutral
26329,2017-10-16 20:31:13,2017-10-16,20,Monday,"Trending Topic: #metoo
Tweet Volume: 360697
https://t.co/JK8aja09NK",Trending Topic: #metoo Tweet Volume: 360697 https://t.co/JK8aja09NK,0.0,0.0,Unknown,#metoo,0.0,0.011192740872502327,0.9310043454170227,0.05780285224318504,0.046610111370682716,0.9310043454170227,Neutral
665,2017-10-16 21:47:03,2017-10-16,21,Monday,"#MeToo.

A friend remarked that he didn't believe that the rate of sexual assault was around 25%, that I was biased by my own experiences.","#MeToo. A friend remarked that he didn't believe that the rate of sexual assault was around 25%, that I was biased by my own experiences.",0.0,2.0,ANDROID,#metoo,0.0,0.5146589279174805,0.4655231237411499,0.019817909225821495,-0.494841018691659,0.5146589279174805,Negative
26687,2017-10-16 21:24:35,2017-10-16,21,Monday,"To all of my friends using<c2><a0>#metoo, I have only one thing to say:<c2><a0>#IBelieveYou","To all of my friends using<c2><a0>#metoo, I have only one thing to say:<c2><a0>#IBelieveYou",0.0,5.0,ANDROID,#metoo,0.0,0.19258050620555878,0.5062142014503479,0.30120524764060974,0.10862474143505096,0.5062142014503479,Neutral
26241,2017-10-16 23:33:03,2017-10-16,23,Monday,at the age of 7.  #MeToo,at the age of 7. #MeToo,0.0,2.0,IPHONE,#metoo,0.0,0.02958337776362896,0.8459895253181458,0.12442705035209656,0.0948436725884676,0.8459895253181458,Neutral
15143,2017-10-16 21:25:41,2017-10-16,21,Monday,"#MeToo Walking down the street with my hand in pocket and keys between my knuckles, cos it likely won't happen but I'll be ready if it does.","#MeToo Walking down the street with my hand in pocket and keys between my knuckles, cos it likely won't happen but I'll be ready if it does.",0.0,4.0,ANDROID,#metoo,0.0,0.10245880484580994,0.637654185295105,0.25988703966140747,0.15742823481559753,0.637654185295105,Neutral
28247,2017-10-16 22:55:03,2017-10-16,22,Monday,#metoo is a powerful hashtag for us women and I encourage people to share,#metoo is a powerful hashtag for us women and I encourage people to share,0.0,0.0,Unknown,#metoo,0.0,0.006562922149896622,0.05516668036580086,0.9382703304290771,0.9317074082791805,0.9382703304290771,Positive
22119,2017-10-16 21:25:02,2017-10-16,21,Monday,"When you're unsure if you're experience is valid enough to say #MeToo, that is part of the problem.","When you're unsure if you're experience is valid enough to say #MeToo, that is part of the problem.",0.0,0.0,ANDROID,#metoo,0.0,0.7889963388442993,0.2030591517686844,0.007944484241306782,-0.7810518546029925,0.7889963388442993,Negative
6825,2017-10-16 19:30:32,2017-10-16,19,Monday,Pretty sure every woman who has ever worked in retail or some sort of customer service can say #MeToo,Pretty sure every woman who has ever worked in retail or some sort of customer service can say #MeToo,0.0,3.0,IPHONE,#metoo,0.0,0.18164615333080292,0.6409841179847717,0.17736968398094177,-0.004276469349861145,0.6409841179847717,Neutral
7567,2017-10-16 20:23:23,2017-10-16,20,Monday,How do we leverage #MeToo into an anarcho-feminist revolution.,How do we leverage #MeToo into an anarcho-feminist revolution.,0.0,4.0,ANDROID,#metoo,0.0,0.08926526457071304,0.8312011361122131,0.07953353226184845,-0.009731732308864594,0.8312011361122131,Neutral
18599,2017-10-16 23:54:57,2017-10-16,23,Monday,"TO ALL my sisters &amp; brothers give voice to sexual abuse, assault &amp; harassment! Reply #MeToo. It's not your shame. It's his or her shame!","TO ALL my sisters &amp; brothers give voice to sexual abuse, assault &amp; harassment! Reply #MeToo. It's not your shame. It's his or her shame!",0.0,1.0,ANDROID,#metoo,0.0,0.5903300046920776,0.329200804233551,0.08046913146972656,-0.5098608732223511,0.5903300046920776,Negative
24211,2017-10-16 23:28:01,2017-10-16,23,Monday,#MeToo now age 65. https://t.co/zEMrtbFJtr,#MeToo now age 65. https://t.co/zEMrtbFJtr,0.0,0.0,WEB,#metoo,0.0,0.024866120889782906,0.9106056094169617,0.0645282194018364,0.03966209851205349,0.9106056094169617,Neutral
17865,2017-10-16 22:47:59,2017-10-16,22,Monday,My entire feed = #MeToo,My entire feed = #MeToo,0.0,1.0,Unknown,#metoo,0.0,0.09791148453950882,0.7508606314659119,0.1512279063463211,0.053316421806812286,0.7508606314659119,Neutral
10546,2017-10-16 21:09:31,2017-10-16,21,Monday,"#MeToo 
you aren't alone regardless of gender or sexual identity. @RAINN01 is a great resource if you need assistance",#MeToo you aren't alone regardless of gender or sexual identity. @RAINN01 is a great resource if you need assistance,0.0,0.0,ANDROID,#metoo,0.0,0.020909041166305542,0.2588669955730438,0.7202239036560059,0.6993148624897003,0.7202239036560059,Positive
25587,2017-10-16 21:35:31,2017-10-16,21,Monday,Seeing others post stuff for #MeToo gave me courage to post some stuff that only a few people knew about before today. Y'all are so strong,Seeing others post stuff for #MeToo gave me courage to post some stuff that only a few people knew about before today. Y'all are so strong,0.0,1.0,ANDROID,#metoo,0.0,0.0080976951867342,0.05237843468785286,0.9395238161087036,0.9314261209219694,0.9395238161087036,Positive
15186,2017-10-16 20:24:50,2017-10-16,20,Monday,#metoo Me too,#metoo Me too,0.0,1.0,IPHONE,#metoo,0.0,0.160691499710083,0.683463454246521,0.1558450609445572,-0.004846438765525818,0.683463454246521,Neutral
16671,2017-10-16 21:21:23,2017-10-16,21,Monday,"I<e2><80><99>m not a victim, but I will stand with and support all survivors. You are loved and you are heard. #MeToo","I<e2><80><99>m not a victim, but I will stand with and support all survivors. You are loved and you are heard. #MeToo",0.0,1.0,IPHONE,#metoo,0.0,0.057543013244867325,0.2909274101257324,0.6515295505523682,0.5939865373075008,0.6515295505523682,Positive
26339,2017-10-16 21:42:18,2017-10-16,21,Monday,Impressive how we made social media even more exhausting than usual with the #metoo meme,Impressive how we made social media even more exhausting than usual with the #metoo meme,0.0,1.0,WEB,#metoo,0.0,0.5103229880332947,0.31953272223472595,0.17014430463314056,-0.3401786834001541,0.5103229880332947,Negative
3408,2017-10-16 21:42:29,2017-10-16,21,Monday,"I don<e2><80><99>t really want to say what happened, if you<e2><80><99>re my trusted friend you already know. I was 9 yrs old. #MeToo","I don<e2><80><99>t really want to say what happened, if you<e2><80><99>re my trusted friend you already know. I was 9 yrs old. #MeToo",0.0,1.0,IPHONE,#metoo,0.0,0.38477981090545654,0.5493613481521606,0.06585882604122162,-0.3189209848642349,0.5493613481521606,Neutral
24298,2017-10-16 20:46:12,2017-10-16,20,Monday,"#MeToo

Bad people can be any gender
Victims can be any gender",#MeToo Bad people can be any gender Victims can be any gender,0.0,4.0,IPHONE,#metoo,0.0,0.8952355980873108,0.09864270687103271,0.006121702492237091,-0.8891138955950737,0.8952355980873108,Negative
12860,2017-10-16 20:50:01,2017-10-16,20,Monday,It's amazing how many gross experiences I've blocked out &amp; am now remembering with #Metoo,It's amazing how many gross experiences I've blocked out &amp; am now remembering with #Metoo,1.0,3.0,IPHONE,#metoo,0.0,0.698572039604187,0.23172926902770996,0.06969872117042542,-0.6288733184337616,0.698572039604187,Negative
8400,2017-10-16 20:53:08,2017-10-16,20,Monday,Molested by highschool English teacher for a couple months aged 14. Well known private school too... everything was hushed.  #MeToo,Molested by highschool English teacher for a couple months aged 14. Well known private school too... everything was hushed. #MeToo,0.0,0.0,IPHONE,#metoo,0.0,0.47242891788482666,0.5062419176101685,0.021329158917069435,-0.4510997589677572,0.5062419176101685,Neutral
16264,2017-10-16 21:55:09,2017-10-16,21,Monday,As an adult and as a minor. #MeToo,As an adult and as a minor. #MeToo,0.0,0.0,ANDROID,#metoo,0.0,0.11366266012191772,0.7910643815994263,0.09527292847633362,-0.018389731645584106,0.7910643815994263,Neutral
22673,2017-10-16 19:52:12,2017-10-16,19,Monday,"I think there are perpetrators looking at #metoo going ""how awful, I would never do something like that. I'm a nice<e2><80><a6> https://t.co/b5APnwOqnx","I think there are perpetrators looking at #metoo going ""how awful, I would never do something like that. I'm a nice<e2><80><a6> https://t.co/b5APnwOqnx",0.0,0.0,WEB,#metoo,0.0,0.8384594917297363,0.14737452566623688,0.014165915548801422,-0.8242935761809349,0.8384594917297363,Negative
14193,2017-10-16 22:25:32,2017-10-16,22,Monday,Just wanted to post #metoo here on Twitter also,Just wanted to post #metoo here on Twitter also,0.0,0.0,IPHONE,#metoo,0.0,0.06478053331375122,0.838699460029602,0.09652005881071091,0.031739525496959686,0.838699460029602,Neutral
14268,2017-10-16 23:13:47,2017-10-16,23,Monday,"The whole #MeToo thing is incredible and I<e2><80><99>m so glad it<e2><80><99>s finally happening. 

But by god is it emotionally draining.",The whole #MeToo thing is incredible and I<e2><80><99>m so glad it<e2><80><99>s finally happening. But by god is it emotionally draining.,1.0,1.0,IPHONE,#metoo,0.0,0.05458033084869385,0.07274418324232101,0.8726754784584045,0.8180951476097107,0.8726754784584045,Positive
2891,2017-10-16 23:24:25,2017-10-16,23,Monday,"the first time, i was 12 and walking home from school. when i was 23, i had drinks with a male friend i thought i could trust. #MeToo","the first time, i was 12 and walking home from school. when i was 23, i had drinks with a male friend i thought i could trust. #MeToo",0.0,1.0,ANDROID,#metoo,0.0,0.015409003011882305,0.6616138815879822,0.32297712564468384,0.30756812263280153,0.6616138815879822,Neutral
10375,2017-10-16 22:51:09,2017-10-16,22,Monday,"convinced myself otherwise for so long, but #MeToo","convinced myself otherwise for so long, but #MeToo",0.0,9.0,ANDROID,#metoo,0.0,0.15092821419239044,0.6445025205612183,0.20456922054290771,0.05364100635051727,0.6445025205612183,Neutral
14114,2017-10-16 23:50:09,2017-10-16,23,Monday,"#MeToo he was my bff &amp; bf. He left hickies on my neck. At school, everyone made jokes about how great my weekend must have been.","#MeToo he was my bff &amp; bf. He left hickies on my neck. At school, everyone made jokes about how great my weekend must have been.",0.0,1.0,ANDROID,#metoo,0.0,0.09881702810525894,0.22482562065124512,0.6763573288917542,0.5775403007864952,0.6763573288917542,Positive
13850,2017-10-16 21:40:20,2017-10-16,21,Monday,BBC News - 'My #MeToo experience is sadly typical' https://t.co/qYHrbtTfdI,BBC News - 'My #MeToo experience is sadly typical' https://t.co/qYHrbtTfdI,0.0,0.0,WEB,#metoo,0.0,0.8221732974052429,0.17030151188373566,0.007525205612182617,-0.8146480917930603,0.8221732974052429,Negative
25456,2017-10-16 19:19:00,2017-10-16,19,Monday,In light of #metoo I am reminded of the amazing people who give me strength to talk about it like @ThCarCrashHeart <ed><a0><bd><ed><b2><97> https://t.co/a73Hrhpn24,In light of #metoo I am reminded of the amazing people who give me strength to talk about it like @ThCarCrashHeart <ed><a0><bd><ed><b2><97> https://t.co/a73Hrhpn24,1.0,1.0,ANDROID,#metoo,1.0,0.005822260398417711,0.038798268884420395,0.9553794264793396,0.9495571660809219,0.9553794264793396,Positive
25316,2017-10-16 20:28:15,2017-10-16,20,Monday,The latest #Slut Wives Pix &amp; Videos! https://t.co/GIgSbvzdHD Thanks to @emsayle @2014xyz007 @sexy_playtime #metoo #boobs,The latest #Slut Wives Pix &amp; Videos! https://t.co/GIgSbvzdHD Thanks to @emsayle @2014xyz007 @sexy_playtime #metoo #boobs,0.0,0.0,Unknown,#metoo,0.0,0.0036384158302098513,0.2782561480998993,0.7181054949760437,0.7144670791458338,0.7181054949760437,Positive
23657,2017-10-16 21:22:26,2017-10-16,21,Monday,Seeing how many women this has happened to is heartbreaking. #MeToo,Seeing how many women this has happened to is heartbreaking. #MeToo,0.0,1.0,ANDROID,#metoo,0.0,0.9247978329658508,0.06912742555141449,0.0060747722163796425,-0.9187230607494712,0.9247978329658508,Negative
4495,2017-10-16 21:32:57,2017-10-16,21,Monday,I<e2><80><99>m so juicy women can<e2><80><99>t control themselves. #MeToo,I<e2><80><99>m so juicy women can<e2><80><99>t control themselves. #MeToo,0.0,2.0,IPHONE,#metoo,0.0,0.3763420581817627,0.5163897275924683,0.10726826637983322,-0.2690737918019295,0.5163897275924683,Neutral
26361,2017-10-16 21:33:27,2017-10-16,21,Monday,"And to also say I'm apart of it, no matter how minute<c2><b2> or extreme, is scary to admit #metoo","And to also say I'm apart of it, no matter how minute<c2><b2> or extreme, is scary to admit #metoo",0.0,0.0,WEB,#metoo,0.0,0.8029020428657532,0.18587808310985565,0.011219886131584644,-0.7916821567341685,0.8029020428657532,Negative
23266,2017-10-16 22:24:49,2017-10-16,22,Monday,#MeToo I straight repressed the memory of a group of HS seniors who cornered and groped my freshman ass backstage before a band concert...,#MeToo I straight repressed the memory of a group of HS seniors who cornered and groped my freshman ass backstage before a band concert...,0.0,1.0,ANDROID,#metoo,0.0,0.8764562010765076,0.11673326045274734,0.006810553837567568,-0.86964564723894,0.8764562010765076,Negative
4126,2017-10-16 22:33:58,2017-10-16,22,Monday,"@Alyssa_Milano #MeToo, and I blamed myself.","@Alyssa_Milano #MeToo, and I blamed myself.",0.0,0.0,WEB,#metoo,0.0,0.8071269989013672,0.18076246976852417,0.012110518291592598,-0.7950164806097746,0.8071269989013672,Negative
8464,2017-10-16 20:38:35,2017-10-16,20,Monday,I had a guy reach under my dress and grab my butt so intrusively his one finger went into my vajay through my panties at a club. #metoo,I had a guy reach under my dress and grab my butt so intrusively his one finger went into my vajay through my panties at a club. #metoo,1.0,0.0,IPHONE,#metoo,0.0,0.5573931336402893,0.41241443157196045,0.030192404985427856,-0.5272007286548615,0.5573931336402893,Negative
7732,2017-10-16 21:31:06,2017-10-16,21,Monday,I can't think of just one time to share since there has been so many instances of sexual assault towards me. Maybe<e2><80><a6> https://t.co/PHbrGAQRhu,I can't think of just one time to share since there has been so many instances of sexual assault towards me. Maybe<e2><80><a6> https://t.co/PHbrGAQRhu,0.0,7.0,ANDROID,#metoo,0.0,0.8168193101882935,0.17484785616397858,0.008332887664437294,-0.8084864225238562,0.8168193101882935,Negative
7508,2017-10-16 23:37:49,2017-10-16,23,Monday,"Men, want to support the #MeToo campaign. One way: take the @whiteribbon pledge. To stand against SA &amp; harassment. https://t.co/rBuNa9g2cJ","Men, want to support the #MeToo campaign. One way: take the @whiteribbon pledge. To stand against SA &amp; harassment. https://t.co/rBuNa9g2cJ",1.0,6.0,ANDROID,#metoo,0.0,0.022014331072568893,0.5228054523468018,0.45518019795417786,0.43316586688160896,0.5228054523468018,Neutral
17780,2017-10-16 20:04:33,2017-10-16,20,Monday,#metoo but i don't like to think about it o it took a while for me to tweet this,#metoo but i don't like to think about it o it took a while for me to tweet this,0.0,1.0,ANDROID,#metoo,0.0,0.8358097672462463,0.15731889009475708,0.006871309131383896,-0.8289384581148624,0.8358097672462463,Negative
7953,2017-10-16 19:45:03,2017-10-16,19,Monday,#metoo no one should feel afraid to speak up when their body is taken advantage of. My body is no ones right but mine.,#metoo no one should feel afraid to speak up when their body is taken advantage of. My body is no ones right but mine.,0.0,2.0,IPHONE,#metoo,0.0,0.6825733184814453,0.30372104048728943,0.013705634512007236,-0.6688676839694381,0.6825733184814453,Negative
11323,2017-10-16 23:52:58,2017-10-16,23,Monday,Me Too. #MeToo https://t.co/mBZwDnegfK,Me Too. #MeToo https://t.co/mBZwDnegfK,0.0,2.0,IPHONE,#metoo,0.0,0.027352971956133842,0.6523097157478333,0.32033735513687134,0.2929843831807375,0.6523097157478333,Neutral
3802,2017-10-16 23:23:42,2017-10-16,23,Monday,I really love seeing everyone post and keep this #MeToo going.,I really love seeing everyone post and keep this #MeToo going.,0.0,0.0,ANDROID,#metoo,0.0,0.0026128028985112906,0.009829340502619743,0.9875578880310059,0.9849450851324946,0.9875578880310059,Positive
3554,2017-10-16 23:41:51,2017-10-16,23,Monday,Too many women have faced sexual assault or harassment. #MeToo. #IWill continue to fight it.,Too many women have faced sexual assault or harassment. #MeToo. #IWill continue to fight it.,1.0,3.0,ANDROID,#metoo,0.0,0.8341125249862671,0.14764928817749023,0.018238190561532974,-0.8158743344247341,0.8341125249862671,Negative
5127,2017-10-16 20:15:15,2017-10-16,20,Monday,#MeToo and #MeToo for my sister Kassidi who suffered in silence. The system failed her and now she is no longer with us.,#MeToo and #MeToo for my sister Kassidi who suffered in silence. The system failed her and now she is no longer with us.,0.0,3.0,IPHONE,#metoo,0.0,0.8929391503334045,0.09812616556882858,0.008934753946959972,-0.8840043963864446,0.8929391503334045,Negative
5621,2017-10-16 20:52:43,2017-10-16,20,Monday,"To all the women who have shown the courage to tell their story/situation, know that change will come of it and you deserve better #MeToo","To all the women who have shown the courage to tell their story/situation, know that change will come of it and you deserve better #MeToo",1.0,0.0,IPHONE,#metoo,0.0,0.02559521794319153,0.16062691807746887,0.8137778639793396,0.7881826460361481,0.8137778639793396,Positive
24238,2017-10-16 21:01:43,2017-10-16,21,Monday,I have even had a patient of mine sexually harass me. #metoo,I have even had a patient of mine sexually harass me. #metoo,0.0,0.0,Unknown,#metoo,0.0,0.9045202136039734,0.08820278197526932,0.007277046795934439,-0.897243166808039,0.9045202136039734,Negative
22138,2017-10-16 19:36:32,2017-10-16,19,Monday,"When I was very young, when I was a teenager and as an adult... #MeToo","When I was very young, when I was a teenager and as an adult... #MeToo",0.0,0.0,ANDROID,#metoo,0.0,0.034232012927532196,0.8616743087768555,0.10409367084503174,0.06986165791749954,0.8616743087768555,Neutral
14885,2017-10-16 20:21:24,2017-10-16,20,Monday,"I've been pondering a response to so many friends who have posted #metoo 

Simply this: I am listening.",I've been pondering a response to so many friends who have posted #metoo Simply this: I am listening.,0.0,1.0,Unknown,#metoo,0.0,0.037065014243125916,0.7288467884063721,0.2340882420539856,0.19702322781085968,0.7288467884063721,Neutral
24911,2017-10-16 21:59:13,2017-10-16,21,Monday,You<e2><80><99>re not alone. #metoo,You<e2><80><99>re not alone. #metoo,0.0,0.0,IPHONE,#metoo,0.0,0.31700563430786133,0.545819103717804,0.1371752768754959,-0.17983035743236542,0.545819103717804,Neutral
3330,2017-10-16 23:53:45,2017-10-16,23,Monday,Late in the day but I feel like #MeToo should really be #AllOfUs. Love to all the women who've spoken and to those who haven't felt able. xx,Late in the day but I feel like #MeToo should really be #AllOfUs. Love to all the women who've spoken and to those who haven't felt able. xx,2.0,33.0,IPHONE,#metoo,0.0,0.037176620215177536,0.17157016694545746,0.7912531495094299,0.7540765292942524,0.7912531495094299,Positive
15785,2017-10-16 23:53:38,2017-10-16,23,Monday,Awareness is essential. You never truly know how many people around you effected by something because they may be too scared to talk. #metoo,Awareness is essential. You never truly know how many people around you effected by something because they may be too scared to talk. #metoo,0.0,1.0,IPHONE,#metoo,0.0,0.328898549079895,0.6083958745002747,0.06270558387041092,-0.2661929652094841,0.6083958745002747,Neutral
6647,2017-10-16 21:46:59,2017-10-16,21,Monday,"Me, too. #metoo","Me, too. #metoo",1.0,2.0,IPHONE,#metoo,0.0,0.13261643052101135,0.658168375492096,0.2092151939868927,0.07659876346588135,0.658168375492096,Neutral
526,2017-10-16 21:09:26,2017-10-16,21,Monday,"Me too

#metoo",Me too #metoo,0.0,0.0,Unknown,#metoo,0.0,0.12219638377428055,0.6585082411766052,0.21929539740085602,0.09709901362657547,0.6585082411766052,Neutral
26911,2017-10-16 21:07:31,2017-10-16,21,Monday,@TwitterMoments As a female who has experienced this from males &amp; females let's not turn it into a man hating thing<e2><80><a6> https://t.co/pvwNKwkwC5,@TwitterMoments As a female who has experienced this from males &amp; females let's not turn it into a man hating thing<e2><80><a6> https://t.co/pvwNKwkwC5,1.0,4.0,WEB,#metoo,0.0,0.4286245107650757,0.5339406132698059,0.03743484616279602,-0.39118966460227966,0.5339406132698059,Neutral
18294,2017-10-16 20:14:07,2017-10-16,20,Monday,#metoo. Look around people - if your feeds are like mine it's basically every woman you know. https://t.co/pgVGp12uGO,#metoo. Look around people - if your feeds are like mine it's basically every woman you know. https://t.co/pgVGp12uGO,0.0,0.0,IPHONE,#metoo,0.0,0.18915235996246338,0.7485578656196594,0.06228984519839287,-0.1268625147640705,0.7485578656196594,Neutral
11770,2017-10-16 19:30:49,2017-10-16,19,Monday,Bang on. #MeToo. https://t.co/J2S1X3Shfa,Bang on. #MeToo. https://t.co/J2S1X3Shfa,0.0,1.0,WEB,#metoo,0.0,0.04397226497530937,0.5170149803161621,0.4390127658843994,0.39504050090909004,0.5170149803161621,Neutral
2473,2017-10-16 20:07:50,2017-10-16,20,Monday,God forbid we should put energy into prosecuting these serial predators. #MeToo https://t.co/K46BxFyhpJ,God forbid we should put energy into prosecuting these serial predators. #MeToo https://t.co/K46BxFyhpJ,0.0,0.0,ANDROID,#metoo,0.0,0.9156678318977356,0.07659318298101425,0.007738918531686068,-0.9079289133660495,0.9156678318977356,Negative
11294,2017-10-16 20:48:51,2017-10-16,20,Monday,"there is no such thing as <e2><80><9c>minimizing risks<e2><80><9d> in rape because people don<e2><80><99>t rape out of sexual frustration, they rape for dominance #metoo","there is no such thing as <e2><80><9c>minimizing risks<e2><80><9d> in rape because people don<e2><80><99>t rape out of sexual frustration, they rape for dominance #metoo",1.0,2.0,IPHONE,#metoo,0.0,0.6813188791275024,0.2978452444076538,0.020835932344198227,-0.6604829467833042,0.6813188791275024,Negative
12354,2017-10-16 23:03:08,2017-10-16,23,Monday,Really proud of all the woman speaking up on sexual abuse for awareness. I know first hand it is not an easy thing to talk about. #metoo,Really proud of all the woman speaking up on sexual abuse for awareness. I know first hand it is not an easy thing to talk about. #metoo,0.0,5.0,IPHONE,#metoo,0.0,0.09586834162473679,0.16733813285827637,0.7367935180664062,0.6409251764416695,0.7367935180664062,Positive
13681,2017-10-16 23:10:52,2017-10-16,23,Monday,For every #MeToo there is a silent #itwasme,For every #MeToo there is a silent #itwasme,0.0,1.0,Unknown,#metoo,0.0,0.5754544734954834,0.39094552397727966,0.03359999880194664,-0.5418544746935368,0.5754544734954834,Negative
18072,2017-10-16 19:04:55,2017-10-16,19,Monday,Veiled murder threat from an SJW. #MeToo https://t.co/niR533KL3e,Veiled murder threat from an SJW. #MeToo https://t.co/niR533KL3e,0.0,0.0,WEB,#metoo,0.0,0.8291221857070923,0.16067397594451904,0.010203804820775986,-0.8189183808863163,0.8291221857070923,Negative
9078,2017-10-16 20:53:07,2017-10-16,20,Monday,@JeanineX9 @HavaBatia @ShipJos @JudyJones1990 @MonicaLewinsky @womensmarch @HillaryClinton @MonicaLewinsky says<e2><80><a6> https://t.co/FGQxRKc6Ca,@JeanineX9 @HavaBatia @ShipJos @JudyJones1990 @MonicaLewinsky @womensmarch @HillaryClinton @MonicaLewinsky says<e2><80><a6> https://t.co/FGQxRKc6Ca,0.0,2.0,WEB,#metoo,0.0,0.06310951709747314,0.9046405553817749,0.032249871641397476,-0.03085964545607567,0.9046405553817749,Neutral
4833,2017-10-16 19:27:55,2017-10-16,19,Monday,My first boss + his asst mngr harassed me + pressured me into sex acts. I was 16; they were 21+. #NationalBossDay #MeToo #AvoidDressingRooms,My first boss + his asst mngr harassed me + pressured me into sex acts. I was 16; they were 21+. #NationalBossDay #MeToo #AvoidDressingRooms,0.0,0.0,WEB,#metoo,0.0,0.8247165083885193,0.1628410965204239,0.012442423962056637,-0.8122740844264627,0.8247165083885193,Negative
13122,2017-10-16 19:47:07,2017-10-16,19,Monday,@UntrueThings #MeToo  oops! Inappropriate use of hashtag <ed><a0><be><ed><b4><a3><ed><a0><be><ed><b4><a3><ed><a0><be><ed><b4><a3>,@UntrueThings #MeToo oops! Inappropriate use of hashtag <ed><a0><be><ed><b4><a3><ed><a0><be><ed><b4><a3><ed><a0><be><ed><b4><a3>,0.0,1.0,ANDROID,#metoo,1.0,0.6412330269813538,0.33256569504737854,0.02620130591094494,-0.6150317210704088,0.6412330269813538,Negative
21477,2017-10-16 19:57:29,2017-10-16,19,Monday,#Metoo - especially in Tower Hamlets https://t.co/y6IevQc7m3,#Metoo - especially in Tower Hamlets https://t.co/y6IevQc7m3,21.0,31.0,Unknown,#metoo,0.0,0.011865085922181606,0.8236433863639832,0.16449153423309326,0.15262644831091166,0.8236433863639832,Neutral
25673,2017-10-16 23:58:05,2017-10-16,23,Monday,Women dropping the #MeToo all over the internet today,Women dropping the #MeToo all over the internet today,0.0,0.0,ANDROID,#metoo,0.0,0.1682341992855072,0.6922687888145447,0.13949696719646454,-0.028737232089042664,0.6922687888145447,Neutral
3678,2017-10-16 23:09:41,2017-10-16,23,Monday,#MeToo #balancetonporc #fatta how to hashtag sexual harassment in different languages.,#MeToo #balancetonporc #fatta how to hashtag sexual harassment in different languages.,0.0,0.0,IPHONE,#metoo,0.0,0.7786775231361389,0.21405929327011108,0.0072631267830729485,-0.771414396353066,0.7786775231361389,Negative
23946,2017-10-16 19:19:20,2017-10-16,19,Monday,"@Amy_Siskind I didn<e2><80><99>t want to mention that yesterday and give the appearance of trying to steal the focus of the movement, but #MeToo.","@Amy_Siskind I didn<e2><80><99>t want to mention that yesterday and give the appearance of trying to steal the focus of the movement, but #MeToo.",0.0,0.0,IPHONE,#metoo,0.0,0.6999012231826782,0.2858513593673706,0.014247430488467216,-0.685653792694211,0.6999012231826782,Negative
6268,2017-10-16 23:50:09,2017-10-16,23,Monday,"#metoo My 50+yo boss asked my 23yo self if I was sure I had to go ""all the way home"" after a Christmas party - in front of his wife.","#metoo My 50+yo boss asked my 23yo self if I was sure I had to go ""all the way home"" after a Christmas party - in front of his wife.",0.0,1.0,WEB,#metoo,0.0,0.18703573942184448,0.767541229724884,0.045423030853271484,-0.141612708568573,0.767541229724884,Neutral
14993,2017-10-16 23:23:43,2017-10-16,23,Monday,#metoo but also this <ed><a0><bd><ed><b1><87><ed><a0><bc><ed><bf><bb> https://t.co/cW1HqvHCfq,#metoo but also this <ed><a0><bd><ed><b1><87><ed><a0><bc><ed><bf><bb> https://t.co/cW1HqvHCfq,0.0,1.0,IPHONE,#metoo,2.0,0.24918986856937408,0.7235808968544006,0.027229251340031624,-0.22196061722934246,0.7235808968544006,Neutral
4408,2017-10-16 21:34:26,2017-10-16,21,Monday,"@JKCorden is a disgusting pig.  As @rosemcgowan states, people like him and #Weinstein are what's wrong in Hollywoo<e2><80><a6> https://t.co/ydsG2PQhZa","@JKCorden is a disgusting pig. As @rosemcgowan states, people like him and #Weinstein are what's wrong in Hollywoo<e2><80><a6> https://t.co/ydsG2PQhZa",0.0,0.0,WEB,#metoo,0.0,0.9362087249755859,0.056455641984939575,0.007335667032748461,-0.9288730579428375,0.9362087249755859,Negative
17768,2017-10-16 20:28:57,2017-10-16,20,Monday,"I thought long about whether I wanted to say #MeToo but here it is.I've been touched in high school, assaulted in college, harassed at work.","I thought long about whether I wanted to say #MeToo but here it is.I've been touched in high school, assaulted in college, harassed at work.",0.0,0.0,WEB,#metoo,0.0,0.8285982012748718,0.15922780334949493,0.012174000963568687,-0.8164242003113031,0.8285982012748718,Negative
6556,2017-10-16 22:56:51,2017-10-16,22,Monday,"If you're a man trying to hijack the ""me, too"" narrative, you're part of the problem. #MeToo","If you're a man trying to hijack the ""me, too"" narrative, you're part of the problem. #MeToo",4.0,13.0,IPHONE,#metoo,0.0,0.872001051902771,0.12163460999727249,0.006364393979310989,-0.86563665792346,0.872001051902771,Negative
28382,2017-10-16 20:08:37,2017-10-16,20,Monday,Women are sharing their experiences of sexual harassment and assault with #MeToo https://t.co/sCuyNi71e9,Women are sharing their experiences of sexual harassment and assault with #MeToo https://t.co/sCuyNi71e9,0.0,0.0,Unknown,#metoo,0.0,0.19539347290992737,0.765143871307373,0.03946268558502197,-0.1559307873249054,0.765143871307373,Neutral
23484,2017-10-16 21:01:41,2017-10-16,21,Monday,"Reading #MeToo posts today, I'm viscerally recalling #YesAllWomen stories, too.","Reading #MeToo posts today, I'm viscerally recalling #YesAllWomen stories, too.",2.0,7.0,WEB,#metoo,0.0,0.0797649696469307,0.6754172444343567,0.24481774866580963,0.16505277901887894,0.6754172444343567,Neutral
427,2017-10-16 22:26:40,2017-10-16,22,Monday,My thoughts on #metoo including @apbenven<e2><80><99>s tweet #believesurvivors #Isupportsurvivors https://t.co/bGnB3C5CYr,My thoughts on #metoo including @apbenven<e2><80><99>s tweet #believesurvivors #Isupportsurvivors https://t.co/bGnB3C5CYr,0.0,0.0,IPHONE,#metoo,0.0,0.05516859143972397,0.8617208003997803,0.08311054855585098,0.027941957116127014,0.8617208003997803,Neutral
23447,2017-10-16 21:31:11,2017-10-16,21,Monday,"And to all those who can't or don't want to share just now, or yet, or ever. You are not alone either #MeToo https://t.co/8LXCMlCyZc","And to all those who can't or don't want to share just now, or yet, or ever. You are not alone either #MeToo https://t.co/8LXCMlCyZc",2.0,17.0,WEB,#metoo,0.0,0.4557003974914551,0.4915464520454407,0.052753131836652756,-0.4029472656548023,0.4915464520454407,Neutral
3881,2017-10-16 23:57:12,2017-10-16,23,Monday,@Alyssa_Milano NOT JUST WOMEN BUT MEN LIKE ME HAVE BEEN SEXUALLY HARASSED AS WELL IT WILL BE IN MY BOOK! SORRY FOR<e2><80><a6> https://t.co/iFh7jg643f,@Alyssa_Milano NOT JUST WOMEN BUT MEN LIKE ME HAVE BEEN SEXUALLY HARASSED AS WELL IT WILL BE IN MY BOOK! SORRY FOR<e2><80><a6> https://t.co/iFh7jg643f,0.0,1.0,WEB,#metoo,0.0,0.9042539000511169,0.08789852261543274,0.007847465574741364,-0.8964064344763756,0.9042539000511169,Negative
20283,2017-10-16 19:19:45,2017-10-16,19,Monday,#metoo for the record,#metoo for the record,0.0,0.0,ANDROID,#metoo,0.0,0.16866354644298553,0.7516127228736877,0.07972373813390732,-0.08893980830907822,0.7516127228736877,Neutral
20201,2017-10-16 20:08:39,2017-10-16,20,Monday,@MiaFarrow #metoo times five.,@MiaFarrow #metoo times five.,0.0,0.0,WEB,#metoo,0.0,0.05046004801988602,0.8493155241012573,0.10022444278001785,0.049764394760131836,0.8493155241012573,Neutral
20163,2017-10-16 23:28:58,2017-10-16,23,Monday,"I don't think he even realizes what he did.
#MeToo",I don't think he even realizes what he did. #MeToo,0.0,1.0,IPHONE,#metoo,0.0,0.8964471220970154,0.0958770364522934,0.007675857283174992,-0.8887712648138404,0.8964471220970154,Negative
3911,2017-10-16 21:02:32,2017-10-16,21,Monday,Further thoughts on #MeToo https://t.co/rOXOMzgZiB,Further thoughts on #MeToo https://t.co/rOXOMzgZiB,0.0,2.0,WEB,#metoo,0.0,0.031845446676015854,0.9023504257202148,0.06580406427383423,0.033958617597818375,0.9023504257202148,Neutral
8596,2017-10-16 20:49:39,2017-10-16,20,Monday,"( @MO_rgenrot
Because I know you need to see that you're not forgotten)
#Metoo is for ever single victim/survivor o<e2><80><a6> https://t.co/e3Sv8A8Lwa",( @MO_rgenrot Because I know you need to see that you're not forgotten) #Metoo is for ever single victim/survivor o<e2><80><a6> https://t.co/e3Sv8A8Lwa,2.0,7.0,ANDROID,#metoo,0.0,0.25150132179260254,0.6111137270927429,0.13738498091697693,-0.11411634087562561,0.6111137270927429,Neutral
7030,2017-10-16 19:22:27,2017-10-16,19,Monday,"I'm about to share a story from 5 years ago this month. This is a lesson of ""always have a friend"" &amp; ""know the people around you""...#MeToo","I'm about to share a story from 5 years ago this month. This is a lesson of ""always have a friend"" &amp; ""know the people around you""...#MeToo",0.0,0.0,ANDROID,#metoo,0.0,0.026886649429798126,0.7282174229621887,0.24489594995975494,0.21800930052995682,0.7282174229621887,Neutral
9485,2017-10-16 21:14:40,2017-10-16,21,Monday,"This #metoo trend shouldn't that go for men as well as women, come on they are abused and groped as well as women","This #metoo trend shouldn't that go for men as well as women, come on they are abused and groped as well as women",0.0,0.0,Unknown,#metoo,0.0,0.8638467192649841,0.12890952825546265,0.00724369240924716,-0.856603026855737,0.8638467192649841,Negative
8729,2017-10-16 22:31:03,2017-10-16,22,Monday,I would be genuinely surprised if a woman had never been sexually harassed at work. #MeToo,I would be genuinely surprised if a woman had never been sexually harassed at work. #MeToo,0.0,0.0,ANDROID,#metoo,0.0,0.6637659668922424,0.2943687438964844,0.04186524823307991,-0.6219007186591625,0.6637659668922424,Negative
10171,2017-10-16 22:34:53,2017-10-16,22,Monday,"I resent having to say ""me too"" because women shouldn't have to justify the validity of our experiences. But #MeToo I guess.","I resent having to say ""me too"" because women shouldn't have to justify the validity of our experiences. But #MeToo I guess.",1.0,0.0,IPHONE,#metoo,0.0,0.8846431374549866,0.10953821986913681,0.0058186473324894905,-0.8788244901224971,0.8846431374549866,Negative
4611,2017-10-16 20:40:30,2017-10-16,20,Monday,"""Directors, Deans, and VPs don't just talk to future grad students because they're interested in the field. Don't b<e2><80><a6> https://t.co/8DJTSkWLXK","""Directors, Deans, and VPs don't just talk to future grad students because they're interested in the field. Don't b<e2><80><a6> https://t.co/8DJTSkWLXK",0.0,3.0,WEB,#metoo,0.0,0.15917201340198517,0.7173143625259399,0.12351357936859131,-0.03565843403339386,0.7173143625259399,Neutral
17205,2017-10-16 23:58:30,2017-10-16,23,Monday,"When horsing around with a girl, even just tickling a tiny tot, stop when she says ""Stop""! Teach her early that her ""NO"" means NO! #MeToo","When horsing around with a girl, even just tickling a tiny tot, stop when she says ""Stop""! Teach her early that her ""NO"" means NO! #MeToo",0.0,1.0,Unknown,#metoo,0.0,0.6568945646286011,0.30079492926597595,0.04231047257781029,-0.6145840920507908,0.6568945646286011,Negative
8615,2017-10-16 23:46:00,2017-10-16,23,Monday,"just in case you need a reminder, behind every single #metoo is a human being","just in case you need a reminder, behind every single #metoo is a human being",1.0,2.0,IPHONE,#metoo,0.0,0.12614873051643372,0.7422534227371216,0.13159792125225067,0.005449190735816956,0.7422534227371216,Neutral
10890,2017-10-16 21:20:50,2017-10-16,21,Monday,yeah yeah sibling incest jokes are funny &amp; all but just imagine what it's like to have your abuser's ornaments on your Christmas tree #metoo,yeah yeah sibling incest jokes are funny &amp; all but just imagine what it's like to have your abuser's ornaments on your Christmas tree #metoo,0.0,0.0,IPHONE,#metoo,0.0,0.6236243844032288,0.33139607310295105,0.04497957602143288,-0.5786448083817959,0.6236243844032288,Negative
5182,2017-10-16 22:56:12,2017-10-16,22,Monday,I consider myself blessed to have never been sexually harassed or assaulted. It<e2><80><99>s alarming and disheartening to see #metoo all over my feed.,I consider myself blessed to have never been sexually harassed or assaulted. It<e2><80><99>s alarming and disheartening to see #metoo all over my feed.,0.0,8.0,IPHONE,#metoo,0.0,0.8377870917320251,0.13571172952651978,0.02650117129087448,-0.8112859204411507,0.8377870917320251,Negative
24244,2017-10-16 21:01:33,2017-10-16,21,Monday,Women are not alone in this. Many men have gone through assaults n abuses as young boys. They suffer alone n never come out.  #MeToo,Women are not alone in this. Many men have gone through assaults n abuses as young boys. They suffer alone n never come out. #MeToo,0.0,0.0,WEB,#metoo,0.0,0.863673985004425,0.12847740948200226,0.007848594337701797,-0.8558253906667233,0.863673985004425,Negative
21144,2017-10-16 23:32:17,2017-10-16,23,Monday,@butterflyknfe You are not alone beautiful soul<e2><80><a6> #meToo,@butterflyknfe You are not alone beautiful soul<e2><80><a6> #meToo,0.0,1.0,IPHONE,#metoo,0.0,0.006262211594730616,0.03362909331917763,0.9601086974143982,0.9538464858196676,0.9601086974143982,Positive
18283,2017-10-16 20:34:09,2017-10-16,20,Monday,"Topically relevant (#MeToo), since we're calling attention to things:
https://t.co/3rqx8UfLp5","Topically relevant (#MeToo), since we're calling attention to things: https://t.co/3rqx8UfLp5",0.0,0.0,WEB,#metoo,0.0,0.00574104581028223,0.2842938005924225,0.7099651098251343,0.704224064014852,0.7099651098251343,Positive
11758,2017-10-16 21:52:11,2017-10-16,21,Monday,I was strong enough to get past it but I'm not brave enough to put the details up #MeToo,I was strong enough to get past it but I'm not brave enough to put the details up #MeToo,0.0,11.0,ANDROID,#metoo,0.0,0.6804571151733398,0.28865447640419006,0.030888399109244347,-0.6495687160640955,0.6804571151733398,Negative
11309,2017-10-16 22:01:56,2017-10-16,22,Monday,#MeToo but I #GotOverIt,#MeToo but I #GotOverIt,1.0,3.0,WEB,#metoo,0.0,0.15103130042552948,0.4562969207763672,0.3926717936992645,0.24164049327373505,0.4562969207763672,Neutral
7844,2017-10-16 21:58:17,2017-10-16,21,Monday,"#MeToo &amp; he was my intimate partner. I'll never be ""over it,"" but I'm slowly learning not to judge myself by what others have done to me. &lt;3","#MeToo &amp; he was my intimate partner. I'll never be ""over it,"" but I'm slowly learning not to judge myself by what others have done to me. &lt;3",0.0,3.0,WEB,#metoo,0.0,0.13524171710014343,0.47441810369491577,0.3903401494026184,0.255098432302475,0.47441810369491577,Neutral
118,2017-10-16 21:56:04,2017-10-16,21,Monday,I was sexually harassed multiple times by men ranging from 25-70 years old in the fashion/entertainment industry and in public. #MeToo,I was sexually harassed multiple times by men ranging from 25-70 years old in the fashion/entertainment industry and in public. #MeToo,0.0,0.0,IPHONE,#metoo,0.0,0.7834389805793762,0.2048938125371933,0.011667191050946712,-0.7717717895284295,0.7834389805793762,Negative
4101,2017-10-16 23:15:00,2017-10-16,23,Monday,"No matter how <e2><80><9c>insignificant<e2><80><9d> your experience may seem. It still happened, it matters &amp; it<e2><80><99>s really not that insign<e2><80><a6> https://t.co/nmS4UHrB6X","No matter how <e2><80><9c>insignificant<e2><80><9d> your experience may seem. It still happened, it matters &amp; it<e2><80><99>s really not that insign<e2><80><a6> https://t.co/nmS4UHrB6X",0.0,2.0,IPHONE,#metoo,0.0,0.36489051580429077,0.5688483119010925,0.0662611648440361,-0.29862935096025467,0.5688483119010925,Neutral
488,2017-10-16 22:13:40,2017-10-16,22,Monday,"New story on #NPR: In The Wake Of Harvey Weinstein Scandal, Women Say #MeToo https://t.co/SHsOXa4DlI","New story on #NPR: In The Wake Of Harvey Weinstein Scandal, Women Say #MeToo https://t.co/SHsOXa4DlI",0.0,0.0,Unknown,#metoo,0.0,0.053404904901981354,0.915313184261322,0.03128194808959961,-0.022122956812381744,0.915313184261322,Neutral
4897,2017-10-16 22:17:51,2017-10-16,22,Monday,"Seeing some #NotMe in response to #MeToo and saying they refuse to be a victim. 

Well fuck you with a rusty spork. I WAS NINE.",Seeing some #NotMe in response to #MeToo and saying they refuse to be a victim. Well fuck you with a rusty spork. I WAS NINE.,0.0,1.0,ANDROID,#metoo,0.0,0.9195166826248169,0.07400879263877869,0.006474541965872049,-0.9130421406589448,0.9195166826248169,Negative
14382,2017-10-16 21:47:58,2017-10-16,21,Monday,There is 15 registered sex offenders that live within 5 minutes of me. So why do we always have to meet at my place? #MeToo,There is 15 registered sex offenders that live within 5 minutes of me. So why do we always have to meet at my place? #MeToo,0.0,0.0,IPHONE,#metoo,0.0,0.8241947293281555,0.16549578309059143,0.010309446603059769,-0.8138852827250957,0.8241947293281555,Negative
2737,2017-10-16 19:23:38,2017-10-16,19,Monday,"#MeToo. Not sharing any of the stories, but: Yes. Me too.","#MeToo. Not sharing any of the stories, but: Yes. Me too.",0.0,1.0,ANDROID,#metoo,0.0,0.047334223985672,0.43219855427742004,0.520467221736908,0.47313299775123596,0.520467221736908,Positive
17283,2017-10-16 23:33:15,2017-10-16,23,Monday,"After #MeToo: 5 ways men can help end sexual assault
https://t.co/Pf9eWpI5Q6",After #MeToo: 5 ways men can help end sexual assault https://t.co/Pf9eWpI5Q6,81.0,94.0,Unknown,#metoo,0.0,0.06496377289295197,0.8068604469299316,0.12817569077014923,0.06321191787719727,0.8068604469299316,Neutral
7527,2017-10-16 22:20:56,2017-10-16,22,Monday,@ashholesimmons Bless you. #metoo,@ashholesimmons Bless you. #metoo,0.0,3.0,ANDROID,#metoo,0.0,0.005441773217171431,0.023730693385004997,0.9708275198936462,0.9653857466764748,0.9708275198936462,Positive
16291,2017-10-16 22:14:30,2017-10-16,22,Monday,@RenegadeVoid @AmazonResists Agree but there<e2><80><99>s another element that is just reality.  Most men are not afraid of be<e2><80><a6> https://t.co/WaQ1j84zS1,@RenegadeVoid @AmazonResists Agree but there<e2><80><99>s another element that is just reality. Most men are not afraid of be<e2><80><a6> https://t.co/WaQ1j84zS1,0.0,5.0,Unknown,#metoo,0.0,0.11166679859161377,0.7314469814300537,0.15688617527484894,0.04521937668323517,0.7314469814300537,Neutral
14498,2017-10-16 19:47:48,2017-10-16,19,Monday,The latest Kristina Daily Twitter Highlights! https://t.co/NTeL5iEXKw Thanks to @JamesonCook #metoo #venezuela,The latest Kristina Daily Twitter Highlights! https://t.co/NTeL5iEXKw Thanks to @JamesonCook #metoo #venezuela,0.0,0.0,Unknown,#metoo,0.0,0.002307025482878089,0.23603057861328125,0.7616623640060425,0.7593553385231644,0.7616623640060425,Positive
7562,2017-10-16 20:01:29,2017-10-16,20,Monday,"#MeToo I see you, I see you all. Even those that don<e2><80><99>t hashtag it, my heart is with all of us. <e2><9d><a4><ef><b8><8f>","#MeToo I see you, I see you all. Even those that don<e2><80><99>t hashtag it, my heart is with all of us. <e2><9d><a4><ef><b8><8f>",0.0,0.0,IPHONE,#metoo,1.0,0.12221470475196838,0.4117090404033661,0.4660762548446655,0.34386155009269714,0.4660762548446655,Positive
5177,2017-10-16 21:35:06,2017-10-16,21,Monday,"#Metoo I am an incest, rape, &amp; torture survivor. I grew up with daily/nightly rape. My father ""rented"" me to his fr<e2><80><a6> https://t.co/V5VBq9XHJu","#Metoo I am an incest, rape, &amp; torture survivor. I grew up with daily/nightly rape. My father ""rented"" me to his fr<e2><80><a6> https://t.co/V5VBq9XHJu",0.0,0.0,WEB,#metoo,0.0,0.8652668595314026,0.12900781631469727,0.005725361872464418,-0.8595414976589382,0.8652668595314026,Negative
21858,2017-10-16 20:19:07,2017-10-16,20,Monday,"On a more serious note, as #MeToo trends, it's important to note that assault &amp; harrassment are not uncommon during fieldwork, unfortunately","On a more serious note, as #MeToo trends, it's important to note that assault &amp; harrassment are not uncommon during fieldwork, unfortunately",13.0,51.0,Unknown,#metoo,0.0,0.6497946381568909,0.317413330078125,0.03279212862253189,-0.617002509534359,0.6497946381568909,Negative
10053,2017-10-16 21:10:12,2017-10-16,21,Monday,Why the #MeToo Movement Is So Important https://t.co/AbYSznRxod https://t.co/sk05wefBRG,Why the #MeToo Movement Is So Important https://t.co/AbYSznRxod https://t.co/sk05wefBRG,0.0,0.0,Unknown,#metoo,0.0,0.004629246890544891,0.11001844704151154,0.8853523135185242,0.8807230666279793,0.8853523135185242,Positive
22383,2017-10-16 23:13:01,2017-10-16,23,Monday,Re #MeToo: what woman hasn't experienced some form of sexual harassment and/or assault? I wonder how many #NotMe(s) there would be,Re #MeToo: what woman hasn't experienced some form of sexual harassment and/or assault? I wonder how many #NotMe(s) there would be,0.0,0.0,WEB,#metoo,0.0,0.6493582129478455,0.33418112993240356,0.016460664570331573,-0.6328975483775139,0.6493582129478455,Negative
18996,2017-10-16 19:22:39,2017-10-16,19,Monday,It's something I've had to put up with numerous times as a female and have felt shame/guilt about it as I thought it was my fault  #metoo,It's something I've had to put up with numerous times as a female and have felt shame/guilt about it as I thought it was my fault #metoo,0.0,0.0,IPHONE,#metoo,0.0,0.8960309028625488,0.09888440370559692,0.005084677133709192,-0.8909462257288396,0.8960309028625488,Negative
17555,2017-10-16 21:49:58,2017-10-16,21,Monday,It breaks my heart to know that so many other women and men have gone through this as well. None of us deserved this. #MeToo,It breaks my heart to know that so many other women and men have gone through this as well. None of us deserved this. #MeToo,0.0,1.0,ANDROID,#metoo,0.0,0.9383208155632019,0.05623932182788849,0.005439857020974159,-0.9328809585422277,0.9383208155632019,Negative
5683,2017-10-16 20:35:18,2017-10-16,20,Monday,"Oh whilst we are here, #metoo","Oh whilst we are here, #metoo",0.0,0.0,Unknown,#metoo,0.0,0.31629014015197754,0.5902374982833862,0.09347230941057205,-0.2228178307414055,0.5902374982833862,Neutral
17004,2017-10-16 22:27:30,2017-10-16,22,Monday,"#metoo It took me a while to remember the stories, but Jaclyn Threadgill reminded me of it in her own #metoo... https://t.co/JAb542d0Ip","#metoo It took me a while to remember the stories, but Jaclyn Threadgill reminded me of it in her own #metoo... https://t.co/JAb542d0Ip",0.0,0.0,Unknown,#metoo,0.0,0.05572859197854996,0.7994242906570435,0.144847109913826,0.08911851793527603,0.7994242906570435,Neutral
25443,2017-10-16 23:04:28,2017-10-16,23,Monday,@Alyssa_Milano #MeToo So I put myself through college to get away.,@Alyssa_Milano #MeToo So I put myself through college to get away.,0.0,0.0,WEB,#metoo,0.0,0.24342666566371918,0.6687745451927185,0.08779875189065933,-0.15562791377305984,0.6687745451927185,Neutral
13742,2017-10-16 22:28:49,2017-10-16,22,Monday,#MeToo is so important <ed><a0><bd><ed><b2><94>,#MeToo is so important <ed><a0><bd><ed><b2><94>,0.0,0.0,ANDROID,#metoo,1.0,0.03483697399497032,0.3402160704135895,0.6249469518661499,0.5901099778711796,0.6249469518661499,Positive
6422,2017-10-16 23:15:37,2017-10-16,23,Monday,Sexual Assault Survivors Break Collective Silence With Viral #MeToo Hashtag https://t.co/V7xuBjIbOh,Sexual Assault Survivors Break Collective Silence With Viral #MeToo Hashtag https://t.co/V7xuBjIbOh,0.0,0.0,Unknown,#metoo,0.0,0.3381080627441406,0.6411148905754089,0.0207770187407732,-0.3173310440033674,0.6411148905754089,Neutral
15020,2017-10-16 20:25:16,2017-10-16,20,Monday,"If you posted #MeToo &amp; now feel overwhelmed, you're allowed to delete it. It doesn't make your story any less valid. Wellbeing comes first.","If you posted #MeToo &amp; now feel overwhelmed, you're allowed to delete it. It doesn't make your story any less valid. Wellbeing comes first.",1.0,25.0,IPHONE,#metoo,0.0,0.46983495354652405,0.48908528685569763,0.04107975587248802,-0.428755197674036,0.48908528685569763,Neutral
5644,2017-10-16 22:50:25,2017-10-16,22,Monday,Via shishi.rose  #metoo https://t.co/UJPseWk18B,Via shishi.rose #metoo https://t.co/UJPseWk18B,0.0,0.0,Unknown,#metoo,0.0,0.08405422419309616,0.8721227049827576,0.043823063373565674,-0.04023116081953049,0.8721227049827576,Neutral
15067,2017-10-16 21:20:07,2017-10-16,21,Monday,"Because that guy in high school pushed me against a wall and said if you aren't a whore I can make you one 

#metoo",Because that guy in high school pushed me against a wall and said if you aren't a whore I can make you one #metoo,0.0,1.0,IPHONE,#metoo,0.0,0.8609554767608643,0.12939591705799103,0.009648604318499565,-0.8513068724423647,0.8609554767608643,Negative
6689,2017-10-16 19:18:23,2017-10-16,19,Monday,"seeing ppl i duly admire and look up to (profs, mentors) come out w their #metoo is the only thing positively affecting me abt this campaign","seeing ppl i duly admire and look up to (profs, mentors) come out w their #metoo is the only thing positively affecting me abt this campaign",0.0,8.0,WEB,#metoo,0.0,0.02027260512113571,0.09707453101873398,0.8826529383659363,0.8623803332448006,0.8826529383659363,Positive
17773,2017-10-16 20:41:55,2017-10-16,20,Monday,#metoo and it destroyed me for years.,#metoo and it destroyed me for years.,0.0,0.0,Unknown,#metoo,0.0,0.9485456943511963,0.04654896259307861,0.004905307665467262,-0.943640386685729,0.9485456943511963,Negative
11119,2017-10-16 20:30:53,2017-10-16,20,Monday,I think we know #WhatHappened when Hillary broke her toe in London and had to cancel her interviews #MeToo =&gt;https://t.co/jEEQdlhtpJ,I think we know #WhatHappened when Hillary broke her toe in London and had to cancel her interviews #MeToo =&gt;https://t.co/jEEQdlhtpJ,0.0,0.0,WEB,#metoo,0.0,0.6442179679870605,0.34432435035705566,0.011457717046141624,-0.6327602509409189,0.6442179679870605,Negative
1430,2017-10-16 19:57:53,2017-10-16,19,Monday,ADDICTED TO UMBERAGE #MeToo,ADDICTED TO UMBERAGE #MeToo,0.0,0.0,IPHONE,#metoo,0.0,0.5660468935966492,0.4092046618461609,0.024748362600803375,-0.5412985309958458,0.5660468935966492,Negative
27280,2017-10-16 22:37:25,2017-10-16,22,Monday,Hey since everyone is posting #MeToo how about We address the number of Trans Women sexually assaulted by cisgay men????????,Hey since everyone is posting #MeToo how about We address the number of Trans Women sexually assaulted by cisgay men????????,3.0,10.0,IPHONE,#metoo,0.0,0.40835902094841003,0.5415942072868347,0.05004679039120674,-0.3583122305572033,0.5415942072868347,Neutral
2787,2017-10-16 23:43:24,2017-10-16,23,Monday,What an appropriate video to surface during #metoo. He<e2><80><99>s literally doing it in front of a full auditorium of... https://t.co/D3plextKey,What an appropriate video to surface during #metoo. He<e2><80><99>s literally doing it in front of a full auditorium of... https://t.co/D3plextKey,0.0,0.0,Unknown,#metoo,0.0,0.05149880424141884,0.3187105357646942,0.629790723323822,0.5782919190824032,0.629790723323822,Positive
19473,2017-10-16 20:53:07,2017-10-16,20,Monday,Me too. #MeToo #Respect #Tolerance #Equality,Me too. #MeToo #Respect #Tolerance #Equality,0.0,0.0,IPHONE,#metoo,0.0,0.08733456581830978,0.5651206374168396,0.34754478931427,0.26021022349596024,0.5651206374168396,Neutral
18172,2017-10-16 22:40:30,2017-10-16,22,Monday,"#MeToo, even if I'm not willing to talk about it here.","#MeToo, even if I'm not willing to talk about it here.",0.0,0.0,WEB,#metoo,0.0,0.2846848666667938,0.6289929747581482,0.08632218092679977,-0.19836268573999405,0.6289929747581482,Neutral
21118,2017-10-16 23:57:15,2017-10-16,23,Monday,"Retweeted ew (@its_jmariee):

#metoo I stand with all of the women sexually assaulted but unwilling or not ready... https://t.co/6O766vUU9i",Retweeted ew (@its_jmariee): #metoo I stand with all of the women sexually assaulted but unwilling or not ready... https://t.co/6O766vUU9i,0.0,0.0,Unknown,#metoo,0.0,0.7638792991638184,0.22503376007080078,0.011086906306445599,-0.7527923928573728,0.7638792991638184,Negative
20602,2017-10-16 22:16:53,2017-10-16,22,Monday,"nprpolitics: In The Wake Of Harvey Weinstein Scandal, Women Say #MeToo https://t.co/2D8gBOM18l","nprpolitics: In The Wake Of Harvey Weinstein Scandal, Women Say #MeToo https://t.co/2D8gBOM18l",1.0,1.0,Unknown,#metoo,0.0,0.20027977228164673,0.782073438167572,0.017646705731749535,-0.1826330665498972,0.782073438167572,Neutral
6035,2017-10-16 20:37:50,2017-10-16,20,Monday,@prophiphop You mean #metoo !,@prophiphop You mean #metoo !,0.0,1.0,Unknown,#metoo,0.0,0.15863052010536194,0.7887717485427856,0.05259774252772331,-0.10603277757763863,0.7887717485427856,Neutral
9470,2017-10-16 23:55:41,2017-10-16,23,Monday,"#MeToo workplace sexual assault, I wrote about it: 'I've had customers shove their fingers up my ass...' https://t.co/JdwvbOhx1k","#MeToo workplace sexual assault, I wrote about it: 'I've had customers shove their fingers up my ass...' https://t.co/JdwvbOhx1k",3.0,10.0,ANDROID,#metoo,0.0,0.7659733891487122,0.2214788794517517,0.012547814287245274,-0.7534255748614669,0.7659733891487122,Negative
14391,2017-10-16 22:35:51,2017-10-16,22,Monday,#MeToo- sucked being blamed for it,#MeToo- sucked being blamed for it,0.0,0.0,IPHONE,#metoo,0.0,0.9121667146682739,0.08075052499771118,0.007082780823111534,-0.9050839338451624,0.9121667146682739,Negative
13582,2017-10-16 19:35:49,2017-10-16,19,Monday,To The Men on the Other Side of #MeToo https://t.co/7THtyRvBVF via @johnpavlovitz,To The Men on the Other Side of #MeToo https://t.co/7THtyRvBVF via @johnpavlovitz,0.0,0.0,WEB,#metoo,0.0,0.034334637224674225,0.9136626124382019,0.05200280249118805,0.017668165266513824,0.9136626124382019,Neutral
27158,2017-10-16 21:28:33,2017-10-16,21,Monday,"#MeToo #IBelieveYou Women<e2><80><99>s safety, our sexuality, our ability to determine our own destiny is still up for grabs... https://t.co/QZr5PFmXY3","#MeToo #IBelieveYou Women<e2><80><99>s safety, our sexuality, our ability to determine our own destiny is still up for grabs... https://t.co/QZr5PFmXY3",2.0,2.0,Unknown,#metoo,0.0,0.11764953285455704,0.8010563850402832,0.08129405230283737,-0.036355480551719666,0.8010563850402832,Neutral
318,2017-10-16 19:11:33,2017-10-16,19,Monday,"I think the #MeToo hashtag is problematic. You<e2><80><99>re asking me to relive my trauma, then become open to ppl asking <e2><80><9c>what happened?<e2><80><9d>","I think the #MeToo hashtag is problematic. You<e2><80><99>re asking me to relive my trauma, then become open to ppl asking <e2><80><9c>what happened?<e2><80><9d>",0.0,1.0,IPHONE,#metoo,0.0,0.8551946878433228,0.13936005532741547,0.005445328541100025,-0.8497493593022227,0.8551946878433228,Negative
5469,2017-10-16 23:46:17,2017-10-16,23,Monday,So I went back and forth. Do I say it publicly? And it<e2><80><99>s been 35 FREAKING YEARS.  The things we carry can be so heavy. Just keep on. #MeToo,So I went back and forth. Do I say it publicly? And it<e2><80><99>s been 35 FREAKING YEARS. The things we carry can be so heavy. Just keep on. #MeToo,0.0,7.0,IPHONE,#metoo,0.0,0.6051903963088989,0.34040042757987976,0.054409220814704895,-0.550781175494194,0.6051903963088989,Negative
1595,2017-10-16 21:24:28,2017-10-16,21,Monday,So yeah. #MeToo. https://t.co/JwLssIXbRH,So yeah. #MeToo. https://t.co/JwLssIXbRH,2.0,25.0,Unknown,#metoo,0.0,0.04965078830718994,0.6206165552139282,0.3297327160835266,0.28008192777633667,0.6206165552139282,Neutral
10154,2017-10-16 19:29:29,2017-10-16,19,Monday,"#MeToo

Doctors, teachers, physiotherapists...","#MeToo Doctors, teachers, physiotherapists...",0.0,2.0,ANDROID,#metoo,0.0,0.1143043264746666,0.8355218768119812,0.05017375946044922,-0.06413056701421738,0.8355218768119812,Neutral
7492,2017-10-16 22:46:38,2017-10-16,22,Monday,"I'm a little nervous to admit it, but you know what? #MeToo","I'm a little nervous to admit it, but you know what? #MeToo",0.0,1.0,IPHONE,#metoo,0.0,0.5169480443000793,0.4292231798171997,0.05382879450917244,-0.4631192497909069,0.5169480443000793,Negative
24723,2017-10-16 21:07:34,2017-10-16,21,Monday,"#MeToo &amp; it<e2><80><99>s <ed><a0><bd><ed><b2><94> 2 see all the tweets, let<e2><80><99>s fight <ed><a0><bd><ed><b1><8a><ed><a0><bc><ed><bf><bb> 4 a future where a # isn<e2><80><99>t needed 2 bring this 2 light. A future where we<e2><80><99>re believed","#MeToo &amp; it<e2><80><99>s <ed><a0><bd><ed><b2><94> 2 see all the tweets, let<e2><80><99>s fight <ed><a0><bd><ed><b1><8a><ed><a0><bc><ed><bf><bb> 4 a future where a # isn<e2><80><99>t needed 2 bring this 2 light. A future where we<e2><80><99>re believed",0.0,1.0,IPHONE,#metoo,3.0,0.11200537532567978,0.7450388669967651,0.14295578002929688,0.030950404703617096,0.7450388669967651,Neutral
10423,2017-10-16 20:41:25,2017-10-16,20,Monday,Imagine how the Muslim community would have treated Nabra if that criminal had not killed her? #metoo,Imagine how the Muslim community would have treated Nabra if that criminal had not killed her? #metoo,1.0,5.0,Unknown,#metoo,0.0,0.8127415776252747,0.18002285063266754,0.0072356038726866245,-0.805505973752588,0.8127415776252747,Negative
19779,2017-10-16 22:45:58,2017-10-16,22,Monday,"although i fortunately have never been sexually assaulted, i stand with everyone who is pouring their stories out, loads of <e2><9d><a4><ef><b8><8f> to all #MeToo","although i fortunately have never been sexually assaulted, i stand with everyone who is pouring their stories out, loads of <e2><9d><a4><ef><b8><8f> to all #MeToo",0.0,5.0,IPHONE,#metoo,1.0,0.22776253521442413,0.43917152285575867,0.333065927028656,0.10530339181423187,0.43917152285575867,Neutral
2346,2017-10-16 23:48:13,2017-10-16,23,Monday,@SASCWR I<e2><80><99>ve emailed you to offer you a donation for your silent auction. #metoo,@SASCWR I<e2><80><99>ve emailed you to offer you a donation for your silent auction. #metoo,0.0,2.0,IPHONE,#metoo,0.0,0.04417263716459274,0.8362637758255005,0.11956363171339035,0.07539099454879761,0.8362637758255005,Neutral
20912,2017-10-16 19:38:42,2017-10-16,19,Monday,We need  #MeToo t shirts. As women we had enough. <ed><a0><bd><ed><b8><a1><ed><a0><bd><ed><b8><a1><ed><a0><bd><ed><b8><a1><ed><a0><bd><ed><b2><94><ed><a0><bd><ed><b2><94><ed><a0><bd><ed><b2><94><ed><a0><bd><ed><b2><aa><ed><a0><bc><ed><bf><bc><ed><a0><bd><ed><b2><aa><ed><a0><bc><ed><bf><bc><ed><a0><bd><ed><b2><aa><ed><a0><bc><ed><bf><bc><ed><a0><bd><ed><b2><aa><ed><a0><bc><ed><bf><bc><ed><a0><bd><ed><b2><aa><ed><a0><bc><ed><bf><bc><ed><a0><bd><ed><b9><8f><ed><a0><bc><ed><bf><bb><ed><a0><bd><ed><b9><8f><ed><a0><bc><ed><bf><bb><ed><a0><bd><ed><b9><8f><ed><a0><bc><ed><bf><bb><ed><a0><bd><ed><b9><8f><ed><a0><bc><ed><bf><bb>,We need #MeToo t shirts. As women we had enough. <ed><a0><bd><ed><b8><a1><ed><a0><bd><ed><b8><a1><ed><a0><bd><ed><b8><a1><ed><a0><bd><ed><b2><94><ed><a0><bd><ed><b2><94><ed><a0><bd><ed><b2><94><ed><a0><bd><ed><b2><aa><ed><a0><bc><ed><bf><bc><ed><a0><bd><ed><b2><aa><ed><a0><bc><ed><bf><bc><ed><a0><bd><ed><b2><aa><ed><a0><bc><ed><bf><bc><ed><a0><bd><ed><b2><aa><ed><a0><bc><ed><bf><bc><ed><a0><bd><ed><b2><aa><ed><a0><bc><ed><bf><bc><ed><a0><bd><ed><b9><8f><ed><a0><bc><ed><bf><bb><ed><a0><bd><ed><b9><8f><ed><a0><bc><ed><bf><bb><ed><a0><bd><ed><b9><8f><ed><a0><bc><ed><bf><bb><ed><a0><bd><ed><b9><8f><ed><a0><bc><ed><bf><bb>,0.0,0.0,IPHONE,#metoo,6.0,0.3622145652770996,0.5415109395980835,0.09627445787191391,-0.2659401074051857,0.5415109395980835,Neutral
4278,2017-10-16 21:57:01,2017-10-16,21,Monday,We all have stories like this #MeToo https://t.co/jxbI2JzdC7,We all have stories like this #MeToo https://t.co/jxbI2JzdC7,0.0,1.0,IPHONE,#metoo,0.0,0.10155975818634033,0.7644386291503906,0.13400159776210785,0.03244183957576752,0.7644386291503906,Neutral
3204,2017-10-16 20:49:58,2017-10-16,20,Monday,"With #metoo, want to bring awareness to women on reservations who are hunted for rape &amp; the men given no consequence
https://t.co/xVw5iUlsTy","With #metoo, want to bring awareness to women on reservations who are hunted for rape &amp; the men given no consequence https://t.co/xVw5iUlsTy",0.0,0.0,ANDROID,#metoo,0.0,0.2717374563217163,0.6684319972991943,0.059830550104379654,-0.21190690621733665,0.6684319972991943,Neutral
8151,2017-10-16 21:44:10,2017-10-16,21,Monday,#MeToo I am sorry to hear about all this I'm still not ready to speak out about my 2 assault encounters,#MeToo I am sorry to hear about all this I'm still not ready to speak out about my 2 assault encounters,0.0,0.0,ANDROID,#metoo,0.0,0.9135014414787292,0.08055135607719421,0.005947232246398926,-0.9075542092323303,0.9135014414787292,Negative
4007,2017-10-16 20:12:10,2017-10-16,20,Monday,"#MeToo

Haven<e2><80><99>t come across a powerful campaign like this in recent times. Just see for yourself how sexual... https://t.co/3LxMplG5C5",#MeToo Haven<e2><80><99>t come across a powerful campaign like this in recent times. Just see for yourself how sexual... https://t.co/3LxMplG5C5,0.0,1.0,Unknown,#metoo,0.0,0.25233349204063416,0.627062201499939,0.12060431391000748,-0.13172917813062668,0.627062201499939,Neutral
9069,2017-10-16 22:13:49,2017-10-16,22,Monday,"To all the men sharing stories of sexual assault and sexual harassment, thank you for your bravery to speak up. You are not alone. #MeToo","To all the men sharing stories of sexual assault and sexual harassment, thank you for your bravery to speak up. You are not alone. #MeToo",0.0,1.0,Unknown,#metoo,0.0,0.1657228171825409,0.38915199041366577,0.44512516260147095,0.27940234541893005,0.44512516260147095,Positive
7338,2017-10-16 20:56:49,2017-10-16,20,Monday,"By family, by teachers, by coworkers and bosses...and the list goes on.  #metoo","By family, by teachers, by coworkers and bosses...and the list goes on. #metoo",0.0,0.0,ANDROID,#metoo,0.0,0.4280170798301697,0.534629225730896,0.037353698164224625,-0.39066338166594505,0.534629225730896,Neutral
23601,2017-10-16 22:10:29,2017-10-16,22,Monday,#MuchLove #LasVegasStrongFever RT @hopesolo: Silence will not change the world! #MeToo https://t.co/OPqche7TNS,#MuchLove #LasVegasStrongFever RT @hopesolo: Silence will not change the world! #MeToo https://t.co/OPqche7TNS,0.0,0.0,Unknown,#metoo,0.0,0.017299341037869453,0.1940053552389145,0.7886953353881836,0.7713959943503141,0.7886953353881836,Positive
26579,2017-10-16 23:03:54,2017-10-16,23,Monday,#MeToo Happened @ 3 lrg companies. 1. Blamed &amp; threatened me 2. Asked me 2 leave &amp; offered payout w/gag order. 3. Retaliated after I rpt'd,#MeToo Happened @ 3 lrg companies. 1. Blamed &amp; threatened me 2. Asked me 2 leave &amp; offered payout w/gag order. 3. Retaliated after I rpt'd,0.0,1.0,ANDROID,#metoo,0.0,0.8761729598045349,0.11775416135787964,0.006072768941521645,-0.8701001908630133,0.8761729598045349,Negative
21984,2017-10-16 21:15:57,2017-10-16,21,Monday,My #MeToo experience is sadly typical' https://t.co/rZYyYYkiJO,My #MeToo experience is sadly typical' https://t.co/rZYyYYkiJO,0.0,0.0,Unknown,#metoo,0.0,0.881443440914154,0.11317040026187897,0.005386249162256718,-0.8760571917518973,0.881443440914154,Negative
9727,2017-10-16 22:36:25,2017-10-16,22,Monday,Alyssa Milano<e2><80><99>s #MeToo hashtag sheds light on sexual assault https://t.co/sGzNJdQmIf,Alyssa Milano<e2><80><99>s #MeToo hashtag sheds light on sexual assault https://t.co/sGzNJdQmIf,0.0,0.0,WEB,#metoo,0.0,0.5414851307868958,0.44341838359832764,0.015096490271389484,-0.5263886405155063,0.5414851307868958,Negative
26381,2017-10-16 23:13:03,2017-10-16,23,Monday,Freshman year a drunk guy tried to kiss me and follow me into my dorm so yeah #MeToo,Freshman year a drunk guy tried to kiss me and follow me into my dorm so yeah #MeToo,0.0,2.0,ANDROID,#metoo,0.0,0.49807676672935486,0.4623388350009918,0.03958434611558914,-0.4584924206137657,0.49807676672935486,Negative
24821,2017-10-16 19:26:21,2017-10-16,19,Monday,@thehill This bastard needs to go down! Next..?! #MeToo,@thehill This bastard needs to go down! Next..?! #MeToo,0.0,2.0,ANDROID,#metoo,0.0,0.9418981671333313,0.05012490227818489,0.007976969704031944,-0.9339211974292994,0.9418981671333313,Negative
15499,2017-10-16 19:33:37,2017-10-16,19,Monday,Working in a store where all the employees are female and having to endure some inappropriate male commentary #MeToo,Working in a store where all the employees are female and having to endure some inappropriate male commentary #MeToo,0.0,1.0,ANDROID,#metoo,0.0,0.624544084072113,0.3537885248661041,0.02166738547384739,-0.6028766985982656,0.624544084072113,Negative
17260,2017-10-16 21:17:47,2017-10-16,21,Monday,"#MeToo. What toxic environments we can live in, and what powerful forces of change we can be.","#MeToo. What toxic environments we can live in, and what powerful forces of change we can be.",1.0,4.0,IPHONE,#metoo,0.0,0.5029751658439636,0.4396567642688751,0.05736805498600006,-0.44560711085796356,0.5029751658439636,Negative
18694,2017-10-16 20:49:16,2017-10-16,20,Monday,"#metoo 

Too many stories, too little space.","#metoo Too many stories, too little space.",0.0,6.0,IPHONE,#metoo,0.0,0.6823665499687195,0.30624303221702576,0.011390451341867447,-0.670976098626852,0.6823665499687195,Negative
6313,2017-10-16 19:04:06,2017-10-16,19,Monday,I've seen dozens of #metoo posts from my female friends today. It is sad. Period!,I've seen dozens of #metoo posts from my female friends today. It is sad. Period!,0.0,0.0,IPHONE,#metoo,0.0,0.9303382635116577,0.06412085145711899,0.005540895741432905,-0.9247973677702248,0.9303382635116577,Negative
23389,2017-10-16 22:52:47,2017-10-16,22,Monday,Me too #MeToo,Me too #MeToo,0.0,0.0,ANDROID,#metoo,0.0,0.07976878434419632,0.6041861772537231,0.31604501605033875,0.23627623170614243,0.6041861772537231,Neutral
24137,2017-10-16 23:54:19,2017-10-16,23,Monday,#metoo i don't know a single woman who hasn't experienced sexual harassment or assault. enough is enough. https://t.co/uevfwvnoKm,#metoo i don't know a single woman who hasn't experienced sexual harassment or assault. enough is enough. https://t.co/uevfwvnoKm,0.0,0.0,WEB,#metoo,0.0,0.8869606852531433,0.1051110327243805,0.007928217761218548,-0.8790324674919248,0.8869606852531433,Negative
5212,2017-10-16 21:40:34,2017-10-16,21,Monday,We fight so no more children have to say #MeToo,We fight so no more children have to say #MeToo,2.0,8.0,IPHONE,#metoo,0.0,0.4646841287612915,0.443115234375,0.09220064431428909,-0.3724834844470024,0.4646841287612915,Negative
7157,2017-10-16 20:14:01,2017-10-16,20,Monday,"@Alyssa_Milano @Alyssa_Milano #MeToo ... we should all talk about this, stand up and ensure no one has to say<e2><80><a6> https://t.co/XFrrXbZ2h8","@Alyssa_Milano @Alyssa_Milano #MeToo ... we should all talk about this, stand up and ensure no one has to say<e2><80><a6> https://t.co/XFrrXbZ2h8",0.0,0.0,ANDROID,#metoo,0.0,0.15216006338596344,0.7014292478561401,0.14641062915325165,-0.005749434232711792,0.7014292478561401,Neutral
10642,2017-10-16 23:20:50,2017-10-16,23,Monday,"When we free our voices, we free ourselves

#MeToo https://t.co/eoR2v4Q034","When we free our voices, we free ourselves #MeToo https://t.co/eoR2v4Q034",1.0,1.0,Unknown,#metoo,0.0,0.011724680662155151,0.43871283531188965,0.5495625138282776,0.5378378331661224,0.5495625138282776,Positive
26519,2017-10-16 21:37:49,2017-10-16,21,Monday,"@Alyssa_Milano Oh, yes. #MeToo","@Alyssa_Milano Oh, yes. #MeToo",0.0,0.0,WEB,#metoo,0.0,0.0160499420017004,0.33749625086784363,0.6464537978172302,0.6304038558155298,0.6464537978172302,Positive
17765,2017-10-16 23:35:50,2017-10-16,23,Monday,A Conservative Comedian Just Made A Sexist <e2><80><9c>Joke<e2><80><9d> Amid #MeToo And Quickly Paid For It https://t.co/WCKi2svu0H https://t.co/WCKi2svu0H,A Conservative Comedian Just Made A Sexist <e2><80><9c>Joke<e2><80><9d> Amid #MeToo And Quickly Paid For It https://t.co/WCKi2svu0H https://t.co/WCKi2svu0H,0.0,0.0,Unknown,#metoo,0.0,0.5272320508956909,0.4432544410228729,0.029513465240597725,-0.4977185856550932,0.5272320508956909,Negative
25745,2017-10-16 19:03:01,2017-10-16,19,Monday,Got a call in my campus house from guy saying he was watching me. Security guys thought I was overreacting for wanting an escort. #MeToo,Got a call in my campus house from guy saying he was watching me. Security guys thought I was overreacting for wanting an escort. #MeToo,0.0,1.0,ANDROID,#metoo,0.0,0.4359060227870941,0.5258011817932129,0.03829279914498329,-0.3976132236421108,0.5258011817932129,Neutral
25716,2017-10-16 22:23:13,2017-10-16,22,Monday,#MeToo im tired of humans using gifts for nothing. I'm blessed to have woken I'm blessed to be able to walk in the<e2><80><a6> https://t.co/EMuEeWorZN,#MeToo im tired of humans using gifts for nothing. I'm blessed to have woken I'm blessed to be able to walk in the<e2><80><a6> https://t.co/EMuEeWorZN,0.0,0.0,ANDROID,#metoo,0.0,0.17635922133922577,0.2785908579826355,0.5450499057769775,0.36869068443775177,0.5450499057769775,Positive
10835,2017-10-16 20:29:30,2017-10-16,20,Monday,#MeToo floods Twitter thanks to Alyssa Milano via @BuzzSumo https://t.co/PP4qR3ARZE,#MeToo floods Twitter thanks to Alyssa Milano via @BuzzSumo https://t.co/PP4qR3ARZE,0.0,0.0,WEB,#metoo,0.0,0.018900904804468155,0.723249614238739,0.25784942507743835,0.2389485202729702,0.723249614238739,Neutral
19106,2017-10-16 20:14:27,2017-10-16,20,Monday,@Mitchekie No problem darling. Your prince stands with you. &lt;3 #MeToo,@Mitchekie No problem darling. Your prince stands with you. &lt;3 #MeToo,0.0,1.0,ANDROID,#metoo,0.0,0.004982490558177233,0.05283774808049202,0.9421797394752502,0.937197248917073,0.9421797394752502,Positive
8981,2017-10-16 21:40:56,2017-10-16,21,Monday,"#MeToo
 I don't know a Woman who doesn't have an assault story.
You are not alone!",#MeToo I don't know a Woman who doesn't have an assault story. You are not alone!,0.0,2.0,ANDROID,#metoo,0.0,0.4986097812652588,0.40827858448028564,0.09311168640851974,-0.40549809485673904,0.4986097812652588,Negative
7424,2017-10-16 19:38:45,2017-10-16,19,Monday,"Laughed it off as nobody else took it seriously, but if I was physically weaker or smaller, both times would have been much worse #MeToo","Laughed it off as nobody else took it seriously, but if I was physically weaker or smaller, both times would have been much worse #MeToo",0.0,0.0,IPHONE,#metoo,0.0,0.8135666251182556,0.16046223044395447,0.025971105322241783,-0.7875955197960138,0.8135666251182556,Negative
15464,2017-10-16 20:01:41,2017-10-16,20,Monday,@Lonestarmomcom @TrueFactsStated @VeeSally @CheriJacobus @Zigmanfreud #MeToo 50% white women voted for<e2><80><a6> https://t.co/DgqSSdxcOI,@Lonestarmomcom @TrueFactsStated @VeeSally @CheriJacobus @Zigmanfreud #MeToo 50% white women voted for<e2><80><a6> https://t.co/DgqSSdxcOI,0.0,0.0,IPHONE,#metoo,0.0,0.06266346573829651,0.8818067908287048,0.05552969127893448,-0.00713377445936203,0.8818067908287048,Neutral
13962,2017-10-16 21:26:17,2017-10-16,21,Monday,@WhiteHouse How about @POTUS joins the rest of America in supporting the #MeToo campaign. No? #OfCourseNot,@WhiteHouse How about @POTUS joins the rest of America in supporting the #MeToo campaign. No? #OfCourseNot,0.0,0.0,ANDROID,#metoo,0.0,0.13815076649188995,0.7406134009361267,0.12123586237430573,-0.01691490411758423,0.7406134009361267,Neutral
420,2017-10-16 20:10:10,2017-10-16,20,Monday,"#MeToo yes it happens to men too. While training to be a chef, my Chef instructor told me ""Mmm just where Apprentices belong.On their knees""","#MeToo yes it happens to men too. While training to be a chef, my Chef instructor told me ""Mmm just where Apprentices belong.On their knees""",0.0,7.0,ANDROID,#metoo,0.0,0.3219631612300873,0.5836432576179504,0.09439357370138168,-0.2275695875287056,0.5836432576179504,Neutral
3303,2017-10-16 20:28:23,2017-10-16,20,Monday,#metoo. I'd like to find a woman who HASN'T been sexually assaulted in some way. Feel they are few and far between.,#metoo. I'd like to find a woman who HASN'T been sexually assaulted in some way. Feel they are few and far between.,0.0,1.0,Unknown,#metoo,0.0,0.5562769174575806,0.38594406843185425,0.05777896195650101,-0.49849795550107956,0.5562769174575806,Negative
4838,2017-10-16 22:00:12,2017-10-16,22,Monday,How Alyssa Milano's #metoo hashtag sparked thousands of responses  https://t.co/80HvGdPepv https://t.co/8kbeT32Sv3,How Alyssa Milano's #metoo hashtag sparked thousands of responses https://t.co/80HvGdPepv https://t.co/8kbeT32Sv3,0.0,10.0,Unknown,#metoo,0.0,0.0650404542684555,0.8878961801528931,0.04706336185336113,-0.017977092415094376,0.8878961801528931,Neutral
3140,2017-10-16 21:15:29,2017-10-16,21,Monday,Me too. #MeToo,Me too. #MeToo,0.0,1.0,IPHONE,#metoo,0.0,0.06320705264806747,0.5410102605819702,0.3957826495170593,0.33257559686899185,0.5410102605819702,Neutral
4022,2017-10-16 20:41:33,2017-10-16,20,Monday,I always wish I trusted my gut to go to the cops the next morning but I was told <e2><80><9c>not to ruin his life<e2><80><9d> and <e2><80><9c>rape is a strong word<e2><80><9d> #MeToo,I always wish I trusted my gut to go to the cops the next morning but I was told <e2><80><9c>not to ruin his life<e2><80><9d> and <e2><80><9c>rape is a strong word<e2><80><9d> #MeToo,10.0,55.0,IPHONE,#metoo,0.0,0.7235530018806458,0.2509463131427765,0.025500629097223282,-0.6980523727834225,0.7235530018806458,Negative
15114,2017-10-16 19:52:01,2017-10-16,19,Monday,You're the best @melanielynskey and any director would be so honored to work with you. <e2><9d><a4><ef><b8><8f>#MeToo https://t.co/YXlBCbT78x,You're the best @melanielynskey and any director would be so honored to work with you. <e2><9d><a4><ef><b8><8f>#MeToo https://t.co/YXlBCbT78x,0.0,2.0,IPHONE,#metoo,1.0,0.004477451555430889,0.01622443087399006,0.9792981147766113,0.9748206632211804,0.9792981147766113,Positive
22436,2017-10-16 20:26:36,2017-10-16,20,Monday,"When I was 14, a boy raped me. The cops didn't want to press charges because ""it'll ruin his hockey career"".. but it ruined me.  #metoo","When I was 14, a boy raped me. The cops didn't want to press charges because ""it'll ruin his hockey career"".. but it ruined me. #metoo",1.0,5.0,ANDROID,#metoo,0.0,0.9072127342224121,0.08726397156715393,0.005523232277482748,-0.9016895019449294,0.9072127342224121,Negative
8253,2017-10-16 23:22:32,2017-10-16,23,Monday,"Ahhh shit didn<e2><80><99>t know this was thing but..
#MeToo 

Times that shit by 20 for me, that<e2><80><99>s how often it has occurred https://t.co/xdsEDbq0bT","Ahhh shit didn<e2><80><99>t know this was thing but.. #MeToo Times that shit by 20 for me, that<e2><80><99>s how often it has occurred https://t.co/xdsEDbq0bT",0.0,11.0,IPHONE,#metoo,0.0,0.8816791772842407,0.10340163111686707,0.014919114299118519,-0.8667600629851222,0.8816791772842407,Negative
14063,2017-10-16 21:18:08,2017-10-16,21,Monday,I'm exhausted by the conversation around #metoo being about how women are either doing it wrong or not enough. Exhausted.,I'm exhausted by the conversation around #metoo being about how women are either doing it wrong or not enough. Exhausted.,0.0,4.0,WEB,#metoo,0.0,0.9158743619918823,0.07831872254610062,0.0058068521320819855,-0.9100675098598003,0.9158743619918823,Negative
9093,2017-10-16 19:25:11,2017-10-16,19,Monday,I spent my life mosty drunk and stupid and that hurts someone else.#metoo,I spent my life mosty drunk and stupid and that hurts someone else.#metoo,0.0,0.0,Unknown,#metoo,0.0,0.9259037375450134,0.06789474934339523,0.006201491225510836,-0.9197022463195026,0.9259037375450134,Negative
15649,2017-10-16 22:21:46,2017-10-16,22,Monday,@cb_johns Hosea #metoo fear lead to sex after marriage but still as hurtful <e2><9d><a4><ef><b8><8f>,@cb_johns Hosea #metoo fear lead to sex after marriage but still as hurtful <e2><9d><a4><ef><b8><8f>,0.0,0.0,IPHONE,#metoo,1.0,0.7919729351997375,0.19871392846107483,0.009313094429671764,-0.7826598407700658,0.7919729351997375,Negative
14748,2017-10-16 22:54:06,2017-10-16,22,Monday,@Alyssa_Milano I'm an Army Veteran #MeToo,@Alyssa_Milano I'm an Army Veteran #MeToo,1.0,7.0,ANDROID,#metoo,0.0,0.03653617948293686,0.7882976531982422,0.17516617476940155,0.1386299952864647,0.7882976531982422,Neutral
22071,2017-10-16 19:55:11,2017-10-16,19,Monday,"#MeToo 

It's sad that moms need to have this talk with their daughters.

Proudly raising my son as a feminist. https://t.co/nTXfFCLhbr",#MeToo It's sad that moms need to have this talk with their daughters. Proudly raising my son as a feminist. https://t.co/nTXfFCLhbr,0.0,2.0,IPHONE,#metoo,0.0,0.5937076807022095,0.3146081268787384,0.09168419986963272,-0.5020234808325768,0.5937076807022095,Negative
23143,2017-10-16 21:20:56,2017-10-16,21,Monday,"I get the #MeToo thing, I do. But it's not that men don't see the multitude of the problem it's that so many of them choose to look away .","I get the #MeToo thing, I do. But it's not that men don't see the multitude of the problem it's that so many of them choose to look away .",0.0,1.0,IPHONE,#metoo,0.0,0.5500538945198059,0.42404255270957947,0.025903502479195595,-0.5241503920406103,0.5500538945198059,Negative
9797,2017-10-16 20:44:14,2017-10-16,20,Monday,"#MeToo 
S/O out to my friends who have been amazing the past few months. Wouldn<e2><80><99>t be as strong as I am today without you.<e2><9d><a4><ef><b8><8f>",#MeToo S/O out to my friends who have been amazing the past few months. Wouldn<e2><80><99>t be as strong as I am today without you.<e2><9d><a4><ef><b8><8f>,0.0,1.0,IPHONE,#metoo,1.0,0.01182121317833662,0.03372063860297203,0.9544581770896912,0.9426369639113545,0.9544581770896912,Positive
23155,2017-10-16 20:39:37,2017-10-16,20,Monday,"#MeToo, thankfully, does not include me, however, it includes a countless number of women(and men) that I have... https://t.co/yEcdh8jenf","#MeToo, thankfully, does not include me, however, it includes a countless number of women(and men) that I have... https://t.co/yEcdh8jenf",0.0,0.0,Unknown,#metoo,0.0,0.05366821959614754,0.45161426067352295,0.4947175085544586,0.4410492889583111,0.4947175085544586,Positive
15995,2017-10-16 22:45:50,2017-10-16,22,Monday,"Every time someone I know uses the #metoo hashtag, a tiny voice in me cries out in anger and shame. I really am sorry. We should be better.","Every time someone I know uses the #metoo hashtag, a tiny voice in me cries out in anger and shame. I really am sorry. We should be better.",0.0,2.0,IPHONE,#metoo,0.0,0.9394385814666748,0.05485595762729645,0.0057054730132222176,-0.9337331084534526,0.9394385814666748,Negative
25435,2017-10-16 20:13:10,2017-10-16,20,Monday,Being followed down the street having my arse felt up or smacked or commented upon. Being described as 'obviously up for it'. #MeToo,Being followed down the street having my arse felt up or smacked or commented upon. Being described as 'obviously up for it'. #MeToo,0.0,1.0,IPHONE,#metoo,0.0,0.7702388167381287,0.21328026056289673,0.016480889171361923,-0.7537579275667667,0.7702388167381287,Negative
4507,2017-10-16 20:21:13,2017-10-16,20,Monday,"I was kidnapped and raped for 5 yrs by my father and the California courts dissolved my case because ""Who waits 5yrs to get out"" #MeToo","I was kidnapped and raped for 5 yrs by my father and the California courts dissolved my case because ""Who waits 5yrs to get out"" #MeToo",0.0,2.0,IPHONE,#metoo,0.0,0.9269953370094299,0.06851792335510254,0.00448667211458087,-0.9225086648948491,0.9269953370094299,Negative
17932,2017-10-16 20:02:26,2017-10-16,20,Monday,"#metoo
Twice",#metoo Twice,0.0,0.0,ANDROID,#metoo,0.0,0.0792011022567749,0.8150357007980347,0.10576324164867401,0.02656213939189911,0.8150357007980347,Neutral
12950,2017-10-16 21:36:44,2017-10-16,21,Monday,Here are my experiences: #MeToo,Here are my experiences: #MeToo,0.0,1.0,IPHONE,#metoo,0.0,0.04185965284705162,0.8682451844215393,0.0898951068520546,0.048035454005002975,0.8682451844215393,Neutral
9179,2017-10-16 23:56:34,2017-10-16,23,Monday,"#metoo 
And judging by my FB feed, damn near every woman, and at least half the men I know.
""No"" is imperative. 
Consent is revocable.","#metoo And judging by my FB feed, damn near every woman, and at least half the men I know. ""No"" is imperative. Consent is revocable.",0.0,1.0,ANDROID,#metoo,0.0,0.46634840965270996,0.4935738742351532,0.04007766768336296,-0.426270741969347,0.4935738742351532,Neutral
27924,2017-10-16 23:44:40,2017-10-16,23,Monday,don<e2><80><99>t even get me started on what happens to Hooters waitresses #MeToo,don<e2><80><99>t even get me started on what happens to Hooters waitresses #MeToo,0.0,0.0,IPHONE,#metoo,0.0,0.8043644428253174,0.18508833646774292,0.010547257028520107,-0.7938171857967973,0.8043644428253174,Negative
5110,2017-10-16 22:26:26,2017-10-16,22,Monday,#MeToo   We are in this together,#MeToo We are in this together,0.0,0.0,IPHONE,#metoo,0.0,0.07348093390464783,0.3952816128730774,0.5312374234199524,0.45775648951530457,0.5312374234199524,Positive
4263,2017-10-16 19:15:33,2017-10-16,19,Monday,This is a beautiful Tribute to First Nation Women! #MeToo! https://t.co/FxK7Iym0AD,This is a beautiful Tribute to First Nation Women! #MeToo! https://t.co/FxK7Iym0AD,0.0,0.0,Unknown,#metoo,0.0,0.003682626411318779,0.014011532999575138,0.9823058247566223,0.9786231983453035,0.9823058247566223,Positive
7237,2017-10-16 21:56:34,2017-10-16,21,Monday,"Sexually harassed at 5 jobs, the latest happening a few months ago. Stalked by co-worker and groped by 3 hands in one night at a club #MeToo","Sexually harassed at 5 jobs, the latest happening a few months ago. Stalked by co-worker and groped by 3 hands in one night at a club #MeToo",0.0,1.0,ANDROID,#metoo,0.0,0.8672428727149963,0.12389615178108215,0.008860994130373001,-0.8583818785846233,0.8672428727149963,Negative
11410,2017-10-16 23:48:46,2017-10-16,23,Monday,"What do a priest, a fireman and a babysitter have in common? I had to forgive them to move on with my life. #MeToo","What do a priest, a fireman and a babysitter have in common? I had to forgive them to move on with my life. #MeToo",0.0,0.0,ANDROID,#metoo,0.0,0.20758947730064392,0.690355658531189,0.1020549014210701,-0.10553457587957382,0.690355658531189,Neutral
26683,2017-10-16 23:13:57,2017-10-16,23,Monday,Do me a favor and take down that #MeToo when you voted for the same behavior to lead the nation! #HarveyWeinstein<e2><80><a6> https://t.co/lDBTlDbn78,Do me a favor and take down that #MeToo when you voted for the same behavior to lead the nation! #HarveyWeinstein<e2><80><a6> https://t.co/lDBTlDbn78,0.0,2.0,IPHONE,#metoo,0.0,0.7606632709503174,0.22037307918071747,0.018963666632771492,-0.7416996043175459,0.7606632709503174,Negative
701,2017-10-16 22:57:42,2017-10-16,22,Monday,Well said <ed><a0><bd><ed><b1><8c><ed><a0><bc><ed><bf><bc> #MeToo https://t.co/DoSre0cNtd,Well said <ed><a0><bd><ed><b1><8c><ed><a0><bc><ed><bf><bc> #MeToo https://t.co/DoSre0cNtd,0.0,1.0,IPHONE,#metoo,2.0,0.037133678793907166,0.432000070810318,0.5308662056922913,0.4937325268983841,0.5308662056922913,Positive
4977,2017-10-16 19:23:33,2017-10-16,19,Monday,"#MeToo finally seeing I'm not alone in this, it is not OK to force someone to anything, seeing since I was little the harassment to women...","#MeToo finally seeing I'm not alone in this, it is not OK to force someone to anything, seeing since I was little the harassment to women...",0.0,1.0,ANDROID,#metoo,0.0,0.8095451593399048,0.1757744699716568,0.014680380932986736,-0.794864778406918,0.8095451593399048,Negative
15520,2017-10-16 22:43:00,2017-10-16,22,Monday,"I was a child, a teenager, a young woman, a mother, a college, a friend, an acquaintance, a stranger, a public person ... #MeToo","I was a child, a teenager, a young woman, a mother, a college, a friend, an acquaintance, a stranger, a public person ... #MeToo",1.0,5.0,WEB,#metoo,0.0,0.07476109266281128,0.86197829246521,0.06326058506965637,-0.011500507593154907,0.86197829246521,Neutral
9167,2017-10-16 22:52:35,2017-10-16,22,Monday,Harassed by professors then covered up and denied by school #metoo,Harassed by professors then covered up and denied by school #metoo,0.0,0.0,Unknown,#metoo,0.0,0.8467387557029724,0.14493800699710846,0.008323251269757748,-0.8384155044332147,0.8467387557029724,Negative
511,2017-10-16 22:42:43,2017-10-16,22,Monday,"@Alyssa_Milano #metoo at work, at school, socially, sadly, #methree, #mefour, #melastweek","@Alyssa_Milano #metoo at work, at school, socially, sadly, #methree, #mefour, #melastweek",0.0,0.0,IPHONE,#metoo,0.0,0.8240604996681213,0.16687831282615662,0.009061199612915516,-0.8149993000552058,0.8240604996681213,Negative
10477,2017-10-16 22:42:10,2017-10-16,22,Monday,So I guess... #MeToo but my friends and I beat his ass so I'm not the least bit upset by it anymore. I can only hope they learn,So I guess... #MeToo but my friends and I beat his ass so I'm not the least bit upset by it anymore. I can only hope they learn,0.0,0.0,ANDROID,#metoo,0.0,0.633941113948822,0.3036927282810211,0.06236612796783447,-0.5715749859809875,0.633941113948822,Negative
17359,2017-10-16 23:14:49,2017-10-16,23,Monday,"#MeToo after I was able to escape my assulter, he married. He is now in jail for slowly using rat poison to kill his wife. She's blind.","#MeToo after I was able to escape my assulter, he married. He is now in jail for slowly using rat poison to kill his wife. She's blind.",0.0,0.0,ANDROID,#metoo,0.0,0.9208058714866638,0.0742482841014862,0.004945798777043819,-0.91586007270962,0.9208058714866638,Negative
12618,2017-10-16 23:54:41,2017-10-16,23,Monday,I was raped at 11-12 years old multiple times by someone who was close to me. He received a few years probation for what he had done. #metoo,I was raped at 11-12 years old multiple times by someone who was close to me. He received a few years probation for what he had done. #metoo,0.0,1.0,IPHONE,#metoo,0.0,0.8401462435722351,0.15257783234119415,0.007275901734828949,-0.8328703418374062,0.8401462435722351,Negative
6503,2017-10-16 19:17:32,2017-10-16,19,Monday,"I don't owe you my story,  but I deserve the chance to raise awareness so it doesn't happen again #metoo","I don't owe you my story, but I deserve the chance to raise awareness so it doesn't happen again #metoo",0.0,0.0,ANDROID,#metoo,0.0,0.5182454586029053,0.4389781951904297,0.04277633875608444,-0.47546911984682083,0.5182454586029053,Negative
5558,2017-10-16 23:04:38,2017-10-16,23,Monday,@briangantt1 Type in #MeToo in a search and you will be up to speed,@briangantt1 Type in #MeToo in a search and you will be up to speed,0.0,0.0,IPHONE,#metoo,0.0,0.023146651685237885,0.8539615869522095,0.12289183586835861,0.09974518418312073,0.8539615869522095,Neutral
14451,2017-10-16 21:27:12,2017-10-16,21,Monday,"in case #metoo is triggering you...this might help...

Go to your notifications, press 'SETTINGS' and... https://t.co/4ffoXbx9NA","in case #metoo is triggering you...this might help... Go to your notifications, press 'SETTINGS' and... https://t.co/4ffoXbx9NA",23.0,26.0,WEB,#metoo,0.0,0.06146477162837982,0.8297699093818665,0.10876528918743134,0.047300517559051514,0.8297699093818665,Neutral
8055,2017-10-16 22:37:17,2017-10-16,22,Monday,My ex drugged me and assaulted me often. One of my old bosses groped me every day I worked. Customers and strangers harass me daily. #MeToo,My ex drugged me and assaulted me often. One of my old bosses groped me every day I worked. Customers and strangers harass me daily. #MeToo,0.0,0.0,ANDROID,#metoo,0.0,0.9209738373756409,0.0728195309638977,0.006206650286912918,-0.914767187088728,0.9209738373756409,Negative
4169,2017-10-16 21:30:35,2017-10-16,21,Monday,Sexual harassment: In junior high. In high school. In the community. At a summer job. And more. #MeToo,Sexual harassment: In junior high. In high school. In the community. At a summer job. And more. #MeToo,0.0,1.0,WEB,#metoo,0.0,0.7632312774658203,0.2234874814748764,0.01328128483146429,-0.749949992634356,0.7632312774658203,Negative
9776,2017-10-16 19:38:59,2017-10-16,19,Monday,But let's not forget tht #metoo can also include men. Stigma surrounding masculinity can make it just as hard for m<e2><80><a6> https://t.co/62tPiUdtrQ,But let's not forget tht #metoo can also include men. Stigma surrounding masculinity can make it just as hard for m<e2><80><a6> https://t.co/62tPiUdtrQ,1.0,11.0,IPHONE,#metoo,0.0,0.5753486156463623,0.4054363965988159,0.019215013831853867,-0.5561336018145084,0.5753486156463623,Negative
11650,2017-10-16 20:01:14,2017-10-16,20,Monday,"#MeToo - if you have a cell phone, please record and shame the offender on social media. We require our policemen to wear body cams. Useful.","#MeToo - if you have a cell phone, please record and shame the offender on social media. We require our policemen to wear body cams. Useful.",0.0,0.0,WEB,#metoo,0.0,0.25048205256462097,0.5467779040336609,0.20274004340171814,-0.04774200916290283,0.5467779040336609,Neutral
9742,2017-10-16 19:21:17,2017-10-16,19,Monday,@Alyssa_Milano All of these women too... will you finally stand up for them? #MeToo https://t.co/hXn8KnyVAH,@Alyssa_Milano All of these women too... will you finally stand up for them? #MeToo https://t.co/hXn8KnyVAH,0.0,0.0,WEB,#metoo,0.0,0.403316855430603,0.5482509732246399,0.04843219742178917,-0.35488465800881386,0.5482509732246399,Neutral
12174,2017-10-16 21:06:06,2017-10-16,21,Monday,"I had to run out of a 'friend's' house once after begging him to let me go, I had red hand marks around my neck. #MeToo","I had to run out of a 'friend's' house once after begging him to let me go, I had red hand marks around my neck. #MeToo",0.0,0.0,IPHONE,#metoo,0.0,0.8442041277885437,0.14566604793071747,0.010129815898835659,-0.834074311889708,0.8442041277885437,Negative
19672,2017-10-16 20:48:39,2017-10-16,20,Monday,"Ironically #metoo shows how many people, not how often. It's time to put an end this. #neveragainnotme","Ironically #metoo shows how many people, not how often. It's time to put an end this. #neveragainnotme",1.0,1.0,IPHONE,#metoo,0.0,0.8432645797729492,0.14965935051441193,0.00707609485834837,-0.8361884849146008,0.8432645797729492,Negative
11291,2017-10-16 21:55:14,2017-10-16,21,Monday,#MeToo enough said,#MeToo enough said,0.0,3.0,IPHONE,#metoo,0.0,0.26640111207962036,0.6186831593513489,0.11491578072309494,-0.15148533135652542,0.6186831593513489,Neutral
14973,2017-10-16 20:37:08,2017-10-16,20,Monday,"You are not alone, #metoo https://t.co/pbMi2fL8i5","You are not alone, #metoo https://t.co/pbMi2fL8i5",0.0,2.0,IPHONE,#metoo,0.0,0.10244511812925339,0.5705095529556274,0.32704535126686096,0.22460023313760757,0.5705095529556274,Neutral
28541,2017-10-16 19:18:08,2017-10-16,19,Monday,"#MeToo 

Sexual assault and abuse can happen to guys too - there<e2><80><99>s a stigma for us to be vocal about it that<e2><80><99>s the difference...",#MeToo Sexual assault and abuse can happen to guys too - there<e2><80><99>s a stigma for us to be vocal about it that<e2><80><99>s the difference...,0.0,4.0,IPHONE,#metoo,0.0,0.6605772972106934,0.325320839881897,0.014101812615990639,-0.6464754845947027,0.6605772972106934,Negative
2217,2017-10-16 22:17:28,2017-10-16,22,Monday,"The #Metoo hashtag is heartbreaking, but the fact that all of this shouldn<e2><80><99>t be news to anyone if you just pay attention","The #Metoo hashtag is heartbreaking, but the fact that all of this shouldn<e2><80><99>t be news to anyone if you just pay attention",0.0,1.0,Unknown,#metoo,0.0,0.896047830581665,0.09719493985176086,0.00675721513107419,-0.8892906154505908,0.896047830581665,Negative
10626,2017-10-16 20:33:43,2017-10-16,20,Monday,"Why can<e2><80><99>t men get that #MeToo is not ignoring that it happens to men also, and realize women are trying to draw attention to how 1/3","Why can<e2><80><99>t men get that #MeToo is not ignoring that it happens to men also, and realize women are trying to draw attention to how 1/3",3.0,8.0,IPHONE,#metoo,0.0,0.3800630569458008,0.5826188921928406,0.03731803968548775,-0.34274501726031303,0.5826188921928406,Neutral
25134,2017-10-16 21:32:16,2017-10-16,21,Monday,Sigh. #MeToo.,Sigh. #MeToo.,0.0,1.0,IPHONE,#metoo,0.0,0.628189742565155,0.32665467262268066,0.04515558481216431,-0.5830341577529907,0.628189742565155,Negative
22885,2017-10-16 21:43:28,2017-10-16,21,Monday,#metoo I still can<e2><80><99>t sleep in a room alone without having to check over 20 times that it<e2><80><99>s locked and inevitably having night terrors.,#metoo I still can<e2><80><99>t sleep in a room alone without having to check over 20 times that it<e2><80><99>s locked and inevitably having night terrors.,0.0,4.0,IPHONE,#metoo,0.0,0.875331461429596,0.1183115765452385,0.006356940139085054,-0.8689745212905109,0.875331461429596,Negative
27536,2017-10-16 20:36:18,2017-10-16,20,Monday,Not gonna lie. Seeing some of these #metoo posts from people I personally know and love is really messing me up. We have GOT to do better.,Not gonna lie. Seeing some of these #metoo posts from people I personally know and love is really messing me up. We have GOT to do better.,1.0,1.0,ANDROID,#metoo,0.0,0.9223851561546326,0.07101838290691376,0.006596454419195652,-0.9157887017354369,0.9223851561546326,Negative
10043,2017-10-16 21:27:20,2017-10-16,21,Monday,I'm sort of fascinated by a separate question: do I know any women who HAVEN'T been sexually harassed or assaulted? #MeToo,I'm sort of fascinated by a separate question: do I know any women who HAVEN'T been sexually harassed or assaulted? #MeToo,1.0,7.0,WEB,#metoo,0.0,0.2818332314491272,0.6492733955383301,0.06889338046312332,-0.21293985098600388,0.6492733955383301,Neutral
23514,2017-10-16 23:41:54,2017-10-16,23,Monday,#metoo because no one should feel alone,#metoo because no one should feel alone,0.0,0.0,IPHONE,#metoo,0.0,0.6747257709503174,0.3004126250743866,0.024861497804522514,-0.6498642731457949,0.6747257709503174,Negative
17476,2017-10-16 23:17:23,2017-10-16,23,Monday,Me too #MeToo #awareness #staysafe #sexualabuse #standupforsomething,Me too #MeToo #awareness #staysafe #sexualabuse #standupforsomething,0.0,0.0,ANDROID,#metoo,0.0,0.31248074769973755,0.5855534672737122,0.10196579992771149,-0.21051494777202606,0.5855534672737122,Neutral
13072,2017-10-16 19:09:19,2017-10-16,19,Monday,This probably isn<e2><80><99>t worded that well but here is my #metoo story https://t.co/IkylLOLId7,This probably isn<e2><80><99>t worded that well but here is my #metoo story https://t.co/IkylLOLId7,0.0,5.0,IPHONE,#metoo,0.0,0.36485806107521057,0.5994805097579956,0.03566145896911621,-0.32919660210609436,0.5994805097579956,Neutral
27117,2017-10-16 20:22:31,2017-10-16,20,Monday,#MeToo #WATCH WATCH #NEWS #Harveyweinstein Send the #Dirty #Fucker to #JAIL !! https://t.co/Nz4KiDnyVb @Channel4News @BBCNews @SkyNews,#MeToo #WATCH WATCH #NEWS #Harveyweinstein Send the #Dirty #Fucker to #JAIL !! https://t.co/Nz4KiDnyVb @Channel4News @BBCNews @SkyNews,0.0,0.0,WEB,#metoo,0.0,0.869479775428772,0.11928688734769821,0.011233306489884853,-0.8582464689388871,0.869479775428772,Negative
3221,2017-10-16 19:53:40,2017-10-16,19,Monday,#metoo I also have a story &amp; I hate it. A stranger who made me feel I was gonna die on that day. Please don't minimize women's experiences.,#metoo I also have a story &amp; I hate it. A stranger who made me feel I was gonna die on that day. Please don't minimize women's experiences.,0.0,0.0,ANDROID,#metoo,0.0,0.9516333341598511,0.04445085674524307,0.003915856126695871,-0.9477174780331552,0.9516333341598511,Negative
26754,2017-10-16 20:39:15,2017-10-16,20,Monday,"@Alyssa_Milano me, too #metoo","@Alyssa_Milano me, too #metoo",0.0,1.0,WEB,#metoo,0.0,0.053027525544166565,0.7800916433334351,0.16688083112239838,0.11385330557823181,0.7800916433334351,Neutral
9039,2017-10-16 19:21:11,2017-10-16,19,Monday,Reading some of these #MeToo posts is genuinely upsetting. I'm so sorry y'all had to experience all of that! None of you deserved that! <e2><9d><a4><ef><b8><8f>,Reading some of these #MeToo posts is genuinely upsetting. I'm so sorry y'all had to experience all of that! None of you deserved that! <e2><9d><a4><ef><b8><8f>,0.0,0.0,WEB,#metoo,1.0,0.9303402304649353,0.06382213532924652,0.005837554112076759,-0.9245026763528585,0.9303402304649353,Negative
1480,2017-10-16 21:48:37,2017-10-16,21,Monday,#MeToo. Out in the open. A much older man put his hand up my skirt as I walked to the train station. I was walking alongside a male friend.,#MeToo. Out in the open. A much older man put his hand up my skirt as I walked to the train station. I was walking alongside a male friend.,0.0,0.0,IPHONE,#metoo,0.0,0.1612209528684616,0.7791694402694702,0.05960969999432564,-0.10161125287413597,0.7791694402694702,Neutral
28161,2017-10-16 21:41:09,2017-10-16,21,Monday,"#MeToo did something revolutionary, @sophieGG writes https://t.co/NVcasfu7eM","#MeToo did something revolutionary, @sophieGG writes https://t.co/NVcasfu7eM",0.0,0.0,WEB,#metoo,0.0,0.006306941621005535,0.29119738936424255,0.7024956941604614,0.6961887525394559,0.7024956941604614,Positive
27722,2017-10-16 20:45:48,2017-10-16,20,Monday,The Movement of #MeToo https://t.co/XAkTZ99PUN,The Movement of #MeToo https://t.co/XAkTZ99PUN,0.0,0.0,Unknown,#metoo,0.0,0.022494865581393242,0.862466037273407,0.11503910273313522,0.09254423715174198,0.862466037273407,Neutral
22731,2017-10-16 21:12:22,2017-10-16,21,Monday,"While women are standing up and saying #MeToo, @rachelagiese wants the men responsible to step up and speak out
https://t.co/ek24tYFFfl","While women are standing up and saying #MeToo, @rachelagiese wants the men responsible to step up and speak out https://t.co/ek24tYFFfl",1.0,4.0,WEB,#metoo,0.0,0.09789544343948364,0.8212729692459106,0.08083159476518631,-0.017063848674297333,0.8212729692459106,Neutral
3566,2017-10-16 22:02:19,2017-10-16,22,Monday,#MeToo by several customers when I was an employee of @GameStopCorp,#MeToo by several customers when I was an employee of @GameStopCorp,0.0,0.0,IPHONE,#metoo,0.0,0.13895396888256073,0.8000319004058838,0.061014097183942795,-0.07793987169861794,0.8000319004058838,Neutral
24460,2017-10-16 22:33:04,2017-10-16,22,Monday,"One time I was held down by a boy at my friends house, while his friend proceeded to give me a typewriter and not let me up.. #metoo","One time I was held down by a boy at my friends house, while his friend proceeded to give me a typewriter and not let me up.. #metoo",0.0,0.0,IPHONE,#metoo,0.0,0.43690618872642517,0.5367420315742493,0.026351790875196457,-0.4105543978512287,0.5367420315742493,Neutral
1683,2017-10-16 23:28:04,2017-10-16,23,Monday,A Conservative Comedian Just Made A Sexist <e2><80><9c>Joke<e2><80><9d> Amid #MeToo And Quickly Paid For It https://t.co/VSDB6TSU24 https://t.co/VSDB6TSU24,A Conservative Comedian Just Made A Sexist <e2><80><9c>Joke<e2><80><9d> Amid #MeToo And Quickly Paid For It https://t.co/VSDB6TSU24 https://t.co/VSDB6TSU24,0.0,0.0,Unknown,#metoo,0.0,0.5272320508956909,0.4432544410228729,0.029513465240597725,-0.4977185856550932,0.5272320508956909,Negative
28439,2017-10-16 19:29:51,2017-10-16,19,Monday,"#MeToo 

Not just once.",#MeToo Not just once.,0.0,0.0,ANDROID,#metoo,0.0,0.3739802837371826,0.571598470211029,0.05442124232649803,-0.3195590414106846,0.571598470211029,Neutral
6054,2017-10-16 20:04:37,2017-10-16,20,Monday,I just scrolled thru ten consecutive #MeToo's on my FB. One of them is a very well-known magazine editor. Some of... https://t.co/gQWXRl38or,I just scrolled thru ten consecutive #MeToo's on my FB. One of them is a very well-known magazine editor. Some of... https://t.co/gQWXRl38or,0.0,0.0,Unknown,#metoo,0.0,0.026997191831469536,0.7115896344184875,0.2614131271839142,0.23441593535244465,0.7115896344184875,Neutral
2331,2017-10-16 19:02:55,2017-10-16,19,Monday,Sexual abuse survivors are tired of being silent. Love you all.  #MeToo #rapecultureisreal,Sexual abuse survivors are tired of being silent. Love you all. #MeToo #rapecultureisreal,0.0,1.0,ANDROID,#metoo,0.0,0.29453325271606445,0.3183463215827942,0.38712042570114136,0.0925871729850769,0.38712042570114136,Positive
27343,2017-10-16 20:14:11,2017-10-16,20,Monday,"We're not gonna take it
No, we ain't gonna take it
Oh we're not gonna take it anymore

#MeToo","We're not gonna take it No, we ain't gonna take it Oh we're not gonna take it anymore #MeToo",0.0,4.0,IPHONE,#metoo,0.0,0.8903020024299622,0.10059037804603577,0.009107614867389202,-0.881194387562573,0.8903020024299622,Negative
2726,2017-10-16 20:15:15,2017-10-16,20,Monday,"I couldn't be more proud of all the women who've bravely declared, ""Me too,"" or more disgusted that they needed to. #MeToo","I couldn't be more proud of all the women who've bravely declared, ""Me too,"" or more disgusted that they needed to. #MeToo",1.0,7.0,WEB,#metoo,0.0,0.05913517624139786,0.13030007481575012,0.8105648159980774,0.7514296397566795,0.8105648159980774,Positive
13892,2017-10-16 20:23:03,2017-10-16,20,Monday,The brilliant @robynlisaflynn explains it so well #MeToo https://t.co/Gt7YlkwLVF,The brilliant @robynlisaflynn explains it so well #MeToo https://t.co/Gt7YlkwLVF,0.0,0.0,WEB,#metoo,0.0,0.0032370665576308966,0.035660237073898315,0.9611026644706726,0.9578655979130417,0.9611026644706726,Positive
19576,2017-10-16 21:22:02,2017-10-16,21,Monday,"I love this hashtag (#MeToo), I<e2><80><99>m so sad we are living in an era where it<e2><80><99>s socially and ethically wrong to report sexual/emotional abuse.","I love this hashtag (#MeToo), I<e2><80><99>m so sad we are living in an era where it<e2><80><99>s socially and ethically wrong to report sexual/emotional abuse.",0.0,0.0,Unknown,#metoo,0.0,0.610202431678772,0.18606272339820862,0.20373478531837463,-0.40646764636039734,0.610202431678772,Negative
870,2017-10-16 23:17:41,2017-10-16,23,Monday,#MeToo - sadly it's almost like a rite of passage in this country. https://t.co/Cgtk6jfZOh,#MeToo - sadly it's almost like a rite of passage in this country. https://t.co/Cgtk6jfZOh,0.0,2.0,IPHONE,#metoo,0.0,0.8713940978050232,0.11859562993049622,0.010010209865868092,-0.8613838879391551,0.8713940978050232,Negative
25015,2017-10-16 22:35:47,2017-10-16,22,Monday,"@Mango1531 Yep. Worked at a popular club in ROC &amp; was groped. Never assumed I had a recourse, either. Just resigned<e2><80><a6> https://t.co/YaajbmiGfP","@Mango1531 Yep. Worked at a popular club in ROC &amp; was groped. Never assumed I had a recourse, either. Just resigned<e2><80><a6> https://t.co/YaajbmiGfP",0.0,1.0,IPHONE,#metoo,0.0,0.8155688047409058,0.1751408725976944,0.009290267713367939,-0.8062785370275378,0.8155688047409058,Negative
5771,2017-10-16 19:50:19,2017-10-16,19,Monday,"@KeeganAllen #MeToo My book, The Way The Wind Blows focuses on sexual Assult Awareness for men!","@KeeganAllen #MeToo My book, The Way The Wind Blows focuses on sexual Assult Awareness for men!",0.0,1.0,ANDROID,#metoo,0.0,0.017167873680591583,0.7664517760276794,0.21638034284114838,0.1992124691605568,0.7664517760276794,Neutral
25776,2017-10-16 22:45:30,2017-10-16,22,Monday,I don<e2><80><99>t think there is a woman on this planet who has never been AT LEAST sexually harassed #sad #metoo,I don<e2><80><99>t think there is a woman on this planet who has never been AT LEAST sexually harassed #sad #metoo,0.0,4.0,IPHONE,#metoo,0.0,0.8890596032142639,0.10024390369653702,0.010696541517972946,-0.878363061696291,0.8890596032142639,Negative
4167,2017-10-16 19:10:56,2017-10-16,19,Monday,"Sharing one of our #MeToo stories to help open the dialogue. To everyone afraid to speak up, we believe you. <ed><a0><bd><ed><b2><9e><e2><80><a6> https://t.co/UIUKfdobmF","Sharing one of our #MeToo stories to help open the dialogue. To everyone afraid to speak up, we believe you. <ed><a0><bd><ed><b2><9e><e2><80><a6> https://t.co/UIUKfdobmF",0.0,9.0,ANDROID,#metoo,1.0,0.018666159361600876,0.3654089570045471,0.6159248948097229,0.597258735448122,0.6159248948097229,Positive
26039,2017-10-16 22:42:13,2017-10-16,22,Monday,i didn't think i was going to post until #MeToo https://t.co/hpqDJUXLrk,i didn't think i was going to post until #MeToo https://t.co/hpqDJUXLrk,0.0,4.0,WEB,#metoo,0.0,0.38937026262283325,0.5782275795936584,0.03240208327770233,-0.3569681793451309,0.5782275795936584,Neutral
27330,2017-10-16 19:14:12,2017-10-16,19,Monday,"About #metoo...  speechless!!! 

#notbyme",About #metoo... speechless!!! #notbyme,0.0,0.0,IPHONE,#metoo,0.0,0.8849881291389465,0.1007828563451767,0.014229043386876583,-0.87075908575207,0.8849881291389465,Negative
22303,2017-10-16 21:27:54,2017-10-16,21,Monday,#MeToo is deeply disturbing. The share magnitude and prevalence. Deeply disturbing.,#MeToo is deeply disturbing. The share magnitude and prevalence. Deeply disturbing.,0.0,0.0,IPHONE,#metoo,0.0,0.9274513125419617,0.06702219694852829,0.005526494234800339,-0.9219248183071613,0.9274513125419617,Negative
17223,2017-10-16 19:03:07,2017-10-16,19,Monday,It's crazy how surprised men are about all these #metoo posts. It's almost like they don't even realize they're harassing and assaulting us!,It's crazy how surprised men are about all these #metoo posts. It's almost like they don't even realize they're harassing and assaulting us!,0.0,9.0,WEB,#metoo,0.0,0.9258321523666382,0.06780499964952469,0.00636284751817584,-0.9194693048484623,0.9258321523666382,Negative
27990,2017-10-16 21:00:57,2017-10-16,21,Monday,"Chances are if you<e2><80><99>ve done it to me and got away with it, then I<e2><80><99>m not the only one. You<e2><80><99>ll be caught next time #metoo","Chances are if you<e2><80><99>ve done it to me and got away with it, then I<e2><80><99>m not the only one. You<e2><80><99>ll be caught next time #metoo",50.0,231.0,Unknown,#metoo,0.0,0.859853982925415,0.12943163514137268,0.010714376345276833,-0.8491396065801382,0.859853982925415,Negative
23720,2017-10-16 20:14:16,2017-10-16,20,Monday,"#metoo waking to seeing a family member on top of you as a kid.
Seeing them on top of you for the next 5 years.
Being told I deserved it.",#metoo waking to seeing a family member on top of you as a kid. Seeing them on top of you for the next 5 years. Being told I deserved it.,0.0,2.0,IPHONE,#metoo,0.0,0.04292302206158638,0.44967570900917053,0.5074012875556946,0.4644782654941082,0.5074012875556946,Positive
5777,2017-10-16 19:03:49,2017-10-16,19,Monday,#metoo ....no one believed me though.,#metoo ....no one believed me though.,0.0,0.0,IPHONE,#metoo,0.0,0.8256829977035522,0.1653260737657547,0.008990954607725143,-0.8166920430958271,0.8256829977035522,Negative
17582,2017-10-16 23:03:44,2017-10-16,23,Monday,"Yeah, #MeToo","Yeah, #MeToo",0.0,0.0,ANDROID,#metoo,0.0,0.049993786960840225,0.4349258840084076,0.5150803327560425,0.46508654579520226,0.5150803327560425,Positive
23715,2017-10-16 22:50:08,2017-10-16,22,Monday,Just the tip of the iceberg... #metoo,Just the tip of the iceberg... #metoo,0.0,0.0,IPHONE,#metoo,0.0,0.7666012644767761,0.21916115283966064,0.014237549155950546,-0.7523637153208256,0.7666012644767761,Negative
21967,2017-10-16 22:32:11,2017-10-16,22,Monday,"@masterson__ Showing love for the many people who<e2><80><99>ve been through it, myself include. #metoo","@masterson__ Showing love for the many people who<e2><80><99>ve been through it, myself include. #metoo",1.0,5.0,IPHONE,#metoo,0.0,0.019275782629847527,0.13348998129367828,0.8472342491149902,0.8279584664851427,0.8472342491149902,Positive
16813,2017-10-16 23:47:03,2017-10-16,23,Monday,"@Alyssa_Milano #MeToo, and you never forget, even surrounded by amazing, supportive family and friends.","@Alyssa_Milano #MeToo, and you never forget, even surrounded by amazing, supportive family and friends.",0.0,0.0,IPHONE,#metoo,0.0,0.0045604645274579525,0.025685258209705353,0.9697542786598206,0.9651938141323626,0.9697542786598206,Positive
18870,2017-10-16 20:56:13,2017-10-16,20,Monday,Me too. #MeToo,Me too. #MeToo,0.0,0.0,WEB,#metoo,0.0,0.06320705264806747,0.5410102605819702,0.3957826495170593,0.33257559686899185,0.5410102605819702,Neutral
11892,2017-10-16 20:00:05,2017-10-16,20,Monday,"a venn diagram of assaulted women and women is a circle. if that makes you sad, don<e2><80><99>t say sorry, do something about it. #metoo","a venn diagram of assaulted women and women is a circle. if that makes you sad, don<e2><80><99>t say sorry, do something about it. #metoo",0.0,3.0,IPHONE,#metoo,0.0,0.9268351793289185,0.06856654584407806,0.004598261322826147,-0.9222369180060923,0.9268351793289185,Negative
21216,2017-10-16 22:00:17,2017-10-16,22,Monday,I've seen a couple of people on my TL say men shouldn't take part in #MeToo and that's fucked up.,I've seen a couple of people on my TL say men shouldn't take part in #MeToo and that's fucked up.,1.0,5.0,ANDROID,#metoo,0.0,0.9243810176849365,0.07175441086292267,0.0038645442109555006,-0.920516473473981,0.9243810176849365,Negative
17035,2017-10-16 23:54:58,2017-10-16,23,Monday,@Alyssa_Milano #MeToo.  It was covert &amp; creepy.  I didn<e2><80><99>t play along and my lines were cut &amp; I was repeatedly told<e2><80><a6> https://t.co/ibu4EQySxy,@Alyssa_Milano #MeToo. It was covert &amp; creepy. I didn<e2><80><99>t play along and my lines were cut &amp; I was repeatedly told<e2><80><a6> https://t.co/ibu4EQySxy,0.0,0.0,IPHONE,#metoo,0.0,0.8745717406272888,0.11840520799160004,0.007023099809885025,-0.8675486408174038,0.8745717406272888,Negative
20694,2017-10-16 23:05:50,2017-10-16,23,Monday,#metoo several times,#metoo several times,0.0,0.0,ANDROID,#metoo,0.0,0.2626872658729553,0.6913684010505676,0.045944273471832275,-0.21674299240112305,0.6913684010505676,Neutral
25032,2017-10-16 19:08:43,2017-10-16,19,Monday,Me too. As a child. As a teen. In the workplace. In professional life. #MeToo,Me too. As a child. As a teen. In the workplace. In professional life. #MeToo,1.0,0.0,Unknown,#metoo,0.0,0.09893153607845306,0.7585532069206238,0.1425151824951172,0.043583646416664124,0.7585532069206238,Neutral
2972,2017-10-16 22:44:14,2017-10-16,22,Monday,#MeToo - like so many others in a culture that allows these issues to continue unaddressed. #expectmore,#MeToo - like so many others in a culture that allows these issues to continue unaddressed. #expectmore,0.0,2.0,ANDROID,#metoo,0.0,0.772870659828186,0.21262365579605103,0.014505665749311447,-0.7583649940788746,0.772870659828186,Negative
26580,2017-10-16 21:11:32,2017-10-16,21,Monday,"Imagine if instead of #MeToo , abusers, finally too overwhelmed by their guilt &amp; shame, came forward to say #ItWasMe &amp; turned themselves in.","Imagine if instead of #MeToo , abusers, finally too overwhelmed by their guilt &amp; shame, came forward to say #ItWasMe &amp; turned themselves in.",0.0,0.0,IPHONE,#metoo,0.0,0.7889392971992493,0.1991521418094635,0.011908520944416523,-0.7770307762548327,0.7889392971992493,Negative
5589,2017-10-16 21:40:45,2017-10-16,21,Monday,Saying #metoo is probably the scariest thing I've ever done.,Saying #metoo is probably the scariest thing I've ever done.,0.0,13.0,IPHONE,#metoo,0.0,0.9323453903198242,0.061153244227170944,0.006501344032585621,-0.9258440462872386,0.9323453903198242,Negative
26599,2017-10-16 23:40:40,2017-10-16,23,Monday,I wish I could say that I haven't been complicit at points in my life but that would be a lie #Metoo,I wish I could say that I haven't been complicit at points in my life but that would be a lie #Metoo,0.0,0.0,Unknown,#metoo,0.0,0.8092930316925049,0.17509356141090393,0.015613454394042492,-0.7936795772984624,0.8092930316925049,Negative
16308,2017-10-16 23:42:29,2017-10-16,23,Monday,@Alyssa_Milano #metoo we're powerful and we had enough!! I would be as loud as I can for all of those who are scared or ashamed to scream!,@Alyssa_Milano #metoo we're powerful and we had enough!! I would be as loud as I can for all of those who are scared or ashamed to scream!,0.0,0.0,IPHONE,#metoo,0.0,0.45470327138900757,0.34497371315956116,0.20032306015491486,-0.2543802112340927,0.45470327138900757,Negative
10408,2017-10-16 19:32:18,2017-10-16,19,Monday,A family member just countered my #MeToo with #MeNever on Facebook. How do you verbally slap an elder without the family getting involved?,A family member just countered my #MeToo with #MeNever on Facebook. How do you verbally slap an elder without the family getting involved?,1.0,8.0,IPHONE,#metoo,0.0,0.7044206857681274,0.2835118770599365,0.012067403644323349,-0.6923532821238041,0.7044206857681274,Negative
21434,2017-10-16 21:50:00,2017-10-16,21,Monday,"#MeToo 
To any woman who's been raped or sexually assaulted, stand up now. Please, make the world realise it's an epidemic.","#MeToo To any woman who's been raped or sexually assaulted, stand up now. Please, make the world realise it's an epidemic.",1.0,2.0,ANDROID,#metoo,0.0,0.7011248469352722,0.2626552879810333,0.036219872534275055,-0.6649049744009972,0.7011248469352722,Negative
15966,2017-10-16 19:36:58,2017-10-16,19,Monday,#MeToo I was first assaulted when around the age of 12 by a friend. And then I was assaulted at 17 on my way to school.,#MeToo I was first assaulted when around the age of 12 by a friend. And then I was assaulted at 17 on my way to school.,0.0,0.0,IPHONE,#metoo,0.0,0.7543967366218567,0.23508986830711365,0.01051339041441679,-0.7438833462074399,0.7543967366218567,Negative
10060,2017-10-16 20:09:15,2017-10-16,20,Monday,So many feelings today #metoo,So many feelings today #metoo,0.0,1.0,IPHONE,#metoo,0.0,0.4620797634124756,0.456350177526474,0.08157005161046982,-0.38050971180200577,0.4620797634124756,Negative
713,2017-10-16 20:01:33,2017-10-16,20,Monday,The #MeToo movement is heartbreaking.,The #MeToo movement is heartbreaking.,0.0,2.0,ANDROID,#metoo,0.0,0.9224061965942383,0.06934937089681625,0.00824437104165554,-0.9141618255525827,0.9224061965942383,Negative
14410,2017-10-16 20:04:07,2017-10-16,20,Monday,"The #MeToo trend (which btw, #MeToo) underscores what the scriptures say abt sexual immorality; it<e2><80><99>s dangerous and destructive","The #MeToo trend (which btw, #MeToo) underscores what the scriptures say abt sexual immorality; it<e2><80><99>s dangerous and destructive",0.0,1.0,IPHONE,#metoo,0.0,0.8561975955963135,0.13456577062606812,0.009236625395715237,-0.8469609702005982,0.8561975955963135,Negative
24405,2017-10-16 21:04:08,2017-10-16,21,Monday,Really hope that all the men who have harassed/assaulted women are seeing #MeToo and feeling like absolute shit,Really hope that all the men who have harassed/assaulted women are seeing #MeToo and feeling like absolute shit,0.0,1.0,WEB,#metoo,0.0,0.9155515432357788,0.0753648430109024,0.009083728305995464,-0.9064678149297833,0.9155515432357788,Negative
720,2017-10-16 19:53:28,2017-10-16,19,Monday,: Get the latest: Accelerate Product Delivers<e2><84><a2>! https://t.co/2XgNsU4P9L Thanks to @LGROY @IISuperwomanII #apple #metoo,: Get the latest: Accelerate Product Delivers<e2><84><a2>! https://t.co/2XgNsU4P9L Thanks to @LGROY @IISuperwomanII #apple #metoo,0.0,0.0,Unknown,#metoo,0.0,0.001407005824148655,0.04881187528371811,0.949781060218811,0.9483740543946624,0.949781060218811,Positive
22927,2017-10-16 19:43:59,2017-10-16,19,Monday,#MeToo AF esp dudes who can't take no for an answer. The blood boils when that shit happens.,#MeToo AF esp dudes who can't take no for an answer. The blood boils when that shit happens.,0.0,0.0,WEB,#metoo,0.0,0.9353381395339966,0.05769474431872368,0.006967115215957165,-0.9283710243180394,0.9353381395339966,Negative
25441,2017-10-16 19:40:52,2017-10-16,19,Monday,"To all of those brave enough to hashtag #MeToo, I commend ur bravery. 4 all those who still can't <e2><99><a5><ef><b8><8f>Here's to #Predators losing their power","To all of those brave enough to hashtag #MeToo, I commend ur bravery. 4 all those who still can't <e2><99><a5><ef><b8><8f>Here's to #Predators losing their power",0.0,0.0,IPHONE,#metoo,1.0,0.329839289188385,0.43452534079551697,0.2356354147195816,-0.0942038744688034,0.43452534079551697,Neutral
28142,2017-10-16 23:31:42,2017-10-16,23,Monday,"#MeToo I'm a man, but I've been abused.
There's not as many resources open to me as there are to women and I'd wanna change that.","#MeToo I'm a man, but I've been abused. There's not as many resources open to me as there are to women and I'd wanna change that.",0.0,1.0,ANDROID,#metoo,0.0,0.881899356842041,0.11125777661800385,0.006842832081019878,-0.8750565247610211,0.881899356842041,Negative
15339,2017-10-16 19:56:23,2017-10-16,19,Monday,"#MeToo #MoiAussi 
As a whore, but mostly as a friend or girlfriend
On the street, in the bedroom, in a car, in a video store
We are millions","#MeToo #MoiAussi As a whore, but mostly as a friend or girlfriend On the street, in the bedroom, in a car, in a video store We are millions",1.0,3.0,ANDROID,#metoo,0.0,0.2793716490268707,0.6607998013496399,0.059828534722328186,-0.21954311430454254,0.6607998013496399,Neutral
21465,2017-10-16 20:58:11,2017-10-16,20,Monday,It depresses me how surprised (&amp; dare I say sceptical) so many men are about this whole #metoo thing. LOOK UP... <ed><a0><bd><ed><b1><80>,It depresses me how surprised (&amp; dare I say sceptical) so many men are about this whole #metoo thing. LOOK UP... <ed><a0><bd><ed><b1><80>,1.0,3.0,IPHONE,#metoo,1.0,0.899519145488739,0.0937131866812706,0.006767623126506805,-0.8927515223622322,0.899519145488739,Negative
20815,2017-10-16 19:13:51,2017-10-16,19,Monday,"@NatPurser I posted both a #MensMeaCulpa, for when I was less-than-gentlemanly in my past, as well as a #MeToo to r<e2><80><a6> https://t.co/cYcpEuZ8dR","@NatPurser I posted both a #MensMeaCulpa, for when I was less-than-gentlemanly in my past, as well as a #MeToo to r<e2><80><a6> https://t.co/cYcpEuZ8dR",0.0,2.0,ANDROID,#metoo,0.0,0.1918390691280365,0.7596436142921448,0.04851732775568962,-0.14332174137234688,0.7596436142921448,Neutral
27539,2017-10-16 21:08:19,2017-10-16,21,Monday,"#metoo I was 14, he was my school's guidance counselor a very well liked guidance counselor","#metoo I was 14, he was my school's guidance counselor a very well liked guidance counselor",0.0,1.0,WEB,#metoo,0.0,0.004080802667886019,0.05709550529718399,0.9388236403465271,0.9347428376786411,0.9388236403465271,Positive
3396,2017-10-16 23:55:56,2017-10-16,23,Monday,"For the thousands of women we see in our workers rights clinics who can't come forward -- for fear of deportation,<e2><80><a6> https://t.co/WxqqMDuj4B","For the thousands of women we see in our workers rights clinics who can't come forward -- for fear of deportation,<e2><80><a6> https://t.co/WxqqMDuj4B",1.0,4.0,WEB,#metoo,0.0,0.766505777835846,0.22337426245212555,0.010119898244738579,-0.7563858795911074,0.766505777835846,Negative
3670,2017-10-16 19:20:11,2017-10-16,19,Monday,@thatkelsokat Many Judges are lenient with sentencing sexual predators. Know who you vote for. #MeToo &amp; they laughe<e2><80><a6> https://t.co/zWBIpR9AtO,@thatkelsokat Many Judges are lenient with sentencing sexual predators. Know who you vote for. #MeToo &amp; they laughe<e2><80><a6> https://t.co/zWBIpR9AtO,0.0,1.0,ANDROID,#metoo,0.0,0.5550150871276855,0.41694027185440063,0.028044607490301132,-0.5269704796373844,0.5550150871276855,Negative
1596,2017-10-16 20:53:08,2017-10-16,20,Monday,"ME TOO 

#women #stopsexualabuse #WomensRights #MeToo #standforwomen #epidemic",ME TOO #women #stopsexualabuse #WomensRights #MeToo #standforwomen #epidemic,0.0,0.0,ANDROID,#metoo,0.0,0.4113430976867676,0.47194069623947144,0.116716168820858,-0.2946269288659096,0.47194069623947144,Neutral
19886,2017-10-16 20:20:14,2017-10-16,20,Monday,I know people will think I<e2><80><99>m jumping on the bandwagon for attention but #MeToo and it haunts me every day.,I know people will think I<e2><80><99>m jumping on the bandwagon for attention but #MeToo and it haunts me every day.,0.0,9.0,IPHONE,#metoo,0.0,0.8282585740089417,0.1584310680627823,0.013310368172824383,-0.8149482058361173,0.8282585740089417,Negative
4329,2017-10-16 23:59:43,2017-10-16,23,Monday,"I've had a Congressman tell me 'if u Haven't been stalked, u shd wonder what's WRONG with YOU'<e2><81><89><ef><b8><8f> #MeToo https://t.co/XzduciuNce","I've had a Congressman tell me 'if u Haven't been stalked, u shd wonder what's WRONG with YOU'<e2><81><89><ef><b8><8f> #MeToo https://t.co/XzduciuNce",2.0,1.0,IPHONE,#metoo,1.0,0.6939950585365295,0.2914070188999176,0.014597943983972073,-0.6793971145525575,0.6939950585365295,Negative
15490,2017-10-16 20:45:37,2017-10-16,20,Monday,"Sexual harassment is just a fact of life for every woman in #Libya. Its not the exception, unfortunately its the rule. #MeToo","Sexual harassment is just a fact of life for every woman in #Libya. Its not the exception, unfortunately its the rule. #MeToo",4.0,6.0,WEB,#metoo,0.0,0.9118396043777466,0.0826154425740242,0.005544967018067837,-0.9062946373596787,0.9118396043777466,Negative
5440,2017-10-16 19:11:47,2017-10-16,19,Monday,"Men, when you say you're shocked by Harvey Weinstein's behaviour and the magnitude of the #MeToo campaign, I know t<e2><80><a6> https://t.co/DMznyaphvP","Men, when you say you're shocked by Harvey Weinstein's behaviour and the magnitude of the #MeToo campaign, I know t<e2><80><a6> https://t.co/DMznyaphvP",2.0,5.0,WEB,#metoo,0.0,0.506580650806427,0.4617725610733032,0.03164677694439888,-0.4749338738620281,0.506580650806427,Negative
14764,2017-10-16 20:22:17,2017-10-16,20,Monday,"I've known too many women in my lifetime that have been sexually harassed, or assaulted. Men, as well.
#MeToo  Keep fighting","I've known too many women in my lifetime that have been sexually harassed, or assaulted. Men, as well. #MeToo Keep fighting",0.0,2.0,ANDROID,#metoo,0.0,0.7812042832374573,0.19269970059394836,0.02609606273472309,-0.7551082205027342,0.7812042832374573,Negative
22328,2017-10-16 19:23:13,2017-10-16,19,Monday,"@RVAwonk I was young,very inexperienced, didn<e2><80><99>t realize, reason I was<e2><80><9d>let go<e2><80><9d> was because I wouldn<e2><80><99>t <e2><80><9c>put out<e2><80><9d>, unt<e2><80><a6> https://t.co/y7tP7n0wOW","@RVAwonk I was young,very inexperienced, didn<e2><80><99>t realize, reason I was<e2><80><9d>let go<e2><80><9d> was because I wouldn<e2><80><99>t <e2><80><9c>put out<e2><80><9d>, unt<e2><80><a6> https://t.co/y7tP7n0wOW",0.0,0.0,IPHONE,#metoo,0.0,0.592693567276001,0.37525802850723267,0.03204840049147606,-0.5606451667845249,0.592693567276001,Negative
11158,2017-10-16 22:12:05,2017-10-16,22,Monday,"New story on NPR: In The Wake Of Harvey Weinstein Scandal, Women Say #MeToo https://t.co/MbA1QlulSq","New story on NPR: In The Wake Of Harvey Weinstein Scandal, Women Say #MeToo https://t.co/MbA1QlulSq",0.0,0.0,Unknown,#metoo,0.0,0.052296776324510574,0.9145277142524719,0.033175550401210785,-0.01912122592329979,0.9145277142524719,Neutral
3514,2017-10-16 22:02:16,2017-10-16,22,Monday,"It happened when I was six years old.

It's been 10 years. My abuser was not punished for what he's done.

He's still home.

#MeToo",It happened when I was six years old. It's been 10 years. My abuser was not punished for what he's done. He's still home. #MeToo,0.0,0.0,IPHONE,#metoo,0.0,0.7813554406166077,0.19874215126037598,0.019902324303984642,-0.761453116312623,0.7813554406166077,Negative
26038,2017-10-16 20:27:27,2017-10-16,20,Monday,The moment I started creating Dark He(ART) I knew making a comic like this would be risky/taboo but I didnt care. I<e2><80><a6> https://t.co/rbr8WqaquZ,The moment I started creating Dark He(ART) I knew making a comic like this would be risky/taboo but I didnt care. I<e2><80><a6> https://t.co/rbr8WqaquZ,0.0,2.0,IPHONE,#metoo,0.0,0.5986324548721313,0.3655349016189575,0.035832636058330536,-0.5627998188138008,0.5986324548721313,Negative
13445,2017-10-16 21:02:08,2017-10-16,21,Monday,"Psychiatrist's husband calls you to his table to show you a picture of his daughter, but it's a picture of his dick. #MeToo","Psychiatrist's husband calls you to his table to show you a picture of his daughter, but it's a picture of his dick. #MeToo",0.0,1.0,ANDROID,#metoo,0.0,0.5325027108192444,0.4330121576786041,0.034485094249248505,-0.4980176165699959,0.5325027108192444,Negative
10536,2017-10-16 19:35:13,2017-10-16,19,Monday,@EscobanRafa 7th phony account for this pathetic user. @TwitterSupport #MeToo,@EscobanRafa 7th phony account for this pathetic user. @TwitterSupport #MeToo,0.0,0.0,Unknown,#metoo,0.0,0.9416507482528687,0.053094532340765,0.005254675634205341,-0.9363960726186633,0.9416507482528687,Negative
25974,2017-10-16 19:23:05,2017-10-16,19,Monday,I was 12 y.o. at the mall with a friend. A man at Filene<e2><80><99>s shoved his hand up my skirt&amp; panties. Every. Woman. Has been assaulted. #MeToo,I was 12 y.o. at the mall with a friend. A man at Filene<e2><80><99>s shoved his hand up my skirt&amp; panties. Every. Woman. Has been assaulted. #MeToo,0.0,1.0,IPHONE,#metoo,0.0,0.8436835408210754,0.14495253562927246,0.011363937519490719,-0.8323196033015847,0.8436835408210754,Negative
25273,2017-10-16 20:46:40,2017-10-16,20,Monday,It didn<e2><80><99>t happen to me; nor have I done it. Nor did I knowingly tolerate it in workplaces I led. But I stand with all who feel pain #metoo,It didn<e2><80><99>t happen to me; nor have I done it. Nor did I knowingly tolerate it in workplaces I led. But I stand with all who feel pain #metoo,1.0,3.0,Unknown,#metoo,0.0,0.7793909907341003,0.20662398636341095,0.013984989374876022,-0.7654060013592243,0.7793909907341003,Negative
22776,2017-10-16 23:02:25,2017-10-16,23,Monday,"#MeToo Told my dad, a state tax auditor Said Probably cheats on his taxes too He was audited Out of business In jail the next year","#MeToo Told my dad, a state tax auditor Said Probably cheats on his taxes too He was audited Out of business In jail the next year",0.0,0.0,IPHONE,#metoo,0.0,0.8089861273765564,0.18048682808876038,0.010527060367166996,-0.7984590670093894,0.8089861273765564,Negative
22505,2017-10-16 21:29:37,2017-10-16,21,Monday,"#MeToo  Gave up jobs rather than give in, though no woman should have to give up or give in!","#MeToo Gave up jobs rather than give in, though no woman should have to give up or give in!",0.0,0.0,WEB,#metoo,0.0,0.532754123210907,0.42891156673431396,0.03833438456058502,-0.49441973865032196,0.532754123210907,Negative
12813,2017-10-16 23:18:36,2017-10-16,23,Monday,<e2><80><9c>It<e2><80><99>s your fault for smelling so good.<e2><80><9d> #MeToo,<e2><80><9c>It<e2><80><99>s your fault for smelling so good.<e2><80><9d> #MeToo,0.0,0.0,IPHONE,#metoo,0.0,0.5490103960037231,0.3709617555141449,0.08002785593271255,-0.4689825400710106,0.5490103960037231,Negative
8622,2017-10-16 22:09:47,2017-10-16,22,Monday,When I was 17 I reported a sexual harassment incident to the police. I gave evidence in court and the defendant was found guilty. #metoo,When I was 17 I reported a sexual harassment incident to the police. I gave evidence in court and the defendant was found guilty. #metoo,0.0,20.0,ANDROID,#metoo,0.0,0.6799589991569519,0.30451974272727966,0.015521270222961903,-0.66443772893399,0.6799589991569519,Negative
21452,2017-10-16 19:06:31,2017-10-16,19,Monday,you are not alone. #MeToo,you are not alone. #MeToo,0.0,0.0,WEB,#metoo,0.0,0.17173978686332703,0.5524187684059143,0.27584147453308105,0.10410168766975403,0.5524187684059143,Neutral
26224,2017-10-16 21:47:44,2017-10-16,21,Monday,It happens to more women &amp; men than anyone knows. Remember that we all have a voice &amp; we don't have to be afraid to use it! #MeToo,It happens to more women &amp; men than anyone knows. Remember that we all have a voice &amp; we don't have to be afraid to use it! #MeToo,39.0,283.0,IPHONE,#metoo,0.0,0.20112095773220062,0.5635890960693359,0.23528994619846344,0.03416898846626282,0.5635890960693359,Neutral
3134,2017-10-16 19:37:12,2017-10-16,19,Monday,#MeToo Too many times,#MeToo Too many times,0.0,0.0,IPHONE,#metoo,0.0,0.25460872054100037,0.6070820689201355,0.13830913603305817,-0.1162995845079422,0.6070820689201355,Neutral
5539,2017-10-16 21:53:42,2017-10-16,21,Monday,"#MeToo 

Praying for all other victims of sexual assault and harassment. We see you, and we hear you. You're not alone.","#MeToo Praying for all other victims of sexual assault and harassment. We see you, and we hear you. You're not alone.",55.0,234.0,IPHONE,#metoo,0.0,0.16824373602867126,0.44526976346969604,0.38648658990859985,0.2182428538799286,0.44526976346969604,Neutral
12484,2017-10-16 19:02:04,2017-10-16,19,Monday,Because of my size I<e2><80><99>m expected to appreciate the vile way men talk about my body. #metoo,Because of my size I<e2><80><99>m expected to appreciate the vile way men talk about my body. #metoo,0.0,0.0,IPHONE,#metoo,0.0,0.8588535189628601,0.1305474191904068,0.010599054396152496,-0.8482544645667076,0.8588535189628601,Negative
8392,2017-10-16 22:07:29,2017-10-16,22,Monday,"@AndersonnSasha @Amy_Siskind They do. In fact, my #metoo was harassment and attempted assault by another woman. It'<e2><80><a6> https://t.co/zLoFWbk1YR","@AndersonnSasha @Amy_Siskind They do. In fact, my #metoo was harassment and attempted assault by another woman. It'<e2><80><a6> https://t.co/zLoFWbk1YR",0.0,1.0,ANDROID,#metoo,0.0,0.8675445914268494,0.12467015534639359,0.007785234600305557,-0.8597593568265438,0.8675445914268494,Negative
3708,2017-10-16 21:52:18,2017-10-16,21,Monday,"#MeToo is nice bc sometimes in isolation your mind twists your thoughts/memories, but then reading other stories it<e2><80><99>s like YES.","#MeToo is nice bc sometimes in isolation your mind twists your thoughts/memories, but then reading other stories it<e2><80><99>s like YES.",0.0,4.0,IPHONE,#metoo,0.0,0.038180574774742126,0.20680218935012817,0.7550172209739685,0.7168366461992264,0.7550172209739685,Positive
11880,2017-10-16 20:28:51,2017-10-16,20,Monday,just because it's not rape doesn't mean that it's not important #MeToo,just because it's not rape doesn't mean that it's not important #MeToo,6.0,7.0,IPHONE,#metoo,0.0,0.426770955324173,0.522024929523468,0.05120408535003662,-0.37556686997413635,0.522024929523468,Neutral
22796,2017-10-16 22:45:00,2017-10-16,22,Monday,@leenanorms Think of how much bigger #MeToo would be if women who doubt their own stories also came forward. Power<e2><80><a6> https://t.co/ujAx6QJfKS,@leenanorms Think of how much bigger #MeToo would be if women who doubt their own stories also came forward. Power<e2><80><a6> https://t.co/ujAx6QJfKS,0.0,9.0,WEB,#metoo,0.0,0.031086886301636696,0.42344728112220764,0.5454658269882202,0.5143789406865835,0.5454658269882202,Positive
27289,2017-10-16 22:14:09,2017-10-16,22,Monday,I thought it was my fault because I drank too much &amp; I accepted a ride home. I thought it was safer to go with someone I knew. #MeToo,I thought it was my fault because I drank too much &amp; I accepted a ride home. I thought it was safer to go with someone I knew. #MeToo,0.0,2.0,IPHONE,#metoo,0.0,0.7786418199539185,0.21151947975158691,0.009838683530688286,-0.7688031364232302,0.7786418199539185,Negative
27465,2017-10-16 22:36:55,2017-10-16,22,Monday,"#MeToo. Sexual harassment is NEVER okay. Speak up, make an impact and be strong for all women globally, especially for those who can't <e2><9c><8b><ed><a0><bc><ed><bf><bb><ed><a0><bd><ed><b9><85><ed><a0><bc><ed><bf><bb><e2><9c><a8>","#MeToo. Sexual harassment is NEVER okay. Speak up, make an impact and be strong for all women globally, especially for those who can't <e2><9c><8b><ed><a0><bc><ed><bf><bb><ed><a0><bd><ed><b9><85><ed><a0><bc><ed><bf><bb><e2><9c><a8>",0.0,2.0,IPHONE,#metoo,5.0,0.6883224844932556,0.2762966752052307,0.03538085147738457,-0.652941633015871,0.6883224844932556,Negative
24205,2017-10-16 20:12:12,2017-10-16,20,Monday,"To all the #Mgtow #mra and various other pathetic manbabies trolling #MeToo 

You are pathetic.

And you know you are.",To all the #Mgtow #mra and various other pathetic manbabies trolling #MeToo You are pathetic. And you know you are.,3.0,17.0,ANDROID,#metoo,0.0,0.9473381042480469,0.04674180969595909,0.005920120514929295,-0.9414179837331176,0.9473381042480469,Negative
23638,2017-10-16 19:59:34,2017-10-16,19,Monday,The comments section of some of my friends #MeToo status is exactly why sexual violence has been perpetuated for this long. ENOUGH. Our turn,The comments section of some of my friends #MeToo status is exactly why sexual violence has been perpetuated for this long. ENOUGH. Our turn,0.0,3.0,IPHONE,#metoo,0.0,0.916064441204071,0.07774250209331512,0.006193077657371759,-0.9098713635466993,0.916064441204071,Negative
24292,2017-10-16 22:37:14,2017-10-16,22,Monday,I wish I could reach out and wrap my arms around every woman who posted #MeToo today.  You are strong. You are good<e2><80><a6> https://t.co/U6MoFUtHnT,I wish I could reach out and wrap my arms around every woman who posted #MeToo today. You are strong. You are good<e2><80><a6> https://t.co/U6MoFUtHnT,0.0,15.0,Unknown,#metoo,0.0,0.010544787161052227,0.05073583498597145,0.9387193322181702,0.9281745450571179,0.9387193322181702,Positive
21562,2017-10-16 21:00:21,2017-10-16,21,Monday,Not sure if I know any women who haven<e2><80><99>t experienced it in some way #MeToo,Not sure if I know any women who haven<e2><80><99>t experienced it in some way #MeToo,0.0,0.0,IPHONE,#metoo,0.0,0.5331903696060181,0.4485149383544922,0.018294682726264,-0.5148956868797541,0.5331903696060181,Negative
14442,2017-10-16 23:18:16,2017-10-16,23,Monday,#MeToo: Thousands Share Stories of Sexual Abuse https://t.co/h4YyxWnFA5,#MeToo: Thousands Share Stories of Sexual Abuse https://t.co/h4YyxWnFA5,0.0,0.0,Unknown,#metoo,0.0,0.4068589210510254,0.5711127519607544,0.02202831394970417,-0.3848306071013212,0.5711127519607544,Neutral
20551,2017-10-16 23:59:26,2017-10-16,23,Monday,On a crowded bus in front of everyone no one saw and I was frozen  with fear #MeToo,On a crowded bus in front of everyone no one saw and I was frozen with fear #MeToo,0.0,0.0,IPHONE,#metoo,0.0,0.7662370204925537,0.21110285818576813,0.022660044953227043,-0.7435769755393267,0.7662370204925537,Negative
7823,2017-10-16 21:53:00,2017-10-16,21,Monday,"I<e2><80><99>ve witnessed an uncountable number of #Metoo posts in the last few hours, coming from pretty much every woman clo<e2><80><a6> https://t.co/R42lycz1Tq","I<e2><80><99>ve witnessed an uncountable number of #Metoo posts in the last few hours, coming from pretty much every woman clo<e2><80><a6> https://t.co/R42lycz1Tq",3.0,7.0,IPHONE,#metoo,0.0,0.12864796817302704,0.7415450811386108,0.12980693578720093,0.0011589676141738892,0.7415450811386108,Neutral
8144,2017-10-16 20:14:45,2017-10-16,20,Monday,"Thank you @KermodeMovie 
#MK3D #MeToo https://t.co/oF3O7nkWjj",Thank you @KermodeMovie #MK3D #MeToo https://t.co/oF3O7nkWjj,5.0,52.0,IPHONE,#metoo,0.0,0.004797919653356075,0.08575564622879028,0.9094464182853699,0.9046484986320138,0.9094464182853699,Positive
10635,2017-10-16 20:15:31,2017-10-16,20,Monday,"#MeToo Let's call it out now, those who can, and on behalf of those who can't, and call an end.","#MeToo Let's call it out now, those who can, and on behalf of those who can't, and call an end.",0.0,0.0,ANDROID,#metoo,0.0,0.23507288098335266,0.6430031657218933,0.12192398309707642,-0.11314889788627625,0.6430031657218933,Neutral
10155,2017-10-16 21:55:35,2017-10-16,21,Monday,@jilevin I'm waiting for Melania to tweet #MeToo,@jilevin I'm waiting for Melania to tweet #MeToo,0.0,0.0,WEB,#metoo,0.0,0.08092623949050903,0.8076924085617065,0.11138132214546204,0.030455082654953003,0.8076924085617065,Neutral
25484,2017-10-16 23:28:46,2017-10-16,23,Monday,A Conservative Comedian Just Made A Sexist <e2><80><9c>Joke<e2><80><9d> Amid #MeToo And Quickly Paid For It https://t.co/sdcCCGHSN6 https://t.co/sdcCCGHSN6,A Conservative Comedian Just Made A Sexist <e2><80><9c>Joke<e2><80><9d> Amid #MeToo And Quickly Paid For It https://t.co/sdcCCGHSN6 https://t.co/sdcCCGHSN6,1.0,1.0,Unknown,#metoo,0.0,0.5272320508956909,0.4432544410228729,0.029513465240597725,-0.4977185856550932,0.5272320508956909,Negative
1542,2017-10-16 23:31:58,2017-10-16,23,Monday,#MeToo because I realised I wasn't being pressured into saying it but I was given the opportunity to if I was comfortable.,#MeToo because I realised I wasn't being pressured into saying it but I was given the opportunity to if I was comfortable.,0.0,5.0,ANDROID,#metoo,0.0,0.0763782486319542,0.654851496219635,0.2687702178955078,0.19239196926355362,0.654851496219635,Neutral
26459,2017-10-16 23:24:55,2017-10-16,23,Monday,#MeToo when I was catcalled on my way to the convenience store while wearing baggy pijamas.,#MeToo when I was catcalled on my way to the convenience store while wearing baggy pijamas.,0.0,1.0,IPHONE,#metoo,0.0,0.774264931678772,0.21389225125312805,0.011842818930745125,-0.7624221127480268,0.774264931678772,Negative
27954,2017-10-16 22:43:49,2017-10-16,22,Monday,"#MeToo      

#MeToo did something revolutionary, @sophieGG writes https://t.co/BuwcULUKAP","#MeToo #MeToo did something revolutionary, @sophieGG writes https://t.co/BuwcULUKAP",0.0,0.0,WEB,#metoo,0.0,0.006260039750486612,0.22258584201335907,0.7711541056632996,0.764894065912813,0.7711541056632996,Positive
26995,2017-10-16 19:08:08,2017-10-16,19,Monday,Thousands of women share experiences of sexual assault on Twitter through #MeToo - The Verge https://t.co/v1RYScJAWM https://t.co/Bj1Kgbz21A,Thousands of women share experiences of sexual assault on Twitter through #MeToo - The Verge https://t.co/v1RYScJAWM https://t.co/Bj1Kgbz21A,0.0,0.0,Unknown,#metoo,0.0,0.21571150422096252,0.7488978505134583,0.035390663892030716,-0.1803208403289318,0.7488978505134583,Neutral
19402,2017-10-16 23:40:59,2017-10-16,23,Monday,"Random guy on the street: <e2><80><9c>hey, do you wanna go and get a room and fuck.<e2><80><9d>

Me: blank stare...gaping mouth...stunned silence.
#Metoo","Random guy on the street: <e2><80><9c>hey, do you wanna go and get a room and fuck.<e2><80><9d> Me: blank stare...gaping mouth...stunned silence. #Metoo",0.0,1.0,IPHONE,#metoo,0.0,0.5329495072364807,0.43573206663131714,0.03131844475865364,-0.5016310624778271,0.5329495072364807,Negative
1380,2017-10-16 22:46:06,2017-10-16,22,Monday,"oh yeah, also some guy got caught taking upskirts of me at nycc. this isn't a new occurrence either. #MeToo","oh yeah, also some guy got caught taking upskirts of me at nycc. this isn't a new occurrence either. #MeToo",0.0,7.0,WEB,#metoo,0.0,0.734180212020874,0.24803294241428375,0.017786843702197075,-0.716393368318677,0.734180212020874,Negative
4981,2017-10-16 23:51:14,2017-10-16,23,Monday,The latest THE CHADSDADDY DAILY! https://t.co/aOM1Rk16cR Thanks to @HouseBudgetDems @mjwatts1983 @JohnsonForTexas #metoo #txlege,The latest THE CHADSDADDY DAILY! https://t.co/aOM1Rk16cR Thanks to @HouseBudgetDems @mjwatts1983 @JohnsonForTexas #metoo #txlege,1.0,0.0,Unknown,#metoo,0.0,0.002526788739487529,0.2519794702529907,0.7454937696456909,0.7429669809062034,0.7454937696456909,Positive
23629,2017-10-16 19:51:52,2017-10-16,19,Monday,"#MeToo
Don't ever be afraid to name them. Don't lose sight of yourself to them.
Lance McLean- I was 18, having seizures
Veera- I was 4","#MeToo Don't ever be afraid to name them. Don't lose sight of yourself to them. Lance McLean- I was 18, having seizures Veera- I was 4",0.0,0.0,ANDROID,#metoo,0.0,0.23237712681293488,0.680359423160553,0.08726341277360916,-0.14511371403932571,0.680359423160553,Neutral
1259,2017-10-16 21:34:11,2017-10-16,21,Monday,"If all the women who<e2><80><99>ve been sexually harassed or as<e2><80><99> wrote #metoo as a status, we might give them a sense of the magnitude of the problem","If all the women who<e2><80><99>ve been sexually harassed or as<e2><80><99> wrote #metoo as a status, we might give them a sense of the magnitude of the problem",0.0,0.0,IPHONE,#metoo,0.0,0.5466354489326477,0.43354594707489014,0.019818613305687904,-0.5268168356269598,0.5466354489326477,Negative
25637,2017-10-16 22:39:10,2017-10-16,22,Monday,#metoo but I won<e2><80><99>t post it on my Facebook because I don<e2><80><99>t want people asking or thinking they know.,#metoo but I won<e2><80><99>t post it on my Facebook because I don<e2><80><99>t want people asking or thinking they know.,0.0,3.0,IPHONE,#metoo,0.0,0.7107713222503662,0.2764494717121124,0.012779165990650654,-0.6979921562597156,0.7107713222503662,Negative
19790,2017-10-16 22:01:07,2017-10-16,22,Monday,I really hope the men and women speaking up find the strength to report it no matter how many years have passed. Your time is now <ed><a0><bd><ed><b9><8f><ed><a0><bc><ed><bf><be> #MeToo,I really hope the men and women speaking up find the strength to report it no matter how many years have passed. Your time is now <ed><a0><bd><ed><b9><8f><ed><a0><bc><ed><bf><be> #MeToo,0.0,0.0,Unknown,#metoo,2.0,0.1408497542142868,0.46940019726753235,0.38975000381469727,0.24890024960041046,0.46940019726753235,Neutral
27718,2017-10-16 20:03:50,2017-10-16,20,Monday,"#MeToo  
you're not alone<ed><a0><bd><ed><b2><9c><e2><9d><a4>",#MeToo you're not alone<ed><a0><bd><ed><b2><9c><e2><9d><a4>,0.0,0.0,ANDROID,#metoo,1.0,0.2870423495769501,0.5986426472663879,0.11431502550840378,-0.1727273240685463,0.5986426472663879,Neutral
9904,2017-10-16 21:16:47,2017-10-16,21,Monday,#MeToo for 8 and half years my partner rapped and abused me in every way possible he thought it was ok + all he said was I deserved it,#MeToo for 8 and half years my partner rapped and abused me in every way possible he thought it was ok + all he said was I deserved it,0.0,1.0,Unknown,#metoo,0.0,0.8573213219642639,0.1299666166305542,0.012712010182440281,-0.8446093117818236,0.8573213219642639,Negative
2145,2017-10-16 21:30:24,2017-10-16,21,Monday,"#MeToo Sexual harassment &amp; assault are far too common, so much so that we brush it off. #SpeakUp if not for yourself, for those w/o a voice.","#MeToo Sexual harassment &amp; assault are far too common, so much so that we brush it off. #SpeakUp if not for yourself, for those w/o a voice.",1.0,4.0,IPHONE,#metoo,0.0,0.8341174125671387,0.1550626903772354,0.010819840244948864,-0.8232975723221898,0.8341174125671387,Negative
13078,2017-10-16 23:13:18,2017-10-16,23,Monday,"#MeToo Stay tuned for blog post. I encourage any followers that are brave enough share their story, I<e2><80><99>d love to feature! Can be anon!<e2><98><ba><ef><b8><8f><e2><98><ba><ef><b8><8f>","#MeToo Stay tuned for blog post. I encourage any followers that are brave enough share their story, I<e2><80><99>d love to feature! Can be anon!<e2><98><ba><ef><b8><8f><e2><98><ba><ef><b8><8f>",0.0,1.0,IPHONE,#metoo,1.0,0.004415943752974272,0.07240838557481766,0.9231756329536438,0.9187596892006695,0.9231756329536438,Positive
27048,2017-10-16 19:45:52,2017-10-16,19,Monday,"His name was Bill Clinton and you elected him to consecutive terms. How soon liberals forget...

#MeToo #tcot #tlot https://t.co/BX0T4oZ159",His name was Bill Clinton and you elected him to consecutive terms. How soon liberals forget... #MeToo #tcot #tlot https://t.co/BX0T4oZ159,0.0,0.0,IPHONE,#metoo,0.0,0.7515600323677063,0.23297815024852753,0.01546174194663763,-0.7360982904210687,0.7515600323677063,Negative
17306,2017-10-16 23:43:38,2017-10-16,23,Monday,"Being a girl is being on the defensive. It's telling a man, ""I'm 14"" after he makes unwanted sexual cat calls at you, a stranger. #MeToo","Being a girl is being on the defensive. It's telling a man, ""I'm 14"" after he makes unwanted sexual cat calls at you, a stranger. #MeToo",0.0,3.0,IPHONE,#metoo,0.0,0.6916543245315552,0.29456570744514465,0.013779977336525917,-0.6778743471950293,0.6916543245315552,Negative
24359,2017-10-16 21:27:19,2017-10-16,21,Monday,BBC News - 'My #MeToo experience is sadly typical' https://t.co/LyIIGSR4N4,BBC News - 'My #MeToo experience is sadly typical' https://t.co/LyIIGSR4N4,0.0,0.0,WEB,#metoo,0.0,0.8221732974052429,0.17030151188373566,0.007525205612182617,-0.8146480917930603,0.8221732974052429,Negative
7120,2017-10-16 20:22:33,2017-10-16,20,Monday,#MeToo my soul aches for my sisters around the world. But remember that you will get through this. I am proof that you can still be happy.,#MeToo my soul aches for my sisters around the world. But remember that you will get through this. I am proof that you can still be happy.,0.0,0.0,ANDROID,#metoo,0.0,0.22374682128429413,0.27987319231033325,0.4963799715042114,0.2726331502199173,0.4963799715042114,Positive
7594,2017-10-16 22:57:17,2017-10-16,22,Monday,I believe you. #BelieveWomen #metoo,I believe you. #BelieveWomen #metoo,0.0,1.0,IPHONE,#metoo,0.0,0.011305274441838264,0.14059847593307495,0.8480962514877319,0.8367909770458937,0.8480962514877319,Positive
23610,2017-10-16 20:43:59,2017-10-16,20,Monday,Yea. As much as I tried to deny it. I was 13. Didn't know him. Pretty sure I'll never see him again but the memory remains.  #MeToo,Yea. As much as I tried to deny it. I was 13. Didn't know him. Pretty sure I'll never see him again but the memory remains. #MeToo,0.0,3.0,WEB,#metoo,0.0,0.8125056624412537,0.1754699945449829,0.012024360708892345,-0.8004813017323613,0.8125056624412537,Negative
2511,2017-10-16 23:15:05,2017-10-16,23,Monday,@BethMooreLPM This stings my soul. #MeToo,@BethMooreLPM This stings my soul. #MeToo,0.0,1.0,IPHONE,#metoo,0.0,0.932559609413147,0.06137063354253769,0.006069756578654051,-0.9264898528344929,0.932559609413147,Negative
25569,2017-10-16 21:58:02,2017-10-16,21,Monday,Because the hardest thing I<e2><80><99>ve tweeted shouldn<e2><80><99>t be #MeToo,Because the hardest thing I<e2><80><99>ve tweeted shouldn<e2><80><99>t be #MeToo,0.0,24.0,IPHONE,#metoo,0.0,0.7798827886581421,0.19411109387874603,0.02600611373782158,-0.7538766749203205,0.7798827886581421,Negative
20886,2017-10-16 20:04:43,2017-10-16,20,Monday,"Seeing #metoo posts from friends is sobering. It's uncomfortable; it's heartbreaking. I support you, and I believe you.","Seeing #metoo posts from friends is sobering. It's uncomfortable; it's heartbreaking. I support you, and I believe you.",0.0,4.0,IPHONE,#metoo,0.0,0.7002592086791992,0.2500191926956177,0.04972165450453758,-0.6505375541746616,0.7002592086791992,Negative
7946,2017-10-16 21:28:12,2017-10-16,21,Monday,"I'll laugh at your rape jokes, but I'll never find them funny #MeToo","I'll laugh at your rape jokes, but I'll never find them funny #MeToo",0.0,0.0,WEB,#metoo,0.0,0.8752265572547913,0.11357025802135468,0.011203176341950893,-0.8640233809128404,0.8752265572547913,Negative
26673,2017-10-16 22:25:26,2017-10-16,22,Monday,Why is everyone making fb statuses that say #metoo,Why is everyone making fb statuses that say #metoo,0.0,1.0,IPHONE,#metoo,0.0,0.6400175094604492,0.346698522567749,0.013284014537930489,-0.6267334949225187,0.6400175094604492,Negative
10114,2017-10-16 19:48:07,2017-10-16,19,Monday,I don't want to tell any of my many stories and that's okay. #MeToo,I don't want to tell any of my many stories and that's okay. #MeToo,0.0,2.0,ANDROID,#metoo,0.0,0.5091493725776672,0.4445473849773407,0.04630327224731445,-0.4628461003303528,0.5091493725776672,Negative
14296,2017-10-16 23:20:46,2017-10-16,23,Monday,"#metoo
.
.
If all the women who have been sexually harassed or assaulted wrote ""Me too."" as a status, we might... https://t.co/CUxRV9TdrW","#metoo . . If all the women who have been sexually harassed or assaulted wrote ""Me too."" as a status, we might... https://t.co/CUxRV9TdrW",0.0,0.0,Unknown,#metoo,0.0,0.40453535318374634,0.5624243021011353,0.0330403670668602,-0.37149498611688614,0.5624243021011353,Neutral
20822,2017-10-16 20:15:08,2017-10-16,20,Monday,"All these #MeToo tweets, I respect &amp; admire every single 1 of you's, if you have been a victim please report it, #NoMeansNo","All these #MeToo tweets, I respect &amp; admire every single 1 of you's, if you have been a victim please report it, #NoMeansNo",0.0,2.0,IPHONE,#metoo,0.0,0.11161775141954422,0.24726912379264832,0.6411131024360657,0.5294953510165215,0.6411131024360657,Positive
26144,2017-10-16 21:34:37,2017-10-16,21,Monday,#MeToo is so sad but so important. My heart breaks with every story but I'm quickly reminded of how strong we are a<e2><80><a6> https://t.co/NYhqORok0g,#MeToo is so sad but so important. My heart breaks with every story but I'm quickly reminded of how strong we are a<e2><80><a6> https://t.co/NYhqORok0g,19.0,116.0,ANDROID,#metoo,0.0,0.5302419662475586,0.29533851146698,0.1744195520877838,-0.3558224141597748,0.5302419662475586,Negative
22902,2017-10-16 22:18:45,2017-10-16,22,Monday,#MeToo ...and I don't know a woman who hasn't.,#MeToo ...and I don't know a woman who hasn't.,0.0,2.0,WEB,#metoo,0.0,0.3499145209789276,0.5369200110435486,0.11316557228565216,-0.23674894869327545,0.5369200110435486,Neutral
19029,2017-10-16 21:13:04,2017-10-16,21,Monday,@Alyssa_Milano #MeToo Happened over 20yrs ago in college&amp;many of my best friends don<e2><80><99>t even know abt my experience.<e2><80><a6> https://t.co/MXhjATCXlp,@Alyssa_Milano #MeToo Happened over 20yrs ago in college&amp;many of my best friends don<e2><80><99>t even know abt my experience.<e2><80><a6> https://t.co/MXhjATCXlp,0.0,0.0,IPHONE,#metoo,0.0,0.7715378999710083,0.2116580754518509,0.01680399477481842,-0.7547339051961899,0.7715378999710083,Negative
25300,2017-10-16 22:47:19,2017-10-16,22,Monday,@Alyssa_Milano #metoo far too many times to count. Thankfully always harrassment and never assault,@Alyssa_Milano #metoo far too many times to count. Thankfully always harrassment and never assault,0.0,0.0,ANDROID,#metoo,0.0,0.7997934222221375,0.17666736245155334,0.02353917993605137,-0.7762542422860861,0.7997934222221375,Negative
10632,2017-10-16 23:03:02,2017-10-16,23,Monday,"#MeToo Public pool, aged 11.","#MeToo Public pool, aged 11.",0.0,0.0,WEB,#metoo,0.0,0.027336640283465385,0.8838141560554504,0.08884919434785843,0.061512554064393044,0.8838141560554504,Neutral
5143,2017-10-16 19:31:38,2017-10-16,19,Monday,"I've been assaulted by women, attractive young men, and guys more than twice my age.
Not all perpetrators look like Weinstein.

#MeToo","I've been assaulted by women, attractive young men, and guys more than twice my age. Not all perpetrators look like Weinstein. #MeToo",1.0,1.0,WEB,#metoo,0.0,0.7400619387626648,0.2394116073846817,0.02052650786936283,-0.719535430893302,0.7400619387626648,Negative
20475,2017-10-16 19:15:56,2017-10-16,19,Monday,#MeToo ... I was 7. I had no idea what was happening.,#MeToo ... I was 7. I had no idea what was happening.,0.0,0.0,IPHONE,#metoo,0.0,0.5903818607330322,0.36673954129219055,0.04287860915064812,-0.5475032515823841,0.5903818607330322,Negative
1957,2017-10-16 22:04:57,2017-10-16,22,Monday,"Not easy to face, to admit, to talk about, but #MeToo https://t.co/PiHv3pTFxA","Not easy to face, to admit, to talk about, but #MeToo https://t.co/PiHv3pTFxA",0.0,0.0,IPHONE,#metoo,0.0,0.42818692326545715,0.4864794909954071,0.08533366024494171,-0.34285326302051544,0.4864794909954071,Neutral
15756,2017-10-16 19:24:24,2017-10-16,19,Monday,@EveVocative I have multiple #MeToo situations &amp; never reported any of them,@EveVocative I have multiple #MeToo situations &amp; never reported any of them,0.0,0.0,WEB,#metoo,0.0,0.463552862405777,0.5018133521080017,0.0346338264644146,-0.4289190359413624,0.5018133521080017,Neutral
8228,2017-10-16 22:48:13,2017-10-16,22,Monday,Sad these numbers are so real. #MeToo,Sad these numbers are so real. #MeToo,0.0,0.0,ANDROID,#metoo,0.0,0.9075738787651062,0.08557666838169098,0.006849507801234722,-0.9007243709638715,0.9075738787651062,Negative
9409,2017-10-16 23:02:52,2017-10-16,23,Monday,#MeToo What female hasn't been a victim of inappropriate sexual attention.,#MeToo What female hasn't been a victim of inappropriate sexual attention.,0.0,1.0,WEB,#metoo,0.0,0.6522377133369446,0.33142080903053284,0.0163414403796196,-0.635896272957325,0.6522377133369446,Negative
10454,2017-10-16 19:09:19,2017-10-16,19,Monday,"Sexual Assault Movement #MeToo Reaches Nearly 500,000 Tweets  https://t.co/gC1ZRlHEHY","Sexual Assault Movement #MeToo Reaches Nearly 500,000 Tweets https://t.co/gC1ZRlHEHY",0.0,0.0,IPHONE,#metoo,0.0,0.17101624608039856,0.7746210098266602,0.05436275154352188,-0.11665349453687668,0.7746210098266602,Neutral
18352,2017-10-16 21:29:06,2017-10-16,21,Monday,"To all the people I know tweeting #MeToo I love you all so much, I'm sorry you've had to go through it, it's unacceptable <ed><a0><bd><ed><b8><9e>","To all the people I know tweeting #MeToo I love you all so much, I'm sorry you've had to go through it, it's unacceptable <ed><a0><bd><ed><b8><9e>",0.0,3.0,IPHONE,#metoo,1.0,0.6242290139198303,0.22481369972229004,0.15095733106136322,-0.4732716828584671,0.6242290139198303,Negative
2918,2017-10-16 21:46:28,2017-10-16,21,Monday,We believe you. #MeToo,We believe you. #MeToo,0.0,2.0,IPHONE,#metoo,0.0,0.011645028367638588,0.22284549474716187,0.7655095458030701,0.7538645174354315,0.7655095458030701,Positive
24301,2017-10-16 22:52:05,2017-10-16,22,Monday,"Of many telling things about #MeToo - most struck by how many women just now discovering that it's not just them, it's every woman they know","Of many telling things about #MeToo - most struck by how many women just now discovering that it's not just them, it's every woman they know",17.0,57.0,IPHONE,#metoo,0.0,0.086346335709095,0.5808101296424866,0.3328435719013214,0.2464972361922264,0.5808101296424866,Neutral
16284,2017-10-16 22:49:09,2017-10-16,22,Monday,"Michigan women say #MeToo to call out sexual harassment, assault https://t.co/fk9ei3Z3Nz","Michigan women say #MeToo to call out sexual harassment, assault https://t.co/fk9ei3Z3Nz",0.0,0.0,Unknown,#metoo,0.0,0.12270045280456543,0.8281764984130859,0.04912310466170311,-0.07357734814286232,0.8281764984130859,Neutral
9638,2017-10-16 19:45:33,2017-10-16,19,Monday,The #metoo thing is crazy Never realized every single woman I know has been a victim of sexual assault or harassment in someway shape or for,The #metoo thing is crazy Never realized every single woman I know has been a victim of sexual assault or harassment in someway shape or for,0.0,1.0,WEB,#metoo,0.0,0.8437929153442383,0.1437276303768158,0.012479426339268684,-0.8313134890049696,0.8437929153442383,Negative
26682,2017-10-16 23:31:32,2017-10-16,23,Monday,"With #MeToo such a #hottopic #dm or #kik #topicaln a #sexy #topless or #nude pic of yourself saying #MeToo ""just be<e2><80><a6> https://t.co/Zn3PAyp2e6","With #MeToo such a #hottopic #dm or #kik #topicaln a #sexy #topless or #nude pic of yourself saying #MeToo ""just be<e2><80><a6> https://t.co/Zn3PAyp2e6",1.0,0.0,ANDROID,#metoo,0.0,0.40429365634918213,0.5515547394752502,0.044151630252599716,-0.3601420260965824,0.5515547394752502,Neutral
18498,2017-10-16 22:48:16,2017-10-16,22,Monday,The amount of #metoo makes me disappointed in myself. I can do better. We must all do better starting w/ ourselves. Too much at stake not to,The amount of #metoo makes me disappointed in myself. I can do better. We must all do better starting w/ ourselves. Too much at stake not to,1.0,3.0,WEB,#metoo,0.0,0.9022212028503418,0.08696633577346802,0.010812574066221714,-0.8914086287841201,0.9022212028503418,Negative
20515,2017-10-16 19:34:03,2017-10-16,19,Monday,"@MarissaLingen And a triple #MeToo from me. I honor everybody who is speaking out, but can we please have some next steps.","@MarissaLingen And a triple #MeToo from me. I honor everybody who is speaking out, but can we please have some next steps.",0.0,2.0,WEB,#metoo,0.0,0.062042295932769775,0.5756147503852844,0.362342894077301,0.30030059814453125,0.5756147503852844,Neutral
5275,2017-10-16 19:26:11,2017-10-16,19,Monday,#metoo I was walking down an ally and a guy jumped out and dragged me on to the floor he was trying to undress me I was 13. I pushed him off,#metoo I was walking down an ally and a guy jumped out and dragged me on to the floor he was trying to undress me I was 13. I pushed him off,0.0,0.0,IPHONE,#metoo,0.0,0.665642499923706,0.31819915771484375,0.016158336773514748,-0.6494841631501913,0.665642499923706,Negative
24317,2017-10-16 19:35:21,2017-10-16,19,Monday,As a sexual abuse victim I think the #metoo is bullshet; way to virtue signal something into the ground @Blondes_tweets did you see this?!?!,As a sexual abuse victim I think the #metoo is bullshet; way to virtue signal something into the ground @Blondes_tweets did you see this?!?!,0.0,1.0,IPHONE,#metoo,0.0,0.913852334022522,0.08003444969654083,0.006113108713179827,-0.9077392253093421,0.913852334022522,Negative
26586,2017-10-16 22:48:11,2017-10-16,22,Monday,First experience of sexual harrassment I was 11. Most recent - 3 months ago. It's always there. I'm here for survivors. #MeToo,First experience of sexual harrassment I was 11. Most recent - 3 months ago. It's always there. I'm here for survivors. #MeToo,1.0,3.0,ANDROID,#metoo,0.0,0.7170475721359253,0.2459087371826172,0.03704375773668289,-0.6800038143992424,0.7170475721359253,Negative
27880,2017-10-16 19:38:45,2017-10-16,19,Monday,"#MeToo because apparently ""no, I feel sick and don't wanna"" wasn't good enough and I felt like giving in was easier #fuckyou","#MeToo because apparently ""no, I feel sick and don't wanna"" wasn't good enough and I felt like giving in was easier #fuckyou",0.0,1.0,ANDROID,#metoo,0.0,0.920482337474823,0.07308977842330933,0.0064278715290129185,-0.9140544659458101,0.920482337474823,Negative
11324,2017-10-16 22:16:40,2017-10-16,22,Monday,"Whut?! 
Sorry, was busy having a hurricane and the #metoo hashtag, did I miss another egregious abuse of power in t<e2><80><a6> https://t.co/mWgqnR2g1j","Whut?! Sorry, was busy having a hurricane and the #metoo hashtag, did I miss another egregious abuse of power in t<e2><80><a6> https://t.co/mWgqnR2g1j",0.0,1.0,ANDROID,#metoo,0.0,0.869746744632721,0.12086047232151031,0.009392775595188141,-0.8603539690375328,0.869746744632721,Negative
16554,2017-10-16 22:13:47,2017-10-16,22,Monday,Reading on subway car didnt realize it became empty he tried 2masturbate &amp;grab me train finally stops doors open &amp;I run #MeToo #NYC I was 18,Reading on subway car didnt realize it became empty he tried 2masturbate &amp;grab me train finally stops doors open &amp;I run #MeToo #NYC I was 18,0.0,0.0,IPHONE,#metoo,0.0,0.3579372763633728,0.5892799496650696,0.05278274044394493,-0.30515453591942787,0.5892799496650696,Neutral
24948,2017-10-16 23:20:53,2017-10-16,23,Monday,"saw this, just in case you dont feel safe with all the discussion going on. #MeToo https://t.co/TSQCTOcWb9","saw this, just in case you dont feel safe with all the discussion going on. #MeToo https://t.co/TSQCTOcWb9",0.0,0.0,IPHONE,#metoo,0.0,0.18009963631629944,0.7414109110832214,0.07848948240280151,-0.10161015391349792,0.7414109110832214,Neutral
10576,2017-10-16 20:22:14,2017-10-16,20,Monday,#meToo listens https://t.co/Ym2SydaJw4,#meToo listens https://t.co/Ym2SydaJw4,0.0,0.0,WEB,#metoo,0.0,0.04734611138701439,0.853036642074585,0.09961722791194916,0.05227111652493477,0.853036642074585,Neutral
2,2017-10-16 20:05:12,2017-10-16,20,Monday,Me seeing you post #MeToo several months after posting that the women's march protestors were disrespectful whiners. https://t.co/LQlZSRl0qk,Me seeing you post #MeToo several months after posting that the women's march protestors were disrespectful whiners. https://t.co/LQlZSRl0qk,0.0,0.0,ANDROID,#metoo,0.0,0.6482685208320618,0.3311672806739807,0.02056417241692543,-0.6277043484151363,0.6482685208320618,Negative
14221,2017-10-16 23:00:06,2017-10-16,23,Monday,"#MeToo: Sexual harassment, assault tales light up social media https://t.co/S25SMEbP6t https://t.co/VgMI3U3l81","#MeToo: Sexual harassment, assault tales light up social media https://t.co/S25SMEbP6t https://t.co/VgMI3U3l81",3.0,6.0,Unknown,#metoo,0.0,0.1864299774169922,0.7662877440452576,0.04728231579065323,-0.13914766162633896,0.7662877440452576,Neutral
24421,2017-10-16 20:38:47,2017-10-16,20,Monday,"First I thought I wouldn't tweet #MeToo, but then I realised how that's exactly what this is about. Too many of us<e2><80><a6> https://t.co/359D4jlJY4","First I thought I wouldn't tweet #MeToo, but then I realised how that's exactly what this is about. Too many of us<e2><80><a6> https://t.co/359D4jlJY4",0.0,3.0,ANDROID,#metoo,0.0,0.7374081611633301,0.24690082669258118,0.01569100096821785,-0.7217171601951122,0.7374081611633301,Negative
15354,2017-10-16 20:22:40,2017-10-16,20,Monday,#metoo. I was 5 when I was sexually harassed by a classmate. Told the staff but was told to be nice and he like me. No 1 cared how I felt.,#metoo. I was 5 when I was sexually harassed by a classmate. Told the staff but was told to be nice and he like me. No 1 cared how I felt.,0.0,0.0,IPHONE,#metoo,0.0,0.8647047281265259,0.12747107446193695,0.007824153639376163,-0.8568805744871497,0.8647047281265259,Negative
25795,2017-10-16 19:59:53,2017-10-16,19,Monday,"#Metoo trend highlights sexual harassment in wake of Weinstein claims https://t.co/zzPfU6Q0SO And of course, #Metoo","#Metoo trend highlights sexual harassment in wake of Weinstein claims https://t.co/zzPfU6Q0SO And of course, #Metoo",0.0,1.0,WEB,#metoo,0.0,0.651023268699646,0.33470186591148376,0.01427491381764412,-0.6367483548820019,0.651023268699646,Negative
12934,2017-10-16 23:04:07,2017-10-16,23,Monday,#MeToo my military boss attacked me in his car after I had been babysitting his 3 year old 1971. https://t.co/SoWaWbvLMx,#MeToo my military boss attacked me in his car after I had been babysitting his 3 year old 1971. https://t.co/SoWaWbvLMx,0.0,1.0,IPHONE,#metoo,0.0,0.7612071633338928,0.2291472852230072,0.009645529091358185,-0.7515616342425346,0.7612071633338928,Negative
27445,2017-10-16 21:06:56,2017-10-16,21,Monday,Being followed home by a middle-aged man who wanted to have sex with me and having to scream and shout to make him leave #MeToo,Being followed home by a middle-aged man who wanted to have sex with me and having to scream and shout to make him leave #MeToo,0.0,0.0,ANDROID,#metoo,0.0,0.74433434009552,0.2429206222295761,0.01274501159787178,-0.7315893284976482,0.74433434009552,Negative
18316,2017-10-16 19:46:39,2017-10-16,19,Monday,#MeToo is a Great Start... what else can you do? https://t.co/gdbythiUPu,#MeToo is a Great Start... what else can you do? https://t.co/gdbythiUPu,0.0,0.0,Unknown,#metoo,0.0,0.004305239766836166,0.042785611003637314,0.9529091715812683,0.9486039318144321,0.9529091715812683,Positive
11744,2017-10-16 21:56:26,2017-10-16,21,Monday,"I love the rallying cry of ""me too,"" but is there any woman out there who HASN'T been harassed, molested, or taken advantage of by #MeToo","I love the rallying cry of ""me too,"" but is there any woman out there who HASN'T been harassed, molested, or taken advantage of by #MeToo",0.0,0.0,ANDROID,#metoo,0.0,0.25819116830825806,0.3744488060474396,0.36736002564430237,0.10916885733604431,0.3744488060474396,Neutral
17319,2017-10-16 22:31:44,2017-10-16,22,Monday,I think there is a small % of women that hasn't suffered sexual harassment or  abuse of any kind... that is terrifying #MeToo #YoTambien,I think there is a small % of women that hasn't suffered sexual harassment or abuse of any kind... that is terrifying #MeToo #YoTambien,0.0,1.0,ANDROID,#metoo,0.0,0.8561741709709167,0.13330894708633423,0.010516900569200516,-0.8456572704017162,0.8561741709709167,Negative
8656,2017-10-16 20:52:48,2017-10-16,20,Monday,I've learned my sexual assault was not my fault. I have learned it's not okay. It still left a mark. https://t.co/m42TogKPif #MeToo,I've learned my sexual assault was not my fault. I have learned it's not okay. It still left a mark. https://t.co/m42TogKPif #MeToo,0.0,0.0,Unknown,#metoo,0.0,0.7979024052619934,0.18797919154167175,0.014118433929979801,-0.7837839713320136,0.7979024052619934,Negative
26960,2017-10-16 21:54:19,2017-10-16,21,Monday,"MeToo
A 7yr old friend's father; a Dr.; a BF &amp; an ex; a Sr. colleague; a recording artist, in a crowded studio; a 2nd Dr.; a fiance'
#MeToo","MeToo A 7yr old friend's father; a Dr.; a BF &amp; an ex; a Sr. colleague; a recording artist, in a crowded studio; a 2nd Dr.; a fiance' #MeToo",0.0,0.0,ANDROID,#metoo,0.0,0.15444566309452057,0.8038720488548279,0.04168224334716797,-0.1127634197473526,0.8038720488548279,Neutral
17931,2017-10-16 20:23:04,2017-10-16,20,Monday,@aparnapkin Sadly #metoo happens so often I hardly believe myself anymore #imtired,@aparnapkin Sadly #metoo happens so often I hardly believe myself anymore #imtired,0.0,2.0,IPHONE,#metoo,0.0,0.9285908937454224,0.0660773366689682,0.005331757012754679,-0.9232591367326677,0.9285908937454224,Negative
21620,2017-10-16 22:38:43,2017-10-16,22,Monday,We are both heartbroken and inspired by the #metoo campaign.  We have been running  this campaign in our hearts... https://t.co/osSdlQoIOi,We are both heartbroken and inspired by the #metoo campaign. We have been running this campaign in our hearts... https://t.co/osSdlQoIOi,1.0,1.0,Unknown,#metoo,0.0,0.23852528631687164,0.3305598795413971,0.43091484904289246,0.1923895627260208,0.43091484904289246,Positive
19684,2017-10-16 22:35:45,2017-10-16,22,Monday,You will never fully know someone's story...#MeToo,You will never fully know someone's story...#MeToo,0.0,1.0,IPHONE,#metoo,0.0,0.549371600151062,0.42839622497558594,0.022232167422771454,-0.5271394327282906,0.549371600151062,Negative
27587,2017-10-16 21:51:04,2017-10-16,21,Monday,9yrs old #MeToo,9yrs old #MeToo,0.0,2.0,WEB,#metoo,0.0,0.05027858912944794,0.855755090713501,0.09396623075008392,0.043687641620635986,0.855755090713501,Neutral
14089,2017-10-16 22:30:26,2017-10-16,22,Monday,@TrueFactsStated I agree #metoo,@TrueFactsStated I agree #metoo,0.0,0.0,IPHONE,#metoo,0.0,0.037645816802978516,0.6163308620452881,0.3460232615470886,0.3083774447441101,0.6163308620452881,Neutral
6252,2017-10-16 19:29:14,2017-10-16,19,Monday,#metoo My first experience was when I was 5 or 6 and it was a cousin.,#metoo My first experience was when I was 5 or 6 and it was a cousin.,0.0,0.0,WEB,#metoo,0.0,0.20174527168273926,0.7525660991668701,0.045688696205616,-0.15605657547712326,0.7525660991668701,Neutral
1657,2017-10-16 23:39:27,2017-10-16,23,Monday,"#MeToo b/c when you say no, it matters. When you<e2><80><99>re uncomfortable, there<e2><80><99>s a reason. And,believe it, it was never your fault @Alyssa_Milano","#MeToo b/c when you say no, it matters. When you<e2><80><99>re uncomfortable, there<e2><80><99>s a reason. And,believe it, it was never your fault @Alyssa_Milano",0.0,4.0,IPHONE,#metoo,0.0,0.4094408452510834,0.5187013149261475,0.07185778021812439,-0.337583065032959,0.5187013149261475,Neutral
847,2017-10-16 23:35:51,2017-10-16,23,Monday,"Whether it's happened to me or hasn't shouldn't matter when choosing to believe women, femmes and survivors #MeToo","Whether it's happened to me or hasn't shouldn't matter when choosing to believe women, femmes and survivors #MeToo",1.0,2.0,ANDROID,#metoo,0.0,0.5667015910148621,0.4148711562156677,0.018427299335598946,-0.5482742916792631,0.5667015910148621,Negative
25505,2017-10-16 20:01:59,2017-10-16,20,Monday,"#MeToo: No, a #Law Degree Doesn't Insulate You From Sexual Harassment https://t.co/vUXIC4Wt5H via @atlblog","#MeToo: No, a #Law Degree Doesn't Insulate You From Sexual Harassment https://t.co/vUXIC4Wt5H via @atlblog",0.0,1.0,WEB,#metoo,0.0,0.17762207984924316,0.7656447291374207,0.05673319101333618,-0.12088888883590698,0.7656447291374207,Neutral
25350,2017-10-16 20:47:56,2017-10-16,20,Monday,"Not bc it will change them; they knew they were doing wrong. Thats why they did it, to control. But bc it might cha<e2><80><a6> https://t.co/SNjVSk3KJO","Not bc it will change them; they knew they were doing wrong. Thats why they did it, to control. But bc it might cha<e2><80><a6> https://t.co/SNjVSk3KJO",0.0,0.0,IPHONE,#metoo,0.0,0.6765261292457581,0.3091052174568176,0.014368723146617413,-0.6621574060991406,0.6765261292457581,Negative
11431,2017-10-16 20:44:24,2017-10-16,20,Monday,"Hesitant at first, but after reading other peoples stories...#MeToo","Hesitant at first, but after reading other peoples stories...#MeToo",1.0,3.0,WEB,#metoo,0.0,0.2579982876777649,0.6623034477233887,0.07969828695058823,-0.17830000072717667,0.6623034477233887,Neutral
4492,2017-10-16 22:06:33,2017-10-16,22,Monday,#MeToo is so important. Spread the awareness of sexual harassment especially in the work place. It's hard a girl who hasn't had this problem,#MeToo is so important. Spread the awareness of sexual harassment especially in the work place. It's hard a girl who hasn't had this problem,0.0,1.0,IPHONE,#metoo,0.0,0.4540364146232605,0.38799232244491577,0.15797120332717896,-0.29606521129608154,0.4540364146232605,Negative
25977,2017-10-16 20:28:06,2017-10-16,20,Monday,"@GlennonDoyle And my hero is, like me, a #metoo.  I am pained by her pain, totally unsuprised, and love her more if at all possible.","@GlennonDoyle And my hero is, like me, a #metoo. I am pained by her pain, totally unsuprised, and love her more if at all possible.",0.0,0.0,IPHONE,#metoo,0.0,0.10349524021148682,0.19926881790161133,0.6972359418869019,0.593740701675415,0.6972359418869019,Positive
8644,2017-10-16 22:18:58,2017-10-16,22,Monday,#MeToo Speaking up in hopes my daughter doesn't have to one day <ed><a0><bd><ed><b1><8a><ed><a0><bc><ed><bf><bb>,#MeToo Speaking up in hopes my daughter doesn't have to one day <ed><a0><bd><ed><b1><8a><ed><a0><bc><ed><bf><bb>,0.0,0.0,IPHONE,#metoo,2.0,0.5821012854576111,0.37893053889274597,0.03896821290254593,-0.5431330725550652,0.5821012854576111,Negative
5655,2017-10-16 20:10:48,2017-10-16,20,Monday,"I wanted to post this everywhere.. Unfortunately I'm not at that point yet.. 
But #MeToo",I wanted to post this everywhere.. Unfortunately I'm not at that point yet.. But #MeToo,0.0,1.0,ANDROID,#metoo,0.0,0.6344506740570068,0.3351995348930359,0.03034977614879608,-0.6041008979082108,0.6344506740570068,Negative
16465,2017-10-16 19:24:57,2017-10-16,19,Monday,#MeToo Floods Social Media With Stories of Harassment and Assault via @NYTimes https://t.co/E8b4a566Y1,#MeToo Floods Social Media With Stories of Harassment and Assault via @NYTimes https://t.co/E8b4a566Y1,0.0,1.0,IPHONE,#metoo,0.0,0.6127424836158752,0.37523534893989563,0.012022222392261028,-0.6007202612236142,0.6127424836158752,Negative
21499,2017-10-16 19:42:31,2017-10-16,19,Monday,"#MeToo - Two Little Words With One Powerful Message, in light of the Harvey Weinstein accusations.  https://t.co/49XTi9zBda","#MeToo - Two Little Words With One Powerful Message, in light of the Harvey Weinstein accusations. https://t.co/49XTi9zBda",0.0,1.0,IPHONE,#metoo,0.0,0.05580565333366394,0.7922183871269226,0.15197600424289703,0.0961703509092331,0.7922183871269226,Neutral
7337,2017-10-16 22:58:35,2017-10-16,22,Monday,#MeToo I hate it that I've been feeling so conflicted and scared to speak out but it's something that needs to be addressed on this planet,#MeToo I hate it that I've been feeling so conflicted and scared to speak out but it's something that needs to be addressed on this planet,0.0,4.0,ANDROID,#metoo,0.0,0.9224828481674194,0.07211129367351532,0.00540588703006506,-0.9170769611373544,0.9224828481674194,Negative
9856,2017-10-16 21:09:01,2017-10-16,21,Monday,I'm saying #MeToo in hopes that future generations won't have to. https://t.co/Uj9dAeYuHy,I'm saying #MeToo in hopes that future generations won't have to. https://t.co/Uj9dAeYuHy,87.0,272.0,Unknown,#metoo,0.0,0.18781015276908875,0.6649137735366821,0.14727608859539032,-0.040534064173698425,0.6649137735366821,Neutral
20854,2017-10-16 20:12:50,2017-10-16,20,Monday,@apbenven Of course #metoo - surely there isn<e2><80><99>t a single woman who hasn<e2><80><99>t experienced sexual harassment. Not all wi<e2><80><a6> https://t.co/0PDHqaLuG5,@apbenven Of course #metoo - surely there isn<e2><80><99>t a single woman who hasn<e2><80><99>t experienced sexual harassment. Not all wi<e2><80><a6> https://t.co/0PDHqaLuG5,0.0,1.0,IPHONE,#metoo,0.0,0.5062210559844971,0.4509265422821045,0.042852386832237244,-0.4633686691522598,0.5062210559844971,Negative
6655,2017-10-16 22:28:48,2017-10-16,22,Monday,"Depressing but #metoo
Imagine being 15 and a male shop assistant feels you up while you're trying on jeans",Depressing but #metoo Imagine being 15 and a male shop assistant feels you up while you're trying on jeans,0.0,0.0,IPHONE,#metoo,0.0,0.6819442510604858,0.2937670648097992,0.024288639426231384,-0.6576556116342545,0.6819442510604858,Negative
580,2017-10-16 19:20:28,2017-10-16,19,Monday,@rosemcgowan keep the fight up! We are all #MeToo !,@rosemcgowan keep the fight up! We are all #MeToo !,0.0,1.0,WEB,#metoo,0.0,0.009131770581007004,0.09170200675725937,0.8991662859916687,0.8900345154106617,0.8991662859916687,Positive
2003,2017-10-16 19:42:34,2017-10-16,19,Monday,"I spend my time watching sexual violence. And other thoughts about #MeToo, Game of Thrones, and #HarveyWeinstein. https://t.co/lpD5JNHEBa","I spend my time watching sexual violence. And other thoughts about #MeToo, Game of Thrones, and #HarveyWeinstein. https://t.co/lpD5JNHEBa",0.0,0.0,WEB,#metoo,0.0,0.44765037298202515,0.5325347781181335,0.01981484517455101,-0.42783552780747414,0.5325347781181335,Neutral
26416,2017-10-16 21:33:00,2017-10-16,21,Monday,"Full story #Metoo https://t.co/gHNeqcCew4 
RT if interesting!",Full story #Metoo https://t.co/gHNeqcCew4 RT if interesting!,0.0,0.0,Unknown,#metoo,0.0,0.004354310687631369,0.3560190498828888,0.639626681804657,0.6352723711170256,0.639626681804657,Positive
15780,2017-10-16 20:15:05,2017-10-16,20,Monday,"Me, too. #metoo https://t.co/eR3vJrIjpM","Me, too. #metoo https://t.co/eR3vJrIjpM",0.0,0.0,WEB,#metoo,0.0,0.08647172898054123,0.6957800388336182,0.2177482694387436,0.13127654045820236,0.6957800388336182,Neutral
8159,2017-10-16 22:37:59,2017-10-16,22,Monday,"I have a lot of thoughts regarding #metoo 
I'm currently in therapy because I've been sexually assaulted/raped. I'm overwhelmed lately",I have a lot of thoughts regarding #metoo I'm currently in therapy because I've been sexually assaulted/raped. I'm overwhelmed lately,0.0,4.0,IPHONE,#metoo,0.0,0.8681315779685974,0.1209513321518898,0.01091713272035122,-0.8572144452482462,0.8681315779685974,Negative
251,2017-10-16 21:14:23,2017-10-16,21,Monday,Overlooked. Stereotyped. Made to feel unimportant or less than. Said NO &amp; been ignored. Inappropriate comments regarding body parts. #MeToo,Overlooked. Stereotyped. Made to feel unimportant or less than. Said NO &amp; been ignored. Inappropriate comments regarding body parts. #MeToo,0.0,0.0,ANDROID,#metoo,0.0,0.908966064453125,0.08565126359462738,0.0053826626390218735,-0.9035834018141031,0.908966064453125,Negative
11153,2017-10-16 20:54:47,2017-10-16,20,Monday,I'm sure if we are all honest most people have been either sexually harassed or assaulted or both #MeToo,I'm sure if we are all honest most people have been either sexually harassed or assaulted or both #MeToo,0.0,0.0,ANDROID,#metoo,0.0,0.6493472456932068,0.32982003688812256,0.020832693204283714,-0.6285145524889231,0.6493472456932068,Negative
1632,2017-10-16 20:54:37,2017-10-16,20,Monday,Me too. #MeToo,Me too. #MeToo,70.0,872.0,IPHONE,#metoo,0.0,0.06320705264806747,0.5410102605819702,0.3957826495170593,0.33257559686899185,0.5410102605819702,Neutral
7163,2017-10-16 21:03:15,2017-10-16,21,Monday,"I was taking a risk, wasn<e2><80><99>t I?
https://t.co/coCYSr1ESo

#MeToo #Heerlen","I was taking a risk, wasn<e2><80><99>t I? https://t.co/coCYSr1ESo #MeToo #Heerlen",4.0,0.0,WEB,#metoo,0.0,0.21697813272476196,0.7388609647750854,0.04416096210479736,-0.1728171706199646,0.7388609647750854,Neutral
11348,2017-10-16 19:32:14,2017-10-16,19,Monday,#MeToo But that should be assumed. https://t.co/bxGiVMF7wN,#MeToo But that should be assumed. https://t.co/bxGiVMF7wN,0.0,2.0,WEB,#metoo,0.0,0.1113133579492569,0.8386238217353821,0.050062891095876694,-0.0612504668533802,0.8386238217353821,Neutral
14396,2017-10-16 21:32:01,2017-10-16,21,Monday,Me too. #metoo https://t.co/3dnqL0oz69,Me too. #metoo https://t.co/3dnqL0oz69,1.0,2.0,IPHONE,#metoo,0.0,0.09840763360261917,0.6834518313407898,0.21814052760601044,0.11973289400339127,0.6834518313407898,Neutral
27218,2017-10-16 19:08:15,2017-10-16,19,Monday,"to all those coming forward and to all that can not, we stand with you #metoo","to all those coming forward and to all that can not, we stand with you #metoo",0.0,2.0,WEB,#metoo,0.0,0.04469545930624008,0.519171953201294,0.43613263964653015,0.39143718034029007,0.519171953201294,Neutral
27211,2017-10-16 19:52:36,2017-10-16,19,Monday,#MeToo: Utah women take to social media to share their stories of sexual harassment and assault https://t.co/8YXxksix5f #UtahSports,#MeToo: Utah women take to social media to share their stories of sexual harassment and assault https://t.co/8YXxksix5f #UtahSports,0.0,0.0,Unknown,#metoo,0.0,0.2449115365743637,0.7272083759307861,0.027880126610398293,-0.21703140996396542,0.7272083759307861,Neutral
24163,2017-10-16 22:34:26,2017-10-16,22,Monday,"I<e2><80><99>ll be silent on what and why and how, but #metoo","I<e2><80><99>ll be silent on what and why and how, but #metoo",0.0,3.0,IPHONE,#metoo,0.0,0.4990815222263336,0.4840596318244934,0.016858873888850212,-0.4822226483374834,0.4990815222263336,Negative
8115,2017-10-16 20:48:38,2017-10-16,20,Monday,#metoo because when a boy gets moody and upset with you when you say no to sex you automatically feel like the bad person - it is NOT OK,#metoo because when a boy gets moody and upset with you when you say no to sex you automatically feel like the bad person - it is NOT OK,2.0,12.0,IPHONE,#metoo,0.0,0.9178728461265564,0.07733463495969772,0.0047925314866006374,-0.9130803146399558,0.9178728461265564,Negative
4043,2017-10-16 22:59:52,2017-10-16,22,Monday,Lots of people suck. But not everyone sucks. #MeToo.,Lots of people suck. But not everyone sucks. #MeToo.,0.0,4.0,WEB,#metoo,0.0,0.8536152243614197,0.11937717348337173,0.027007631957530975,-0.8266075924038887,0.8536152243614197,Negative
1134,2017-10-16 21:44:57,2017-10-16,21,Monday,"1/ This morning I drove past some scaffolders and one whistled at me, because of the incredible solidarity of #metoo and the amazing women","1/ This morning I drove past some scaffolders and one whistled at me, because of the incredible solidarity of #metoo and the amazing women",0.0,13.0,IPHONE,#metoo,0.0,0.003725402755662799,0.027537070214748383,0.9687374830245972,0.9650120802689344,0.9687374830245972,Positive
7552,2017-10-16 19:38:56,2017-10-16,19,Monday,@lotteverbeek1 It's like who hasn't been. #MeToo,@lotteverbeek1 It's like who hasn't been. #MeToo,0.0,0.0,WEB,#metoo,0.0,0.19880534708499908,0.7267577052116394,0.07443691045045853,-0.12436843663454056,0.7267577052116394,Neutral
26934,2017-10-16 19:20:36,2017-10-16,19,Monday,"When explaining my latest sexual harassment incident, I was told I'm pretty, so therefore I should expect that kind of ""attention"" 
#MeToo","When explaining my latest sexual harassment incident, I was told I'm pretty, so therefore I should expect that kind of ""attention"" #MeToo",0.0,1.0,ANDROID,#metoo,0.0,0.20627300441265106,0.6161066293716431,0.17762035131454468,-0.028652653098106384,0.6161066293716431,Neutral
5525,2017-10-16 23:11:13,2017-10-16,23,Monday,@HoneyKinny Maybe if we<e2><80><99>re all honest it will get easier. <e2><9c><8a><ef><b8><8f><e2><9d><a4><ef><b8><8f> #MeToo,@HoneyKinny Maybe if we<e2><80><99>re all honest it will get easier. <e2><9c><8a><ef><b8><8f><e2><9d><a4><ef><b8><8f> #MeToo,0.0,1.0,IPHONE,#metoo,2.0,0.12259038537740707,0.6454373002052307,0.2319723516702652,0.10938196629285812,0.6454373002052307,Neutral
13000,2017-10-16 23:29:27,2017-10-16,23,Monday,#MeToo and did not know how to identify it until years later.,#MeToo and did not know how to identify it until years later.,1.0,12.0,Unknown,#metoo,0.0,0.7479671835899353,0.24159058928489685,0.010442253202199936,-0.7375249303877354,0.7479671835899353,Negative
13451,2017-10-16 19:30:37,2017-10-16,19,Monday,Sexual harassment is all around us - working as a barmaid I encountered many ways of it and I thought I have to wit<e2><80><a6> https://t.co/ugv6CIK6VL,Sexual harassment is all around us - working as a barmaid I encountered many ways of it and I thought I have to wit<e2><80><a6> https://t.co/ugv6CIK6VL,0.0,1.0,Unknown,#metoo,0.0,0.8734145760536194,0.1194276362657547,0.007157723885029554,-0.8662568521685898,0.8734145760536194,Negative
9977,2017-10-16 20:00:20,2017-10-16,20,Monday,"#MondayMorning Sean Hughes #Ophelia #redsun #MeToo #IdLikeToTeach Harvey Weinstein's $250,000 #DementiaCareSummit<ed><a0><bd><ed><b1><87>
<ed><a0><bd><ed><b2><8b><ed><a0><bd><ed><b2><8b>https://t.co/rx90KRiCfr","#MondayMorning Sean Hughes #Ophelia #redsun #MeToo #IdLikeToTeach Harvey Weinstein's $250,000 #DementiaCareSummit<ed><a0><bd><ed><b1><87> <ed><a0><bd><ed><b2><8b><ed><a0><bd><ed><b2><8b>https://t.co/rx90KRiCfr",33.0,39.0,WEB,#metoo,2.0,0.2251211404800415,0.7294073700904846,0.045471444725990295,-0.1796496957540512,0.7294073700904846,Neutral
13842,2017-10-16 21:08:28,2017-10-16,21,Monday,I'm very reluctant to talk about my own trauma but I just want everyone out there to know this shit is all too common. #metoo,I'm very reluctant to talk about my own trauma but I just want everyone out there to know this shit is all too common. #metoo,0.0,1.0,IPHONE,#metoo,0.0,0.8801997303962708,0.11309980601072311,0.006700453814119101,-0.8734992765821517,0.8801997303962708,Negative
23068,2017-10-16 22:56:19,2017-10-16,22,Monday,"#metoo. Me everyone, it seems. #sad #unbelievable <ed><a0><bd><ed><b1><ad><ed><a0><bd><ed><b1><ad><ed><a0><bd><ed><b1><ad><ed><a0><bd><ed><b1><ad><ed><a0><bd><ed><b1><ad><ed><a0><bd><ed><b1><ad><ed><a0><bd><ed><b1><ad><ed><a0><bd><ed><b1><ad><ed><a0><bd><ed><b1><ad><ed><a0><bd><ed><b1><ad><ed><a0><bd><ed><b1><ad><ed><a0><bd><ed><b1><ad><ed><a0><bd><ed><b1><ad><ed><a0><bd><ed><b1><ad>","#metoo. Me everyone, it seems. #sad #unbelievable <ed><a0><bd><ed><b1><ad><ed><a0><bd><ed><b1><ad><ed><a0><bd><ed><b1><ad><ed><a0><bd><ed><b1><ad><ed><a0><bd><ed><b1><ad><ed><a0><bd><ed><b1><ad><ed><a0><bd><ed><b1><ad><ed><a0><bd><ed><b1><ad><ed><a0><bd><ed><b1><ad><ed><a0><bd><ed><b1><ad><ed><a0><bd><ed><b1><ad><ed><a0><bd><ed><b1><ad><ed><a0><bd><ed><b1><ad><ed><a0><bd><ed><b1><ad>",0.0,2.0,IPHONE,#metoo,1.0,0.8439750075340271,0.14288043975830078,0.013144545257091522,-0.8308304622769356,0.8439750075340271,Negative
11278,2017-10-16 22:17:04,2017-10-16,22,Monday,"Late to this party, but.... #MeToo #businessloan #businessloans #smallbusinessloan","Late to this party, but.... #MeToo #businessloan #businessloans #smallbusinessloan",0.0,0.0,Unknown,#metoo,0.0,0.2674611806869507,0.6536465287208557,0.07889224588871002,-0.18856893479824066,0.6536465287208557,Neutral
15663,2017-10-16 21:27:28,2017-10-16,21,Monday,"Lmao at the girls that think #MeToo is for attention and that we need to ""grow thicker skin""","Lmao at the girls that think #MeToo is for attention and that we need to ""grow thicker skin""",0.0,1.0,IPHONE,#metoo,0.0,0.8471150994300842,0.14006268978118896,0.012822254560887814,-0.8342928448691964,0.8471150994300842,Negative
26853,2017-10-16 20:55:27,2017-10-16,20,Monday,"#MeToo 

Also, I have learned internalized misogyny is alive and well, even in liberal, blue New England.","#MeToo Also, I have learned internalized misogyny is alive and well, even in liberal, blue New England.",0.0,0.0,WEB,#metoo,0.0,0.825775146484375,0.16394124925136566,0.010283520445227623,-0.8154916260391474,0.825775146484375,Negative
24756,2017-10-16 19:52:05,2017-10-16,19,Monday,Men don<e2><80><99>t care if you<e2><80><99>re drunk and young! #MeToo,Men don<e2><80><99>t care if you<e2><80><99>re drunk and young! #MeToo,0.0,4.0,IPHONE,#metoo,0.0,0.7181416153907776,0.25235608220100403,0.02950226701796055,-0.688639348372817,0.7181416153907776,Negative
18926,2017-10-16 22:40:27,2017-10-16,22,Monday,Friend of my dad. Dad blew it off. Mom just shrugged. #MeToo,Friend of my dad. Dad blew it off. Mom just shrugged. #MeToo,0.0,2.0,IPHONE,#metoo,0.0,0.309061735868454,0.630922257900238,0.06001598387956619,-0.2490457519888878,0.630922257900238,Neutral
25553,2017-10-16 19:24:54,2017-10-16,19,Monday,#Metoo &amp;3 &amp;4 &amp;all the ones i've put of my mind,#Metoo &amp;3 &amp;4 &amp;all the ones i've put of my mind,0.0,0.0,ANDROID,#metoo,0.0,0.2601781189441681,0.6772401928901672,0.06258166581392288,-0.1975964531302452,0.6772401928901672,Neutral
13519,2017-10-16 19:43:20,2017-10-16,19,Monday,#MeToo and I have yet to meet a single woman who hasn't been in some point in their lives.,#MeToo and I have yet to meet a single woman who hasn't been in some point in their lives.,0.0,4.0,WEB,#metoo,0.0,0.3170216977596283,0.5778989195823669,0.10507936030626297,-0.21194233745336533,0.5778989195823669,Neutral
7187,2017-10-16 20:15:14,2017-10-16,20,Monday,Listen to @DonaldJTrumpJr talk (and laugh) about sexual harassment. #metoo https://t.co/y9BLR621er,Listen to @DonaldJTrumpJr talk (and laugh) about sexual harassment. #metoo https://t.co/y9BLR621er,0.0,0.0,IPHONE,#metoo,0.0,0.14978165924549103,0.7119669318199158,0.13825145363807678,-0.011530205607414246,0.7119669318199158,Neutral
20115,2017-10-16 21:18:39,2017-10-16,21,Monday,We stand in solidarity with survivors of sexual assault and harassment. #MeToo #RapeCultureIsReal #NoMore https://t.co/MawkuHMEFv,We stand in solidarity with survivors of sexual assault and harassment. #MeToo #RapeCultureIsReal #NoMore https://t.co/MawkuHMEFv,2.0,1.0,WEB,#metoo,0.0,0.30157992243766785,0.5453435182571411,0.153076633810997,-0.14850328862667084,0.5453435182571411,Neutral
1649,2017-10-16 23:04:19,2017-10-16,23,Monday,The #metoo posts have shown me how many women in my family have been victims. It<e2><80><99>s terrifying.,The #metoo posts have shown me how many women in my family have been victims. It<e2><80><99>s terrifying.,0.0,5.0,IPHONE,#metoo,0.0,0.9124358892440796,0.0812695175409317,0.006294542923569679,-0.9061413463205099,0.9124358892440796,Negative
27513,2017-10-16 20:48:53,2017-10-16,20,Monday,@Alyssa_Milano #metoo never really admitted until now...,@Alyssa_Milano #metoo never really admitted until now...,0.0,0.0,WEB,#metoo,0.0,0.5348530411720276,0.4547434449195862,0.01040351390838623,-0.5244495272636414,0.5348530411720276,Negative
22840,2017-10-16 20:39:41,2017-10-16,20,Monday,I<e2><80><99>ve been followed.I<e2><80><99>ve had things yelled to me that I still think about in disgust.I<e2><80><99>ve been cornered and asked for info.It goes on. #MeToo,I<e2><80><99>ve been followed.I<e2><80><99>ve had things yelled to me that I still think about in disgust.I<e2><80><99>ve been cornered and asked for info.It goes on. #MeToo,0.0,1.0,IPHONE,#metoo,0.0,0.9071334004402161,0.0862964391708374,0.0065701366402208805,-0.9005632637999952,0.9071334004402161,Negative
28127,2017-10-16 20:21:47,2017-10-16,20,Monday,"To the men tweeting in support of #Metoo, thank you. The the other men who then post a dumb <e2><80><9c>funny<e2><80><9d> comment on the support post, get a grip.","To the men tweeting in support of #Metoo, thank you. The the other men who then post a dumb <e2><80><9c>funny<e2><80><9d> comment on the support post, get a grip.",2.0,13.0,IPHONE,#metoo,0.0,0.4664309620857239,0.3678726553916931,0.16569633781909943,-0.30073462426662445,0.4664309620857239,Negative
939,2017-10-16 22:41:15,2017-10-16,22,Monday,@MichaelSkolnik I shared mine. #metoo,@MichaelSkolnik I shared mine. #metoo,0.0,1.0,IPHONE,#metoo,0.0,0.01753735914826393,0.7884191870689392,0.19404341280460358,0.17650605365633965,0.7884191870689392,Neutral
25709,2017-10-16 22:47:04,2017-10-16,22,Monday,#Metoo: Thousands of women identify themselves as victims of sexual harassment or assault with 'me too' hashtag https://t.co/GPk2whL53A,#Metoo: Thousands of women identify themselves as victims of sexual harassment or assault with 'me too' hashtag https://t.co/GPk2whL53A,1.0,1.0,Unknown,#metoo,0.0,0.555993378162384,0.4270559549331665,0.016950666904449463,-0.5390427112579346,0.555993378162384,Negative
19688,2017-10-16 19:32:41,2017-10-16,19,Monday,"#MeToo
Many times",#MeToo Many times,0.0,0.0,IPHONE,#metoo,0.0,0.10154985636472702,0.6798269748687744,0.21862320601940155,0.11707334965467453,0.6798269748687744,Neutral
20835,2017-10-16 21:08:04,2017-10-16,21,Monday,Popular people can still assault others. I'll never confront him but it makes my stomach turn at how many people love him. #metoo,Popular people can still assault others. I'll never confront him but it makes my stomach turn at how many people love him. #metoo,0.0,2.0,IPHONE,#metoo,0.0,0.8961615562438965,0.09441940486431122,0.009419058449566364,-0.8867424977943301,0.8961615562438965,Negative
4543,2017-10-16 22:13:51,2017-10-16,22,Monday,#MeToo because I made eye contact!!!!! Apparantly that is me giving permission. #No,#MeToo because I made eye contact!!!!! Apparantly that is me giving permission. #No,0.0,0.0,ANDROID,#metoo,0.0,0.3346956670284271,0.5373913645744324,0.1279129683971405,-0.20678269863128662,0.5373913645744324,Neutral
12774,2017-10-16 23:48:11,2017-10-16,23,Monday,"Never be afraid too speak up, don<e2><80><99>t wait till it<e2><80><99>s too late.
#MeToo","Never be afraid too speak up, don<e2><80><99>t wait till it<e2><80><99>s too late. #MeToo",0.0,3.0,IPHONE,#metoo,0.0,0.29856425523757935,0.5574102401733398,0.14402545988559723,-0.15453879535198212,0.5574102401733398,Neutral
24884,2017-10-16 22:32:10,2017-10-16,22,Monday,"Not Weinstein, but does this horror sit alongside the #MeToo sexual violence outpouring? Historic, ongoing, evil. https://t.co/9dGFdGdAT9","Not Weinstein, but does this horror sit alongside the #MeToo sexual violence outpouring? Historic, ongoing, evil. https://t.co/9dGFdGdAT9",7.0,12.0,IPHONE,#metoo,0.0,0.907213032245636,0.08692538738250732,0.005861559417098761,-0.9013514728285372,0.907213032245636,Negative
16642,2017-10-16 21:36:21,2017-10-16,21,Monday,@Alyssa_Milano Me too. #metoo,@Alyssa_Milano Me too. #metoo,0.0,0.0,IPHONE,#metoo,0.0,0.06269145756959915,0.6993951201438904,0.23791345953941345,0.1752220019698143,0.6993951201438904,Neutral
16791,2017-10-16 23:11:07,2017-10-16,23,Monday,Starting at 15 and several more times after. Even the women in the room thought it was funny. #metoo,Starting at 15 and several more times after. Even the women in the room thought it was funny. #metoo,0.0,3.0,Unknown,#metoo,0.0,0.03957808017730713,0.39420685172080994,0.5662150979042053,0.5266370177268982,0.5662150979042053,Positive
20474,2017-10-16 20:23:09,2017-10-16,20,Monday,Reading stories of women who were assaulted. Angered &amp; shocked at how Hwood protects the aggressor and not the victim. #MeToo,Reading stories of women who were assaulted. Angered &amp; shocked at how Hwood protects the aggressor and not the victim. #MeToo,0.0,0.0,IPHONE,#metoo,0.0,0.8737460970878601,0.11870831251144409,0.0075456066988408566,-0.8662004903890193,0.8737460970878601,Negative
21666,2017-10-16 19:18:53,2017-10-16,19,Monday,#MeToo such a fine line between harassment and flirting,#MeToo such a fine line between harassment and flirting,0.0,0.0,Unknown,#metoo,0.0,0.4346151053905487,0.5232229232788086,0.0421619787812233,-0.3924531266093254,0.5232229232788086,Neutral
5340,2017-10-16 23:42:34,2017-10-16,23,Monday,@Alyssa_Milano me too #metoo,@Alyssa_Milano me too #metoo,0.0,0.0,IPHONE,#metoo,0.0,0.04598725959658623,0.750089168548584,0.20392350852489471,0.1579362489283085,0.750089168548584,Neutral
28518,2017-10-16 20:01:14,2017-10-16,20,Monday,Because everyone wonders why I am so protective of my daughter....#Metoo <ed><a0><bd><ed><b1><b8><ed><a0><bc><ed><bf><bd><ed><a0><be><ed><b6><84><ed><a0><bd><ed><b2><ab><e2><99><a5><ef><b8><8f><ed><a0><bd><ed><b2><8b>,Because everyone wonders why I am so protective of my daughter....#Metoo <ed><a0><bd><ed><b1><b8><ed><a0><bc><ed><bf><bd><ed><a0><be><ed><b6><84><ed><a0><bd><ed><b2><ab><e2><99><a5><ef><b8><8f><ed><a0><bd><ed><b2><8b>,0.0,21.0,IPHONE,#metoo,6.0,0.364636093378067,0.5216566920280457,0.11370722949504852,-0.2509288638830185,0.5216566920280457,Neutral
6463,2017-10-16 21:56:36,2017-10-16,21,Monday,"@petrikevich I am so disgusted with #harveyweinstein, #rolfharris and other celebrities who think that they can get<e2><80><a6> https://t.co/G0jxRbBmh5","@petrikevich I am so disgusted with #harveyweinstein, #rolfharris and other celebrities who think that they can get<e2><80><a6> https://t.co/G0jxRbBmh5",0.0,0.0,WEB,#metoo,0.0,0.9258096218109131,0.06759379059076309,0.006596581544727087,-0.919213040266186,0.9258096218109131,Negative
17627,2017-10-16 21:42:42,2017-10-16,21,Monday,"I deleted my #metoo as it was a bit too revealing for my own comfort. Healing takes time. I believe you all, I am with you all.","I deleted my #metoo as it was a bit too revealing for my own comfort. Healing takes time. I believe you all, I am with you all.",0.0,10.0,WEB,#metoo,0.0,0.3134717345237732,0.5387197732925415,0.1478084772825241,-0.16566325724124908,0.5387197732925415,Neutral
4006,2017-10-16 22:02:38,2017-10-16,22,Monday,"#MeToo
The earliest I remember is age 11. I  started to be aware of behaviors and perceptions of both men and women",#MeToo The earliest I remember is age 11. I started to be aware of behaviors and perceptions of both men and women,0.0,0.0,ANDROID,#metoo,0.0,0.03338050842285156,0.8697609901428223,0.09685847908258438,0.06347797065973282,0.8697609901428223,Neutral
5877,2017-10-16 22:04:48,2017-10-16,22,Monday,#MeToo my ears feel sexually harassed every time @chelseahandler opens her stupid mouth.,#MeToo my ears feel sexually harassed every time @chelseahandler opens her stupid mouth.,0.0,0.0,WEB,#metoo,0.0,0.9597638845443726,0.034698136150836945,0.005537877790629864,-0.9542260067537427,0.9597638845443726,Negative
19450,2017-10-16 22:51:32,2017-10-16,22,Monday,"#MeToo
A thread.
I consider myself lucky. The pervy manager who liked to pinch my ass was fired after his behavior was reported. 1/",#MeToo A thread. I consider myself lucky. The pervy manager who liked to pinch my ass was fired after his behavior was reported. 1/,0.0,0.0,ANDROID,#metoo,0.0,0.2613459825515747,0.2862947881221771,0.4523591995239258,0.19101321697235107,0.4523591995239258,Positive
17942,2017-10-16 20:25:19,2017-10-16,20,Monday,"All of you wonderful people, please keep this going. It took me decades to be able to talk about it. #metoo","All of you wonderful people, please keep this going. It took me decades to be able to talk about it. #metoo",1.0,4.0,WEB,#metoo,0.0,0.018085960298776627,0.04959574341773987,0.9323182702064514,0.9142323099076748,0.9323182702064514,Positive
25451,2017-10-16 21:55:26,2017-10-16,21,Monday,"#metoo 
Because he and his friend thought I would enjoy getting my innocence stolen at 16 against my will. It happens more than you think.",#metoo Because he and his friend thought I would enjoy getting my innocence stolen at 16 against my will. It happens more than you think.,0.0,0.0,IPHONE,#metoo,0.0,0.8745682239532471,0.11749690771102905,0.007934905588626862,-0.8666333183646202,0.8745682239532471,Negative
6052,2017-10-16 19:54:57,2017-10-16,19,Monday,#MeToo and it still haunts my relationships making it hard to form meaningful connections or trust in others,#MeToo and it still haunts my relationships making it hard to form meaningful connections or trust in others,0.0,2.0,ANDROID,#metoo,0.0,0.8657889366149902,0.12555669248104095,0.008654375560581684,-0.8571345610544086,0.8657889366149902,Negative
9197,2017-10-16 23:22:06,2017-10-16,23,Monday,Silence will not change the world!  #MeToo,Silence will not change the world! #MeToo,0.0,1.0,Unknown,#metoo,0.0,0.6393740773200989,0.3157590925693512,0.04486681893467903,-0.5945072583854198,0.6393740773200989,Negative
21115,2017-10-16 20:25:35,2017-10-16,20,Monday,@washingtonpost And you<e2><80><99>re point is?? Not exactly sure. Griping?? How about suggesting a sollution. #MeToo,@washingtonpost And you<e2><80><99>re point is?? Not exactly sure. Griping?? How about suggesting a sollution. #MeToo,0.0,0.0,IPHONE,#metoo,0.0,0.6328737735748291,0.35583698749542236,0.011289184913039207,-0.6215845886617899,0.6328737735748291,Negative
19843,2017-10-16 23:23:22,2017-10-16,23,Monday,#MeToo More than once at more than one age. Are there more women who can say <e2><80><9c>not me<e2><80><9d>? Somehow I doubt it.,#MeToo More than once at more than one age. Are there more women who can say <e2><80><9c>not me<e2><80><9d>? Somehow I doubt it.,0.0,2.0,Unknown,#metoo,0.0,0.5750988125801086,0.3988858163356781,0.026015372946858406,-0.5490834396332502,0.5750988125801086,Negative
3393,2017-10-16 23:45:34,2017-10-16,23,Monday,I said no. I was then gaslighted and then later raped after I had taken my anxiety meds and was asleep. #MeToo https://t.co/ixPz4buimW,I said no. I was then gaslighted and then later raped after I had taken my anxiety meds and was asleep. #MeToo https://t.co/ixPz4buimW,0.0,0.0,IPHONE,#metoo,0.0,0.8877807855606079,0.10625045746564865,0.0059687248431146145,-0.8818120607174933,0.8877807855606079,Negative
3558,2017-10-16 19:08:42,2017-10-16,19,Monday,@DDMeringolo Wow. Honestly didn't expect to have this reaction Denise. Momentary twinge reminds me that it's not no<e2><80><a6> https://t.co/sAb3KgIdVf,@DDMeringolo Wow. Honestly didn't expect to have this reaction Denise. Momentary twinge reminds me that it's not no<e2><80><a6> https://t.co/sAb3KgIdVf,0.0,1.0,WEB,#metoo,0.0,0.18870164453983307,0.3652346134185791,0.4460637867450714,0.25736214220523834,0.4460637867450714,Positive
22672,2017-10-16 20:36:34,2017-10-16,20,Monday,"Looking back over years working with men, recall the MANY times they used their position &amp; power to intimidate. Should have done more #metoo","Looking back over years working with men, recall the MANY times they used their position &amp; power to intimidate. Should have done more #metoo",1.0,2.0,WEB,#metoo,0.0,0.7866470813751221,0.2007332146167755,0.012619675137102604,-0.7740274062380195,0.7866470813751221,Negative
15422,2017-10-16 23:22:12,2017-10-16,23,Monday,we shouldn<e2><80><99>t be scared to say anything until a large group of women do. we should feel safe to say #MeToo,we shouldn<e2><80><99>t be scared to say anything until a large group of women do. we should feel safe to say #MeToo,0.0,7.0,IPHONE,#metoo,0.0,0.10908526182174683,0.7444701790809631,0.14644449949264526,0.03735923767089844,0.7444701790809631,Neutral
27723,2017-10-16 19:27:43,2017-10-16,19,Monday,Stayed silent because my mother was embarrassed after she found out my dad was my rapist #metoo,Stayed silent because my mother was embarrassed after she found out my dad was my rapist #metoo,0.0,2.0,IPHONE,#metoo,0.0,0.8488934636116028,0.14432959258556366,0.0067770229652523994,-0.8421164406463504,0.8488934636116028,Negative
13690,2017-10-16 20:57:32,2017-10-16,20,Monday,"Seriously @spyderharrison SiriusXMHits1?? While everyone is talking #metoo, you throw #blurredlines in the rotation?","Seriously @spyderharrison SiriusXMHits1?? While everyone is talking #metoo, you throw #blurredlines in the rotation?",0.0,1.0,IPHONE,#metoo,0.0,0.8987692594528198,0.09577959030866623,0.005451110657304525,-0.8933181487955153,0.8987692594528198,Negative
16000,2017-10-16 23:52:48,2017-10-16,23,Monday,It<e2><80><99>s been more than 37 years and I<e2><80><99>m still traumatized if I see him. #metoo,It<e2><80><99>s been more than 37 years and I<e2><80><99>m still traumatized if I see him. #metoo,0.0,1.0,IPHONE,#metoo,0.0,0.9167880415916443,0.07609663903713226,0.007115345448255539,-0.9096726961433887,0.9167880415916443,Negative
24819,2017-10-16 20:52:57,2017-10-16,20,Monday,"#MondayMorning Sean Hughes #Ophelia #redsun #MeToo #IdLikeToTeach Harvey Weinstein's $250,000 #DementiaCareSummit<ed><a0><bd><ed><b8><8d><ed><a0><bd><ed><b8><8d><ed><a0><bd><ed><b8><8d><ed><a0><bd><ed><b8><9c>https://t.co/Bu0rbNLJoA","#MondayMorning Sean Hughes #Ophelia #redsun #MeToo #IdLikeToTeach Harvey Weinstein's $250,000 #DementiaCareSummit<ed><a0><bd><ed><b8><8d><ed><a0><bd><ed><b8><8d><ed><a0><bd><ed><b8><8d><ed><a0><bd><ed><b8><9c>https://t.co/Bu0rbNLJoA",39.0,39.0,WEB,#metoo,2.0,0.23628851771354675,0.7195997834205627,0.04411167651414871,-0.19217684119939804,0.7195997834205627,Neutral
14169,2017-10-16 19:35:05,2017-10-16,19,Monday,Thankfully not for a while but #MeToo,Thankfully not for a while but #MeToo,0.0,0.0,ANDROID,#metoo,0.0,0.10612847656011581,0.30977457761764526,0.5840969085693359,0.4779684320092201,0.5840969085693359,Positive
14299,2017-10-16 23:34:46,2017-10-16,23,Monday,#MeToo for the times I<e2><80><99>ve been harrassed and groped without my consent,#MeToo for the times I<e2><80><99>ve been harrassed and groped without my consent,1.0,0.0,IPHONE,#metoo,0.0,0.8261799216270447,0.1635170429944992,0.010303102433681488,-0.8158768191933632,0.8261799216270447,Negative
15653,2017-10-16 20:44:05,2017-10-16,20,Monday,#metoo is sad and overwhelming and feels like one giant group hug of shared pain and endless support https://t.co/IP6WL4DHzm,#metoo is sad and overwhelming and feels like one giant group hug of shared pain and endless support https://t.co/IP6WL4DHzm,0.0,1.0,IPHONE,#metoo,0.0,0.872694194316864,0.11120360344648361,0.016102150082588196,-0.8565920442342758,0.872694194316864,Negative
5573,2017-10-16 20:06:52,2017-10-16,20,Monday,"My ex best friends brother in law grabbed my tits in the car with him and his gf, who all laughed it off #MeToo","My ex best friends brother in law grabbed my tits in the car with him and his gf, who all laughed it off #MeToo",0.0,3.0,IPHONE,#metoo,0.0,0.40557846426963806,0.49003177881240845,0.10438981652259827,-0.3011886477470398,0.49003177881240845,Neutral
28368,2017-10-16 22:31:03,2017-10-16,22,Monday,"To all you  brave women  who  are  sharing your  stories, thank you. I shouldn't have  to  feel ashamed to  say<e2><80><a6> https://t.co/YA6uRg2gm9","To all you brave women who are sharing your stories, thank you. I shouldn't have to feel ashamed to say<e2><80><a6> https://t.co/YA6uRg2gm9",0.0,1.0,IPHONE,#metoo,0.0,0.027964388951659203,0.11037149280309677,0.8616641163825989,0.8336997274309397,0.8616641163825989,Positive
10901,2017-10-16 20:26:19,2017-10-16,20,Monday,It's sad to see how many girls are tweeting about #MeToo and it's sad that I am one of them also.,It's sad to see how many girls are tweeting about #MeToo and it's sad that I am one of them also.,0.0,2.0,IPHONE,#metoo,0.0,0.9373356699943542,0.05848807841539383,0.0041762664914131165,-0.9331594035029411,0.9373356699943542,Negative
6394,2017-10-16 19:39:13,2017-10-16,19,Monday,I hope everyone posting about #metoo recognizes that our current president is one of those men who does that. And brags about it.,I hope everyone posting about #metoo recognizes that our current president is one of those men who does that. And brags about it.,0.0,0.0,WEB,#metoo,0.0,0.7168605923652649,0.25132423639297485,0.03181513771414757,-0.6850454546511173,0.7168605923652649,Negative
1985,2017-10-16 22:19:17,2017-10-16,22,Monday,redostoneage: RT TwitchyTeam: WOW: Did Monica Lewinsky just SMACK Bill Clinton with her #MeToo tweet? https://t.co/VcaSjboJrF,redostoneage: RT TwitchyTeam: WOW: Did Monica Lewinsky just SMACK Bill Clinton with her #MeToo tweet? https://t.co/VcaSjboJrF,0.0,0.0,Unknown,#metoo,0.0,0.19435985386371613,0.7286993265151978,0.0769408717751503,-0.11741898208856583,0.7286993265151978,Neutral
23015,2017-10-16 19:28:26,2017-10-16,19,Monday,"#MeToo 

Speak out. Make yourself heard. Stand with others. 

It<e2><80><99>s not your fault. It<e2><80><99>s not anything you did or wore. 

Don<e2><80><99>t be silenced.",#MeToo Speak out. Make yourself heard. Stand with others. It<e2><80><99>s not your fault. It<e2><80><99>s not anything you did or wore. Don<e2><80><99>t be silenced.,0.0,11.0,IPHONE,#metoo,0.0,0.5167802572250366,0.44363296031951904,0.03958678990602493,-0.4771934673190117,0.5167802572250366,Negative
12300,2017-10-16 22:02:51,2017-10-16,22,Monday,"I do a fair amount of tv. This was the 1st time in a long time my heart was in my throat, even though so many other<e2><80><a6> https://t.co/9QyJCL5FLS","I do a fair amount of tv. This was the 1st time in a long time my heart was in my throat, even though so many other<e2><80><a6> https://t.co/9QyJCL5FLS",1.0,21.0,IPHONE,#metoo,0.0,0.1842707097530365,0.5016459226608276,0.31408339738845825,0.12981268763542175,0.5016459226608276,Neutral
6245,2017-10-16 23:12:58,2017-10-16,23,Monday,"Watch them all #metoo #ThatsHarassment 

https://t.co/SqgfRswVvI",Watch them all #metoo #ThatsHarassment https://t.co/SqgfRswVvI,0.0,0.0,ANDROID,#metoo,0.0,0.8130913376808167,0.17624148726463318,0.010667150840163231,-0.8024241868406534,0.8130913376808167,Negative
6440,2017-10-16 21:52:25,2017-10-16,21,Monday,The latest The David Daily Daily! https://t.co/6AREI4AhdN #applenews #metoo,The latest The David Daily Daily! https://t.co/6AREI4AhdN #applenews #metoo,0.0,0.0,Unknown,#metoo,0.0,0.015852736309170723,0.8710847496986389,0.11306249350309372,0.097209757193923,0.8710847496986389,Neutral
26103,2017-10-16 23:58:30,2017-10-16,23,Monday,"My heart is breaking with every #metoo I see. Keep loving, friends. Love so fiercely and wholeheartedly. And keep this conversation going.","My heart is breaking with every #metoo I see. Keep loving, friends. Love so fiercely and wholeheartedly. And keep this conversation going.",0.0,11.0,IPHONE,#metoo,0.0,0.4754374027252197,0.2588620185852051,0.26570063829421997,-0.20973676443099976,0.4754374027252197,Negative
9440,2017-10-16 23:23:36,2017-10-16,23,Monday,"#metoo 
Don't forget there's marital rape too..the person you're married to can rape you as well",#metoo Don't forget there's marital rape too..the person you're married to can rape you as well,1.0,1.0,ANDROID,#metoo,0.0,0.7760913372039795,0.21378441154956818,0.0101242670789361,-0.7659670701250434,0.7760913372039795,Negative
12581,2017-10-16 23:15:58,2017-10-16,23,Monday,Please read the entire post/link! #MeToo https://t.co/TZvVfLNczi,Please read the entire post/link! #MeToo https://t.co/TZvVfLNczi,0.0,1.0,ANDROID,#metoo,0.0,0.04571360722184181,0.766035795211792,0.1882505565881729,0.1425369493663311,0.766035795211792,Neutral
15709,2017-10-16 21:35:48,2017-10-16,21,Monday,I was sexually assaulted by my boyfriend. His lawyer humiliated me and blamed me. Held up my torn underwear. It was not my fault <e2><98><b9><ef><b8><8f>#metoo,I was sexually assaulted by my boyfriend. His lawyer humiliated me and blamed me. Held up my torn underwear. It was not my fault <e2><98><b9><ef><b8><8f>#metoo,0.0,0.0,IPHONE,#metoo,1.0,0.927129864692688,0.06762349605560303,0.005246632732450962,-0.921883231960237,0.927129864692688,Negative
3444,2017-10-16 21:04:43,2017-10-16,21,Monday,THANK YOU @realDonaldTrump for being a good example of a bad hombre. #MeToo #WomenWillRoar https://t.co/Wf25pdUFxJ,THANK YOU @realDonaldTrump for being a good example of a bad hombre. #MeToo #WomenWillRoar https://t.co/Wf25pdUFxJ,0.0,0.0,IPHONE,#metoo,0.0,0.12488718330860138,0.23184899985790253,0.6432638168334961,0.5183766335248947,0.6432638168334961,Positive
4847,2017-10-16 19:02:46,2017-10-16,19,Monday,"2/3 #metoo
your strength is deeper. 
your journey deserves better.
and this wound needs to be healed. 
share your '<e2><80><a6> https://t.co/IX5ZbGctwd",2/3 #metoo your strength is deeper. your journey deserves better. and this wound needs to be healed. share your '<e2><80><a6> https://t.co/IX5ZbGctwd,0.0,0.0,WEB,#metoo,0.0,0.04545019194483757,0.35954728722572327,0.5950024724006653,0.5495522804558277,0.5950024724006653,Positive
20248,2017-10-16 20:20:22,2017-10-16,20,Monday,All of these #Metoo tweets are so heartbreaking :((,All of these #Metoo tweets are so heartbreaking :((,0.0,1.0,IPHONE,#metoo,0.0,0.9250600934028625,0.06797640025615692,0.006963517516851425,-0.9180965758860111,0.9250600934028625,Negative
9791,2017-10-16 22:32:50,2017-10-16,22,Monday,"#metoo

At 12, at 16, at 18... It made me think there was something wrong with me for attracting such attention.... https://t.co/7maO3WL9zY","#metoo At 12, at 16, at 18... It made me think there was something wrong with me for attracting such attention.... https://t.co/7maO3WL9zY",0.0,0.0,Unknown,#metoo,0.0,0.7835115790367126,0.20362576842308044,0.012862620875239372,-0.7706489581614733,0.7835115790367126,Negative
25751,2017-10-16 21:53:15,2017-10-16,21,Monday,"#MeToo I think @jonfavs should Produce, Direct, and Star in the inevitable Harvey Weinstein Movie.","#MeToo I think @jonfavs should Produce, Direct, and Star in the inevitable Harvey Weinstein Movie.",0.0,0.0,WEB,#metoo,0.0,0.24643193185329437,0.6718521118164062,0.08171598613262177,-0.1647159457206726,0.6718521118164062,Neutral
17560,2017-10-16 20:14:31,2017-10-16,20,Monday,"Me too.

If people who've been sexually harassed/assaulted wrote ""Me too"" might give people a sense of the magnitude of the problem #MeToo","Me too. If people who've been sexually harassed/assaulted wrote ""Me too"" might give people a sense of the magnitude of the problem #MeToo",0.0,1.0,ANDROID,#metoo,0.0,0.594532310962677,0.37200117111206055,0.03346649929881096,-0.561065811663866,0.594532310962677,Negative
26841,2017-10-16 20:07:44,2017-10-16,20,Monday,So let's talk about Trump's assaults. He admitted he's a sexual predator Let's hear it all if it's not 'that' bad<e2><80><a6> https://t.co/xVdTok5UOc,So let's talk about Trump's assaults. He admitted he's a sexual predator Let's hear it all if it's not 'that' bad<e2><80><a6> https://t.co/xVdTok5UOc,1.0,1.0,IPHONE,#metoo,0.0,0.779877781867981,0.20515932142734528,0.014962852001190186,-0.7649149298667908,0.779877781867981,Negative
11403,2017-10-16 22:00:05,2017-10-16,22,Monday,To The Men on the Other Side of #MeToo https://t.co/UIcdxW42bV via @johnpavlovitz,To The Men on the Other Side of #MeToo https://t.co/UIcdxW42bV via @johnpavlovitz,0.0,1.0,WEB,#metoo,0.0,0.034334637224674225,0.9136626124382019,0.05200280249118805,0.017668165266513824,0.9136626124382019,Neutral
21930,2017-10-16 23:17:25,2017-10-16,23,Monday,No type of parenting or clothing you wear excuses rape or sexual assault. I thought that this was obvious but Twitter says otherwise. #metoo,No type of parenting or clothing you wear excuses rape or sexual assault. I thought that this was obvious but Twitter says otherwise. #metoo,0.0,2.0,IPHONE,#metoo,0.0,0.8375000357627869,0.15415534377098083,0.008344613015651703,-0.8291554227471352,0.8375000357627869,Negative
4712,2017-10-16 23:06:15,2017-10-16,23,Monday,"My stop, meant stop. 
#MeToo","My stop, meant stop. #MeToo",0.0,0.0,IPHONE,#metoo,0.0,0.3492339253425598,0.5449672341346741,0.10579881072044373,-0.2434351146221161,0.5449672341346741,Neutral
2202,2017-10-16 20:57:32,2017-10-16,20,Monday,"#MeToo and I had the chance to have someone rescuing me. I never had the chance to say thank you, but now is a good time","#MeToo and I had the chance to have someone rescuing me. I never had the chance to say thank you, but now is a good time",0.0,0.0,IPHONE,#metoo,0.0,0.03259871527552605,0.09633663296699524,0.8710646629333496,0.8384659476578236,0.8710646629333496,Positive
1345,2017-10-16 23:44:48,2017-10-16,23,Monday,"I wholeheartedly support the #metoo movement against sexual assualt, rape, etc..No one should have to experience being assaulted.","I wholeheartedly support the #metoo movement against sexual assualt, rape, etc..No one should have to experience being assaulted.",0.0,0.0,WEB,#metoo,0.0,0.4962175786495209,0.34844812750816345,0.15533429384231567,-0.3408832848072052,0.4962175786495209,Negative
27086,2017-10-16 21:02:35,2017-10-16,21,Monday,"@NerySaenz #MeToo Nery I tell #numnuts who date my 3 girls u hurt her I hurt you, period! No discussion! #FEAR is wonderful motivator!","@NerySaenz #MeToo Nery I tell #numnuts who date my 3 girls u hurt her I hurt you, period! No discussion! #FEAR is wonderful motivator!",0.0,2.0,IPHONE,#metoo,0.0,0.4229966998100281,0.3546712398529053,0.22233213484287262,-0.20066456496715546,0.4229966998100281,Negative
27136,2017-10-16 23:30:24,2017-10-16,23,Monday,"I don<e2><80><99>t have a story, but I support and am here for all the women who have a #metoo story come forward and tell people what<e2><80><99>s going on. <e2><9d><a4><ef><b8><8f><ed><a0><bd><ed><b9><8f><ed><a0><bc><ed><bf><bc>","I don<e2><80><99>t have a story, but I support and am here for all the women who have a #metoo story come forward and tell people what<e2><80><99>s going on. <e2><9d><a4><ef><b8><8f><ed><a0><bd><ed><b9><8f><ed><a0><bc><ed><bf><bc>",1.0,1.0,IPHONE,#metoo,3.0,0.1253625899553299,0.6160644292831421,0.2585729658603668,0.13321037590503693,0.6160644292831421,Neutral
1684,2017-10-16 21:46:15,2017-10-16,21,Monday,RESIST. #MeToo,RESIST. #MeToo,0.0,0.0,WEB,#metoo,0.0,0.2498905062675476,0.6135305166244507,0.1365789771080017,-0.1133115291595459,0.6135305166244507,Neutral
24480,2017-10-16 22:40:50,2017-10-16,22,Monday,"#MeToo 
Women Speak Up on Sexual Harassment",#MeToo Women Speak Up on Sexual Harassment,2.0,5.0,Unknown,#metoo,0.0,0.388639897108078,0.5715623497962952,0.03979778662323952,-0.3488421104848385,0.5715623497962952,Neutral
22883,2017-10-16 20:37:49,2017-10-16,20,Monday,"I don<e2><80><99>t need to be PROTECTED, I need to be RESPECTED. #MeToo","I don<e2><80><99>t need to be PROTECTED, I need to be RESPECTED. #MeToo",0.0,2.0,IPHONE,#metoo,0.0,0.2078259140253067,0.6067440509796143,0.18543003499507904,-0.02239587903022766,0.6067440509796143,Neutral
17718,2017-10-16 21:19:36,2017-10-16,21,Monday,You changed me. #metoo,You changed me. #metoo,0.0,2.0,IPHONE,#metoo,0.0,0.009264755062758923,0.07826404273509979,0.9124712347984314,0.9032064797356725,0.9124712347984314,Positive
18153,2017-10-16 22:55:27,2017-10-16,22,Monday,#MeToo Got Fired because I didn't! !,#MeToo Got Fired because I didn't! !,0.0,1.0,Unknown,#metoo,0.0,0.8441833853721619,0.14251738786697388,0.013299289159476757,-0.8308840962126851,0.8441833853721619,Negative
13140,2017-10-16 22:54:03,2017-10-16,22,Monday,"#MeToo: Stars Share Stories of Sexual Harassment, Assault https://t.co/VFtQrDx5fT #Twitter #CelebrityGossip","#MeToo: Stars Share Stories of Sexual Harassment, Assault https://t.co/VFtQrDx5fT #Twitter #CelebrityGossip",0.0,0.0,Unknown,#metoo,0.0,0.3422069549560547,0.640566885471344,0.017226073890924454,-0.32498088106513023,0.640566885471344,Neutral
12871,2017-10-16 21:30:15,2017-10-16,21,Monday,"Me too...

I was drugged and it ultimately destroyed my relationship at the time.

#MeToo",Me too... I was drugged and it ultimately destroyed my relationship at the time. #MeToo,0.0,0.0,WEB,#metoo,0.0,0.9001554250717163,0.09257416427135468,0.007270334288477898,-0.8928850907832384,0.9001554250717163,Negative
19563,2017-10-16 22:03:59,2017-10-16,22,Monday,I am part of the #metoo movement. We aren't alone. https://t.co/XMAoBDRgOV via @allthemoms_,I am part of the #metoo movement. We aren't alone. https://t.co/XMAoBDRgOV via @allthemoms_,1.0,3.0,WEB,#metoo,0.0,0.011235051788389683,0.2735452651977539,0.7152196168899536,0.7039845651015639,0.7152196168899536,Positive
26320,2017-10-16 22:14:11,2017-10-16,22,Monday,"#MeToo There's hope <e2><9e><a1><ef><b8><8f>*Overheard Construction workers* ""That #HarveyWeinstein is a dirty pervert isn't he?Remember Savile horrible perv too""","#MeToo There's hope <e2><9e><a1><ef><b8><8f>*Overheard Construction workers* ""That #HarveyWeinstein is a dirty pervert isn't he?Remember Savile horrible perv too""",0.0,0.0,WEB,#metoo,1.0,0.25874072313308716,0.5462875962257385,0.19497163593769073,-0.06376908719539642,0.5462875962257385,Neutral
5523,2017-10-16 22:35:29,2017-10-16,22,Monday,"#MeToo 
I was 13. 
He is my best friends boyfriend. Still is. 
Boys will be boys.

They've all forgotten. 
I haven't.",#MeToo I was 13. He is my best friends boyfriend. Still is. Boys will be boys. They've all forgotten. I haven't.,0.0,1.0,ANDROID,#metoo,0.0,0.05347472056746483,0.2663218677043915,0.6802034378051758,0.626728717237711,0.6802034378051758,Positive
4995,2017-10-16 23:29:09,2017-10-16,23,Monday,I've been very open about my own sexual trauma but haven't participated in #MeToo because why should we have to beg you people for empathy,I've been very open about my own sexual trauma but haven't participated in #MeToo because why should we have to beg you people for empathy,0.0,27.0,ANDROID,#metoo,0.0,0.7518414258956909,0.23418906331062317,0.013969558291137218,-0.7378718676045537,0.7518414258956909,Negative
9023,2017-10-16 21:05:04,2017-10-16,21,Monday,When I was young I remember playing in my front yard and being cat called by the landscapers. #metoo,When I was young I remember playing in my front yard and being cat called by the landscapers. #metoo,0.0,2.0,IPHONE,#metoo,0.0,0.12524716556072235,0.7519785761833191,0.12277428060770035,-0.002472884953022003,0.7519785761833191,Neutral
10190,2017-10-16 20:46:04,2017-10-16,20,Monday,"It's sad the excuses you come up with so you can continue living in a state of denial, all that does is make the realization worse #MeToo","It's sad the excuses you come up with so you can continue living in a state of denial, all that does is make the realization worse #MeToo",0.0,0.0,IPHONE,#metoo,0.0,0.9407496452331543,0.05486683174967766,0.004383557941764593,-0.9363660872913897,0.9407496452331543,Negative
21832,2017-10-16 21:03:09,2017-10-16,21,Monday,Does it count me being sexually harassed if on my gigs women come and touch me sometimes and suggest sexual intercourse activities? #MeToo,Does it count me being sexually harassed if on my gigs women come and touch me sometimes and suggest sexual intercourse activities? #MeToo,0.0,0.0,WEB,#metoo,0.0,0.69517982006073,0.293170690536499,0.011649473570287228,-0.6835303464904428,0.69517982006073,Negative
3830,2017-10-16 23:20:14,2017-10-16,23,Monday,Thankful my #MeToo was just a homeless man saying I should take a pic of his junk. Posting for my sisters who have been thru so much more.,Thankful my #MeToo was just a homeless man saying I should take a pic of his junk. Posting for my sisters who have been thru so much more.,0.0,1.0,ANDROID,#metoo,0.0,0.16235829889774323,0.35149767994880676,0.48614397644996643,0.3237856775522232,0.48614397644996643,Positive
9025,2017-10-16 22:15:27,2017-10-16,22,Monday,"Late to this party, but.... #MeToo","Late to this party, but.... #MeToo",3.0,15.0,WEB,#metoo,0.0,0.13639305531978607,0.6970584988594055,0.166548490524292,0.03015543520450592,0.6970584988594055,Neutral
18289,2017-10-16 19:12:36,2017-10-16,19,Monday,You don't have to share your story just #MeToo <ed><a0><bd><ed><b2><95>,You don't have to share your story just #MeToo <ed><a0><bd><ed><b2><95>,1.0,11.0,IPHONE,#metoo,1.0,0.2359125316143036,0.7098151445388794,0.05427240580320358,-0.1816401258111,0.7098151445388794,Neutral
5699,2017-10-16 21:14:03,2017-10-16,21,Monday,I am not a victim of #sexualassault I am a survivor of it. I choose to be a survivor &amp; I choose to stand up for those who can't. #metoo,I am not a victim of #sexualassault I am a survivor of it. I choose to be a survivor &amp; I choose to stand up for those who can't. #metoo,0.0,1.0,ANDROID,#metoo,0.0,0.25840798020362854,0.6283177733421326,0.11327420175075531,-0.14513377845287323,0.6283177733421326,Neutral
27244,2017-10-16 19:37:57,2017-10-16,19,Monday,Opinion | Why I thought twice before saying #MeToo https://t.co/1fDXoEvRXy,Opinion | Why I thought twice before saying #MeToo https://t.co/1fDXoEvRXy,0.0,0.0,WEB,#metoo,0.0,0.2513684332370758,0.7120702862739563,0.03656136989593506,-0.21480706334114075,0.7120702862739563,Neutral
302,2017-10-16 19:02:47,2017-10-16,19,Monday,#MeToo (quoting cuz this is super important so do not ignore) https://t.co/kNGAaE7tVL,#MeToo (quoting cuz this is super important so do not ignore) https://t.co/kNGAaE7tVL,1.0,2.0,ANDROID,#metoo,0.0,0.01677848957479,0.22114403545856476,0.7620775103569031,0.7452990207821131,0.7620775103569031,Positive
12566,2017-10-16 22:26:56,2017-10-16,22,Monday,"#MeToo 
because they weren't taught to appreciate the essence of a woman rightly
#betterworld #tomorrow",#MeToo because they weren't taught to appreciate the essence of a woman rightly #betterworld #tomorrow,0.0,1.0,IPHONE,#metoo,0.0,0.6644495129585266,0.31024596095085144,0.02530454657971859,-0.639144966378808,0.6644495129585266,Negative
210,2017-10-16 19:02:06,2017-10-16,19,Monday,"#metoo is really fucking important right now. Read, listen, love.","#metoo is really fucking important right now. Read, listen, love.",0.0,1.0,IPHONE,#metoo,0.0,0.12591539323329926,0.22497032582759857,0.6491143107414246,0.5231989175081253,0.6491143107414246,Positive
1974,2017-10-16 19:12:15,2017-10-16,19,Monday,"@Alyssa_Milano #MeToo when I was 8 years old. I<e2><80><98>m 33 now and until this day, I<e2><80><99>ve never talked about it.","@Alyssa_Milano #MeToo when I was 8 years old. I<e2><80><98>m 33 now and until this day, I<e2><80><99>ve never talked about it.",0.0,0.0,IPHONE,#metoo,0.0,0.33273670077323914,0.5867359042167664,0.08052734285593033,-0.2522093579173088,0.5867359042167664,Neutral
16748,2017-10-16 23:00:14,2017-10-16,23,Monday,This #metoo deal even has me thinkin. Humbled.,This #metoo deal even has me thinkin. Humbled.,0.0,0.0,IPHONE,#metoo,0.0,0.025992369279265404,0.31360870599746704,0.6603989601135254,0.63440659083426,0.6603989601135254,Positive
315,2017-10-16 22:34:56,2017-10-16,22,Monday,When you hang your head in silence for years. Ashamed when he should be. #metoo,When you hang your head in silence for years. Ashamed when he should be. #metoo,0.0,0.0,ANDROID,#metoo,0.0,0.8071087598800659,0.18363574147224426,0.009255523793399334,-0.7978532360866666,0.8071087598800659,Negative
24411,2017-10-16 22:31:17,2017-10-16,22,Monday,"The older guy at the office who cornered me &amp; made inappropriate comments &amp; continued to work there for 3+ years after I spoke up
#MeToo",The older guy at the office who cornered me &amp; made inappropriate comments &amp; continued to work there for 3+ years after I spoke up #MeToo,0.0,0.0,WEB,#metoo,0.0,0.8505991697311401,0.14089542627334595,0.008505427278578281,-0.8420937424525619,0.8505991697311401,Negative
27746,2017-10-16 21:53:11,2017-10-16,21,Monday,You are absolutely not alone. We're here and we'll listen. #MeToo https://t.co/jThhl9gZRi,You are absolutely not alone. We're here and we'll listen. #MeToo https://t.co/jThhl9gZRi,1.0,2.0,WEB,#metoo,0.0,0.04741275683045387,0.3150506913661957,0.6375365853309631,0.5901238285005093,0.6375365853309631,Positive
28230,2017-10-16 19:39:46,2017-10-16,19,Monday,Some thoughts on how we can do better. #metoo https://t.co/z8e6QB9Wla,Some thoughts on how we can do better. #metoo https://t.co/z8e6QB9Wla,1.0,3.0,WEB,#metoo,0.0,0.04339836165308952,0.7848148941993713,0.17178672552108765,0.12838836386799812,0.7848148941993713,Neutral
14683,2017-10-16 21:11:45,2017-10-16,21,Monday,"A sleeping 17-year-old girl isn't ""free game"" to touch wherever you please #MeToo","A sleeping 17-year-old girl isn't ""free game"" to touch wherever you please #MeToo",0.0,14.0,IPHONE,#metoo,0.0,0.5788066387176514,0.4038601219654083,0.017333168536424637,-0.5614734701812267,0.5788066387176514,Negative
5879,2017-10-16 21:51:18,2017-10-16,21,Monday,Ladies of twitter: how are you feeling when you are seeing men post #metoo? I saw a gay on FB do it and it made me mad. Am I irrational?,Ladies of twitter: how are you feeling when you are seeing men post #metoo? I saw a gay on FB do it and it made me mad. Am I irrational?,0.0,0.0,IPHONE,#metoo,0.0,0.8327284455299377,0.15702161192893982,0.010249916464090347,-0.8224785290658474,0.8327284455299377,Negative
16032,2017-10-16 23:18:57,2017-10-16,23,Monday,The #MeToo hashtag is more than just a social campaign. It's a movement to properly educate men and have them properly treat women,The #MeToo hashtag is more than just a social campaign. It's a movement to properly educate men and have them properly treat women,0.0,1.0,WEB,#metoo,0.0,0.0628640279173851,0.5846859812736511,0.35245001316070557,0.28958598524332047,0.5846859812736511,Neutral
27903,2017-10-16 23:00:12,2017-10-16,23,Monday,#MeToo mostly comes from me walking down the street and guys thinking it's okay to make a comment bc of my more fuller features.,#MeToo mostly comes from me walking down the street and guys thinking it's okay to make a comment bc of my more fuller features.,0.0,1.0,WEB,#metoo,0.0,0.31161439418792725,0.629887044429779,0.05849851295351982,-0.2531158812344074,0.629887044429779,Neutral
379,2017-10-16 19:19:50,2017-10-16,19,Monday,"Every day I wonder how different I would be if it had never happened, especially from my own family #metoo","Every day I wonder how different I would be if it had never happened, especially from my own family #metoo",0.0,2.0,WEB,#metoo,0.0,0.651294469833374,0.3182331621646881,0.030472327023744583,-0.6208221428096294,0.651294469833374,Negative
9252,2017-10-16 22:14:05,2017-10-16,22,Monday,#metoo i was groped when i was 11 years old and now  im paranoid with people touching me,#metoo i was groped when i was 11 years old and now im paranoid with people touching me,0.0,0.0,IPHONE,#metoo,0.0,0.8742796778678894,0.11765649914741516,0.008063780143857002,-0.8662158977240324,0.8742796778678894,Negative
2603,2017-10-16 20:53:51,2017-10-16,20,Monday,"Do not forgive if you don<e2><80><99>t want to. Forgiveness means on some level you<e2><80><99>re okay with how you were treated. I don<e2><80><99>t, nor will I ever. #MeToo","Do not forgive if you don<e2><80><99>t want to. Forgiveness means on some level you<e2><80><99>re okay with how you were treated. I don<e2><80><99>t, nor will I ever. #MeToo",93.0,325.0,Unknown,#metoo,0.0,0.8326077461242676,0.15662024915218353,0.01077198050916195,-0.8218357656151056,0.8326077461242676,Negative
12301,2017-10-16 21:40:01,2017-10-16,21,Monday,"This is important. Language, and how we use it, effects how we frame issues. Let's commit to using the right words<e2><80><a6> https://t.co/zreW2oZ1o2","This is important. Language, and how we use it, effects how we frame issues. Let's commit to using the right words<e2><80><a6> https://t.co/zreW2oZ1o2",7.0,11.0,WEB,#metoo,0.0,0.02114921435713768,0.4823933243751526,0.49645745754241943,0.47530824318528175,0.49645745754241943,Positive
6167,2017-10-16 23:21:07,2017-10-16,23,Monday,@AshleyMGreene Don't use to talk about it. But I was sexually abused when i was 7. Don't know how deep is the damag<e2><80><a6> https://t.co/0fLGUZUccv,@AshleyMGreene Don't use to talk about it. But I was sexually abused when i was 7. Don't know how deep is the damag<e2><80><a6> https://t.co/0fLGUZUccv,0.0,1.0,WEB,#metoo,0.0,0.7789924144744873,0.21330982446670532,0.00769777363166213,-0.7712946408428252,0.7789924144744873,Negative
6507,2017-10-16 21:17:42,2017-10-16,21,Monday,I support those who share #MeToo and respect those who have their backs.  This crud must end.,I support those who share #MeToo and respect those who have their backs. This crud must end.,0.0,0.0,Unknown,#metoo,0.0,0.3185729384422302,0.4618479013442993,0.21957914531230927,-0.09899379312992096,0.4618479013442993,Neutral
4587,2017-10-16 21:01:01,2017-10-16,21,Monday,"NB if you're reading #MeToo tweets, these are likely just the experiences women remember and think are enough of ""a<e2><80><a6> https://t.co/38WUA5H6XJ","NB if you're reading #MeToo tweets, these are likely just the experiences women remember and think are enough of ""a<e2><80><a6> https://t.co/38WUA5H6XJ",0.0,2.0,WEB,#metoo,0.0,0.1759060025215149,0.789615273475647,0.03447875753045082,-0.14142724499106407,0.789615273475647,Neutral
18402,2017-10-16 19:36:34,2017-10-16,19,Monday,To all the ass grabbing strangers and self proclaimed <e2><80><9c>sorry I was just really drunk and didn<e2><80><99>t register you saying NO<e2><80><9d> <e2><80><9c>friends<e2><80><9d><ed><a0><bd><ed><b6><95><ed><a0><bc><ed><bf><bb> #MeToo,To all the ass grabbing strangers and self proclaimed <e2><80><9c>sorry I was just really drunk and didn<e2><80><99>t register you saying NO<e2><80><9d> <e2><80><9c>friends<e2><80><9d><ed><a0><bd><ed><b6><95><ed><a0><bc><ed><bf><bb> #MeToo,0.0,0.0,IPHONE,#metoo,2.0,0.7629460096359253,0.21849188208580017,0.018562085926532745,-0.7443839237093925,0.7629460096359253,Negative
10715,2017-10-16 23:35:59,2017-10-16,23,Monday,I'm not surprised though. Part of coping w/ it was listening to other survivors. I won't forget the countless stori<e2><80><a6> https://t.co/6KUBUsQnB1,I'm not surprised though. Part of coping w/ it was listening to other survivors. I won't forget the countless stori<e2><80><a6> https://t.co/6KUBUsQnB1,1.0,3.0,IPHONE,#metoo,0.0,0.19131052494049072,0.48937472701072693,0.31931474804878235,0.12800422310829163,0.48937472701072693,Neutral
16149,2017-10-16 20:21:12,2017-10-16,20,Monday,"I was told at age 18: <e2><80><9c>Men will ALWAYS do that because of how u look, so just get used to it!<e2><80><9d> NO, they won<e2><80><99>t, &amp; NO, I won<e2><80><99>t!! <ed><a0><bd><ed><b2><af><ed><a0><bd><ed><b1><8a><ed><a0><bc><ed><bf><bd> #MeToo","I was told at age 18: <e2><80><9c>Men will ALWAYS do that because of how u look, so just get used to it!<e2><80><9d> NO, they won<e2><80><99>t, &amp; NO, I won<e2><80><99>t!! <ed><a0><bd><ed><b2><af><ed><a0><bd><ed><b1><8a><ed><a0><bc><ed><bf><bd> #MeToo",0.0,1.0,IPHONE,#metoo,3.0,0.6219359636306763,0.3360917866230011,0.041972219944000244,-0.579963743686676,0.6219359636306763,Negative
513,2017-10-16 23:04:52,2017-10-16,23,Monday,"When you gonna March On Hollywood Blvd?

#RoseArmy
#HarveysJohnson
#MeToo https://t.co/jqWPdiVs3f",When you gonna March On Hollywood Blvd? #RoseArmy #HarveysJohnson #MeToo https://t.co/jqWPdiVs3f,0.0,0.0,WEB,#metoo,0.0,0.022107113152742386,0.8989924192428589,0.07890045642852783,0.056793343275785446,0.8989924192428589,Neutral
93,2017-10-16 20:53:42,2017-10-16,20,Monday,"For the longest, I believed that it was my fault. I felt so guilty. It took a while to realize that I was the victim.
#MeToo","For the longest, I believed that it was my fault. I felt so guilty. It took a while to realize that I was the victim. #MeToo",1.0,1.0,IPHONE,#metoo,0.0,0.8941749334335327,0.09914715588092804,0.006677946541458368,-0.8874969868920743,0.8941749334335327,Negative
19828,2017-10-16 19:32:11,2017-10-16,19,Monday,"#metoo posted not b/c it's any of your business, but b/c somehow y'all still surprised that this shit happens? HOW DO YOU NOT KNOW THIS","#metoo posted not b/c it's any of your business, but b/c somehow y'all still surprised that this shit happens? HOW DO YOU NOT KNOW THIS",1.0,6.0,WEB,#metoo,0.0,0.8980119228363037,0.09704545140266418,0.004942512139678001,-0.8930694106966257,0.8980119228363037,Negative
5003,2017-10-16 20:56:06,2017-10-16,20,Monday,"Bc it doesn't matter what you're wearing, how much you've had to drink, if you say yes then change your mind. No means no. #MeToo","Bc it doesn't matter what you're wearing, how much you've had to drink, if you say yes then change your mind. No means no. #MeToo",1.0,3.0,IPHONE,#metoo,0.0,0.40471935272216797,0.5475413203239441,0.04773930087685585,-0.3569800518453121,0.5475413203239441,Neutral
18093,2017-10-16 22:21:07,2017-10-16,22,Monday,"Oh yes, from the old boys club in London to LA, film school to film sets. Not just men. #MeToo #BBC #BAFTA #AFI #HarveyTipOfTheIceberg","Oh yes, from the old boys club in London to LA, film school to film sets. Not just men. #MeToo #BBC #BAFTA #AFI #HarveyTipOfTheIceberg",0.0,1.0,WEB,#metoo,0.0,0.2006089687347412,0.638878345489502,0.16051273047924042,-0.04009623825550079,0.638878345489502,Neutral
1760,2017-10-16 22:43:44,2017-10-16,22,Monday,"#MeToo
The saddest part is knowing that some of us have experienced this more than ONCE. Once is already too much.",#MeToo The saddest part is knowing that some of us have experienced this more than ONCE. Once is already too much.,0.0,2.0,ANDROID,#metoo,0.0,0.9007989168167114,0.09123174846172333,0.007969395257532597,-0.8928295215591788,0.9007989168167114,Negative
18558,2017-10-16 23:27:22,2017-10-16,23,Monday,The moment when thousands of people realize they are not alone anymore #metoo,The moment when thousands of people realize they are not alone anymore #metoo,0.0,2.0,ANDROID,#metoo,0.0,0.13975296914577484,0.5991048216819763,0.26114219427108765,0.1213892251253128,0.5991048216819763,Neutral
27030,2017-10-16 20:54:23,2017-10-16,20,Monday,This campaign made me realise that #MeToo xo https://t.co/Vjmj5Od20K,This campaign made me realise that #MeToo xo https://t.co/Vjmj5Od20K,0.0,0.0,IPHONE,#metoo,0.0,0.004965467378497124,0.1457144170999527,0.849320113658905,0.8443546462804079,0.849320113658905,Positive
18594,2017-10-16 20:46:13,2017-10-16,20,Monday,"Men, please don<e2><80><99>t copy &amp; paste a generic apology in response to #MeToo. 
take a minute and be emotionally available to this.","Men, please don<e2><80><99>t copy &amp; paste a generic apology in response to #MeToo. take a minute and be emotionally available to this.",0.0,1.0,Unknown,#metoo,0.0,0.7279054522514343,0.255645751953125,0.01644875667989254,-0.7114566955715418,0.7279054522514343,Negative
3904,2017-10-16 23:18:53,2017-10-16,23,Monday,"Why #MeToo is taking over your social media feeds

https://t.co/WFKPZshh5w

via @KGWNews",Why #MeToo is taking over your social media feeds https://t.co/WFKPZshh5w via @KGWNews,0.0,0.0,ANDROID,#metoo,0.0,0.03449484333395958,0.852689266204834,0.11281587928533554,0.07832103595137596,0.852689266204834,Neutral
26344,2017-10-16 19:10:48,2017-10-16,19,Monday,#Metoo #ibelieveyou No one should ever feel ashamed or guilty for the actions of another inflicted upon them,#Metoo #ibelieveyou No one should ever feel ashamed or guilty for the actions of another inflicted upon them,0.0,0.0,ANDROID,#metoo,0.0,0.7937306761741638,0.19524818658828735,0.0110212042927742,-0.7827094718813896,0.7937306761741638,Negative
19519,2017-10-16 22:43:21,2017-10-16,22,Monday,"#HarveyWeinstein rant
#MeToo 
https://t.co/qOWwOLP6tm",#HarveyWeinstein rant #MeToo https://t.co/qOWwOLP6tm,0.0,0.0,ANDROID,#metoo,0.0,0.12179914861917496,0.8431215882301331,0.03507925942540169,-0.08671988919377327,0.8431215882301331,Neutral
6004,2017-10-16 22:44:00,2017-10-16,22,Monday,"#MeToo <e2><9a><a1><ef><b8><8f> <e2><80><9c>How 'me too' is showing the magnitude of sexual assault<e2><80><9d>

https://t.co/kDURLbfsoc",#MeToo <e2><9a><a1><ef><b8><8f> <e2><80><9c>How 'me too' is showing the magnitude of sexual assault<e2><80><9d> https://t.co/kDURLbfsoc,2.0,1.0,WEB,#metoo,1.0,0.5116305351257324,0.4683438837528229,0.020025556907057762,-0.49160497821867466,0.5116305351257324,Negative
7054,2017-10-16 21:28:01,2017-10-16,21,Monday,"#metoo my ass grabbed, 2 penises haven been shown, my boobs grabbed  all of this when I was just walking to school or to the university.","#metoo my ass grabbed, 2 penises haven been shown, my boobs grabbed all of this when I was just walking to school or to the university.",0.0,0.0,ANDROID,#metoo,0.0,0.7617701888084412,0.22572383284568787,0.012505998834967613,-0.7492641899734735,0.7617701888084412,Negative
19510,2017-10-16 21:46:11,2017-10-16,21,Monday,<ed><a0><bd><ed><b2><95> #metoo #itstopsnow #fightingwithlife #thepositivepowermovement @ Nests And Burrows https://t.co/sY8lrs57uO,<ed><a0><bd><ed><b2><95> #metoo #itstopsnow #fightingwithlife #thepositivepowermovement @ Nests And Burrows https://t.co/sY8lrs57uO,0.0,0.0,Unknown,#metoo,1.0,0.1014927327632904,0.7829746007919312,0.11553268134593964,0.014039948582649231,0.7829746007919312,Neutral
1794,2017-10-16 22:30:29,2017-10-16,22,Monday,4) the boys in school- growing up. I had to beat these little fuckers to defend myself. #MeToo,4) the boys in school- growing up. I had to beat these little fuckers to defend myself. #MeToo,0.0,0.0,IPHONE,#metoo,0.0,0.8581916689872742,0.1185523271560669,0.02325603924691677,-0.8349356297403574,0.8581916689872742,Negative
3477,2017-10-16 20:18:31,2017-10-16,20,Monday,Sexual fantasies that involve the idea of women dressed as school girls gives rise to a culture of paedophillia.. #MeToo,Sexual fantasies that involve the idea of women dressed as school girls gives rise to a culture of paedophillia.. #MeToo,1.0,6.0,IPHONE,#metoo,0.0,0.8030049204826355,0.18780304491519928,0.009192091412842274,-0.7938128290697932,0.8030049204826355,Negative
16946,2017-10-16 23:41:36,2017-10-16,23,Monday,"@Alyssa_Milano #MeToo . Nobody ""asks"" for it.","@Alyssa_Milano #MeToo . Nobody ""asks"" for it.",0.0,0.0,ANDROID,#metoo,0.0,0.4442135691642761,0.5310829877853394,0.024703478440642357,-0.41951009072363377,0.5310829877853394,Neutral
10925,2017-10-16 22:53:18,2017-10-16,22,Monday,"Do you believe women are sacred, worthwhile people worthy of respect, honor, and equal liberties? 

Yea... #MeToo!","Do you believe women are sacred, worthwhile people worthy of respect, honor, and equal liberties? Yea... #MeToo!",0.0,0.0,IPHONE,#metoo,0.0,0.21048621833324432,0.6056509017944336,0.18386289477348328,-0.026623323559761047,0.6056509017944336,Neutral
17892,2017-10-16 19:59:25,2017-10-16,19,Monday,@bubble_letters @PrtyLittleSyko @Taffie1971 @kellyryanobrien @Clairezoe5 @Alyssa_Milano @thegraceharding Maybe noth<e2><80><a6> https://t.co/IpkOthbUA3,@bubble_letters @PrtyLittleSyko @Taffie1971 @kellyryanobrien @Clairezoe5 @Alyssa_Milano @thegraceharding Maybe noth<e2><80><a6> https://t.co/IpkOthbUA3,0.0,2.0,WEB,#metoo,0.0,0.09396541863679886,0.8718416094779968,0.034192945808172226,-0.05977247282862663,0.8718416094779968,Neutral
20159,2017-10-16 20:11:08,2017-10-16,20,Monday,For all those posting about #MeToo <ed><a0><bd><ed><b2><94> https://t.co/Jw1oz6iQVu,For all those posting about #MeToo <ed><a0><bd><ed><b2><94> https://t.co/Jw1oz6iQVu,1.0,3.0,IPHONE,#metoo,1.0,0.06851203739643097,0.859463632106781,0.07202436029911041,0.0035123229026794434,0.859463632106781,Neutral
25842,2017-10-16 20:57:58,2017-10-16,20,Monday,"@ppapercraness I believe you. Thank you for sharing. I know we<e2><80><99>re not super close but I love you, Shirley, and I<e2><80><99>m<e2><80><a6> https://t.co/KgFQscSP2k","@ppapercraness I believe you. Thank you for sharing. I know we<e2><80><99>re not super close but I love you, Shirley, and I<e2><80><99>m<e2><80><a6> https://t.co/KgFQscSP2k",0.0,0.0,IPHONE,#metoo,0.0,0.005000337492674589,0.026163466274738312,0.9688361883163452,0.9638358508236706,0.9688361883163452,Positive
20025,2017-10-16 19:13:41,2017-10-16,19,Monday,"If a woman, a man, a non-binary person, a trans woman, a trans man didn't post #MeToo doesn't mean that person wasn<e2><80><a6> https://t.co/ziXav6oavj","If a woman, a man, a non-binary person, a trans woman, a trans man didn't post #MeToo doesn't mean that person wasn<e2><80><a6> https://t.co/ziXav6oavj",0.0,2.0,ANDROID,#metoo,0.0,0.5261545181274414,0.45945751667022705,0.014387899078428745,-0.5117666190490127,0.5261545181274414,Negative
28097,2017-10-16 22:02:37,2017-10-16,22,Monday,"#MeToo I was barely 5 y.o. A family member was playing games with me, I thought it was part of the game. It's a bad dream now.","#MeToo I was barely 5 y.o. A family member was playing games with me, I thought it was part of the game. It's a bad dream now.",0.0,1.0,ANDROID,#metoo,0.0,0.7812971472740173,0.20265303552150726,0.016049830242991447,-0.7652473170310259,0.7812971472740173,Negative
5074,2017-10-16 19:55:58,2017-10-16,19,Monday,"It happened over a year ago, still dream about it most nights #MeToo","It happened over a year ago, still dream about it most nights #MeToo",0.0,0.0,WEB,#metoo,0.0,0.48521167039871216,0.4529651701450348,0.06182316318154335,-0.4233885072171688,0.48521167039871216,Negative
5184,2017-10-16 22:31:08,2017-10-16,22,Monday,"#metoo because as women, we are never alone and we are so strong and loved.","#metoo because as women, we are never alone and we are so strong and loved.",1.0,3.0,IPHONE,#metoo,0.0,0.01747947745025158,0.08913132548332214,0.8933891654014587,0.8759096879512072,0.8933891654014587,Positive
22039,2017-10-16 22:51:14,2017-10-16,22,Monday,Good to know. #MeToo https://t.co/mNX8hvOGdB,Good to know. #MeToo https://t.co/mNX8hvOGdB,0.0,0.0,WEB,#metoo,0.0,0.004380599595606327,0.0501602478325367,0.9454591274261475,0.9410785278305411,0.9454591274261475,Positive
10384,2017-10-16 19:58:50,2017-10-16,19,Monday,"NEW EP! ""Shit Pie Trifecta."" We discuss healthcare, Iran, #MeToo, &amp; #WomenBoycottTwitter: https://t.co/LmpSaHHvyc https://t.co/ntDuRC8KYB","NEW EP! ""Shit Pie Trifecta."" We discuss healthcare, Iran, #MeToo, &amp; #WomenBoycottTwitter: https://t.co/LmpSaHHvyc https://t.co/ntDuRC8KYB",9.0,14.0,IPHONE,#metoo,0.0,0.08262190222740173,0.7743204236030579,0.1430577039718628,0.06043580174446106,0.7743204236030579,Neutral
27975,2017-10-16 19:12:27,2017-10-16,19,Monday,"I don't need to say #metoo but I love you... Full Post:
https://t.co/n8JzTNaNHP",I don't need to say #metoo but I love you... Full Post: https://t.co/n8JzTNaNHP,0.0,0.0,WEB,#metoo,0.0,0.011571256443858147,0.09171923995018005,0.8967095017433167,0.8851382452994585,0.8967095017433167,Positive
22188,2017-10-16 23:05:41,2017-10-16,23,Monday,Seeing all these #MeToo posts is heartbreaking to me. I thought to share mine but I realize it involves family and thats the worst part.,Seeing all these #MeToo posts is heartbreaking to me. I thought to share mine but I realize it involves family and thats the worst part.,0.0,0.0,ANDROID,#metoo,0.0,0.9165064096450806,0.07678689062595367,0.006706662476062775,-0.9097997471690178,0.9165064096450806,Negative
14262,2017-10-16 19:25:50,2017-10-16,19,Monday,"#MeToo by my friends dad, by drunk college dorm neighbors, by gross cat callers... it happens all the time.","#MeToo by my friends dad, by drunk college dorm neighbors, by gross cat callers... it happens all the time.",0.0,1.0,IPHONE,#metoo,0.0,0.8386687636375427,0.14629466831684113,0.015036566182971,-0.8236321974545717,0.8386687636375427,Negative
11550,2017-10-16 21:39:28,2017-10-16,21,Monday,"#MeToo 

&amp; everyone pretends to care to seem ""woke"" but half of you ignore what's happening around you bcuz you ""don't want to get involved""","#MeToo &amp; everyone pretends to care to seem ""woke"" but half of you ignore what's happening around you bcuz you ""don't want to get involved""",1.0,19.0,ANDROID,#metoo,0.0,0.6887385249137878,0.29183581471443176,0.019425613805651665,-0.6693129111081362,0.6887385249137878,Negative
4883,2017-10-16 21:03:28,2017-10-16,21,Monday,The latest The Carolyn D Cowen Daily! https://t.co/glwTkbBdRR Thanks to @SHKrajewski @emmanuelfelton @bledwine #metoo #scpotus,The latest The Carolyn D Cowen Daily! https://t.co/glwTkbBdRR Thanks to @SHKrajewski @emmanuelfelton @bledwine #metoo #scpotus,0.0,0.0,Unknown,#metoo,0.0,0.0051287878304719925,0.3698751926422119,0.6249960064888,0.6198672186583281,0.6249960064888,Positive
10533,2017-10-16 21:38:19,2017-10-16,21,Monday,"#MeToo is so saddening. I wish I could give every person who's delt w sexual assault a hug &amp; tell them they are not alone, &amp; to stay strong.","#MeToo is so saddening. I wish I could give every person who's delt w sexual assault a hug &amp; tell them they are not alone, &amp; to stay strong.",0.0,1.0,IPHONE,#metoo,0.0,0.7449051141738892,0.20000185072422028,0.05509302392601967,-0.6898120902478695,0.7449051141738892,Negative
18621,2017-10-16 21:12:53,2017-10-16,21,Monday,"@KamalaHarris No just women, but children also. #MeToo","@KamalaHarris No just women, but children also. #MeToo",0.0,1.0,IPHONE,#metoo,0.0,0.1831364929676056,0.7360495924949646,0.08081391453742981,-0.10232257843017578,0.7360495924949646,Neutral
23129,2017-10-16 22:22:31,2017-10-16,22,Monday,When I tried to make a complaint I was told he was 'much more important to the org than I was' Not a Hollywood issue - a life issue #MeToo,When I tried to make a complaint I was told he was 'much more important to the org than I was' Not a Hollywood issue - a life issue #MeToo,0.0,0.0,ANDROID,#metoo,0.0,0.6802270412445068,0.30615803599357605,0.01361490972340107,-0.6666121315211058,0.6802270412445068,Negative
17881,2017-10-16 23:25:55,2017-10-16,23,Monday,"Ever wonder why it was one of your friends who became your attacker? Yeah, #metoo","Ever wonder why it was one of your friends who became your attacker? Yeah, #metoo",0.0,2.0,IPHONE,#metoo,0.0,0.6083774566650391,0.3789684772491455,0.012654058635234833,-0.5957233980298042,0.6083774566650391,Negative
20457,2017-10-16 23:51:53,2017-10-16,23,Monday,"When I was too young
When I was too nice
#metoo",When I was too young When I was too nice #metoo,0.0,3.0,ANDROID,#metoo,0.0,0.3066571354866028,0.5623865127563477,0.1309562623500824,-0.17570087313652039,0.5623865127563477,Neutral
23673,2017-10-16 20:13:10,2017-10-16,20,Monday,taking the time today to appreciate and listen to all the women coming forward to say #metoo,taking the time today to appreciate and listen to all the women coming forward to say #metoo,64.0,567.0,IPHONE,#metoo,0.0,0.009973612613976002,0.15983104705810547,0.8301953077316284,0.8202216951176524,0.8301953077316284,Positive
4510,2017-10-16 19:36:17,2017-10-16,19,Monday,<e2><80><9c>So where else do you have tattooed that I can<e2><80><99>t see <ed><a0><bd><ed><b8><89><ed><a0><bd><ed><b8><89><ed><a0><bd><ed><b8><89><e2><80><9d> #metoo,<e2><80><9c>So where else do you have tattooed that I can<e2><80><99>t see <ed><a0><bd><ed><b8><89><ed><a0><bd><ed><b8><89><ed><a0><bd><ed><b8><89><e2><80><9d> #metoo,0.0,3.0,IPHONE,#metoo,1.0,0.4320695996284485,0.5385137796401978,0.029416585341095924,-0.40265301428735256,0.5385137796401978,Neutral
23648,2017-10-16 22:04:11,2017-10-16,22,Monday,"Amen! 
This thread #MeToo https://t.co/xQEmnDHLWg",Amen! This thread #MeToo https://t.co/xQEmnDHLWg,0.0,1.0,WEB,#metoo,0.0,0.00579514354467392,0.109436996281147,0.8847678899765015,0.8789727464318275,0.8847678899765015,Positive
18730,2017-10-16 22:40:53,2017-10-16,22,Monday,"Don't ever think that ur situation wasn't ""too severe"" or ""not a big deal"" It's what society engrains in us. I thought the same thing #MeToo","Don't ever think that ur situation wasn't ""too severe"" or ""not a big deal"" It's what society engrains in us. I thought the same thing #MeToo",0.0,10.0,WEB,#metoo,0.0,0.48839515447616577,0.46958667039871216,0.042018208652734756,-0.446376945823431,0.48839515447616577,Negative
27531,2017-10-16 19:16:11,2017-10-16,19,Monday,Humanity is doomed. #metoo,Humanity is doomed. #metoo,0.0,0.0,IPHONE,#metoo,0.0,0.9327179789543152,0.060114238411188126,0.00716772535815835,-0.9255502535961568,0.9327179789543152,Negative
19491,2017-10-16 22:53:42,2017-10-16,22,Monday,The fact that the #MeToo hashtag has to exist is sad. But I see it<e2><80><99>s use as a brave uprising of survivors. A battlecry saying #YoureNotAlone,The fact that the #MeToo hashtag has to exist is sad. But I see it<e2><80><99>s use as a brave uprising of survivors. A battlecry saying #YoureNotAlone,0.0,0.0,IPHONE,#metoo,0.0,0.7298332452774048,0.24334241449832916,0.02682427689433098,-0.7030089683830738,0.7298332452774048,Negative
13928,2017-10-16 19:48:25,2017-10-16,19,Monday,"#MeToo via @designmom. I'm not sad for myself, I'm sad for my 2 sons &amp; 2 daughter that they have to love this.  https://t.co/eWrAeNjWox","#MeToo via @designmom. I'm not sad for myself, I'm sad for my 2 sons &amp; 2 daughter that they have to love this. https://t.co/eWrAeNjWox",0.0,0.0,Unknown,#metoo,0.0,0.2548547387123108,0.3351480960845947,0.40999719500541687,0.15514245629310608,0.40999719500541687,Positive
15296,2017-10-16 19:27:27,2017-10-16,19,Monday,Just because you're dressed up and out with friends doesn't mean that you consent to being groped. #metoo,Just because you're dressed up and out with friends doesn't mean that you consent to being groped. #metoo,0.0,1.0,WEB,#metoo,0.0,0.6507109999656677,0.3328283429145813,0.016460593789815903,-0.6342504061758518,0.6507109999656677,Negative
7211,2017-10-16 23:23:53,2017-10-16,23,Monday,A Conservative Comedian Just Made A Sexist <e2><80><9c>Joke<e2><80><9d> Amid #MeToo And Quickly Paid For It https://t.co/l8SosF6Axd https://t.co/l8SosF6Axd,A Conservative Comedian Just Made A Sexist <e2><80><9c>Joke<e2><80><9d> Amid #MeToo And Quickly Paid For It https://t.co/l8SosF6Axd https://t.co/l8SosF6Axd,0.0,0.0,Unknown,#metoo,0.0,0.5272320508956909,0.4432544410228729,0.029513465240597725,-0.4977185856550932,0.5272320508956909,Negative
20692,2017-10-16 19:25:09,2017-10-16,19,Monday,Working a Haunted House with a now ex boyfriend who forced himself on me while waiting 4 another group to come thru. You aren<e2><80><99>t alone #MeToo,Working a Haunted House with a now ex boyfriend who forced himself on me while waiting 4 another group to come thru. You aren<e2><80><99>t alone #MeToo,0.0,3.0,IPHONE,#metoo,0.0,0.7865468859672546,0.20190726220607758,0.011545881628990173,-0.7750010043382645,0.7865468859672546,Negative
5503,2017-10-16 19:51:39,2017-10-16,19,Monday,"You know what? #metoo. Thing is, it happened over twenty years ago so I barely remember it. My husband barely knows. My parents don't.","You know what? #metoo. Thing is, it happened over twenty years ago so I barely remember it. My husband barely knows. My parents don't.",0.0,0.0,WEB,#metoo,0.0,0.6602263450622559,0.2983643114566803,0.041409365832805634,-0.6188169792294502,0.6602263450622559,Negative
12274,2017-10-16 23:35:18,2017-10-16,23,Monday,#metoo primary school teacher got a bit too handsy with me still upsets now! Headteacher said <e2><80><9c>don<e2><80><99>t worry your leaving school soon<e2><80><9d> <ed><a0><be><ed><b4><a2><ed><a0><be><ed><b4><a2>,#metoo primary school teacher got a bit too handsy with me still upsets now! Headteacher said <e2><80><9c>don<e2><80><99>t worry your leaving school soon<e2><80><9d> <ed><a0><be><ed><b4><a2><ed><a0><be><ed><b4><a2>,0.0,0.0,IPHONE,#metoo,1.0,0.8225759267807007,0.16398757696151733,0.013436450622975826,-0.8091394761577249,0.8225759267807007,Negative
7551,2017-10-16 19:32:54,2017-10-16,19,Monday,#MeToo. Almost 20 years working in law enforcement.,#MeToo. Almost 20 years working in law enforcement.,0.0,0.0,ANDROID,#metoo,0.0,0.03242901340126991,0.5419664978981018,0.42560458183288574,0.39317556843161583,0.5419664978981018,Neutral
24121,2017-10-16 22:51:32,2017-10-16,22,Monday,<ed><a0><bc><ed><bc><9f>#MeToo sending love to all,<ed><a0><bc><ed><bc><9f>#MeToo sending love to all,1.0,2.0,IPHONE,#metoo,1.0,0.03299623727798462,0.32045507431030273,0.6465487480163574,0.6135525107383728,0.6465487480163574,Positive
22062,2017-10-16 19:33:47,2017-10-16,19,Monday,Maybe this will be a tipping point for all women to speak out when they are abused or assaulted and take their power back #MeToo,Maybe this will be a tipping point for all women to speak out when they are abused or assaulted and take their power back #MeToo,0.0,1.0,ANDROID,#metoo,0.0,0.10962717235088348,0.6222164034843445,0.2681564390659332,0.15852926671504974,0.6222164034843445,Neutral
2243,2017-10-16 21:10:37,2017-10-16,21,Monday,"#MeToo: Hashtag shared by Alyssa Milano encourages personal stories of sexual a<e2><80><a6> https://t.co/tW4q2YrDHz, see more https://t.co/Coudtwvb4B","#MeToo: Hashtag shared by Alyssa Milano encourages personal stories of sexual a<e2><80><a6> https://t.co/tW4q2YrDHz, see more https://t.co/Coudtwvb4B",0.0,0.0,Unknown,#metoo,0.0,0.05123203247785568,0.8983685374259949,0.05039940029382706,-0.0008326321840286255,0.8983685374259949,Neutral
12532,2017-10-16 22:02:13,2017-10-16,22,Monday,"I say #MeToo to suppose those who are victims. I have not experienced anything to this caliber, but I felt the need to say something.","I say #MeToo to suppose those who are victims. I have not experienced anything to this caliber, but I felt the need to say something.",0.0,0.0,IPHONE,#metoo,0.0,0.41768360137939453,0.5375781059265137,0.04473826289176941,-0.3729453384876251,0.5375781059265137,Neutral
28447,2017-10-16 22:09:24,2017-10-16,22,Monday,"Had an coworker make lewd remarks to me at the office every time I walked by. At the company party, he cornered me<e2><80><a6> https://t.co/WV3XfKS2jc","Had an coworker make lewd remarks to me at the office every time I walked by. At the company party, he cornered me<e2><80><a6> https://t.co/WV3XfKS2jc",1.0,12.0,IPHONE,#metoo,0.0,0.641914427280426,0.33970728516578674,0.018378334119915962,-0.6235360931605101,0.641914427280426,Negative
25534,2017-10-16 20:20:50,2017-10-16,20,Monday,That's right boys.  #metoo                #standstrong #respect https://t.co/JshpuN6ulp,That's right boys. #metoo #standstrong #respect https://t.co/JshpuN6ulp,0.0,1.0,Unknown,#metoo,0.0,0.04259369149804115,0.2677837610244751,0.6896225214004517,0.6470288299024105,0.6896225214004517,Positive
11492,2017-10-16 23:39:12,2017-10-16,23,Monday,I love @Alyssa_Milano #metoo <e2><9d><a4><ef><b8><8f><e2><9c><8a><ed><a0><bc><ed><bf><bf>,I love @Alyssa_Milano #metoo <e2><9d><a4><ef><b8><8f><e2><9c><8a><ed><a0><bc><ed><bf><bf>,0.0,0.0,IPHONE,#metoo,3.0,0.0037505305372178555,0.026299161836504936,0.969950258731842,0.9661997281946242,0.969950258731842,Positive
23325,2017-10-16 19:25:06,2017-10-16,19,Monday,"I hope my kids never have to say #metoo 
The world is a very scary place.",I hope my kids never have to say #metoo The world is a very scary place.,1.0,10.0,IPHONE,#metoo,0.0,0.9332622289657593,0.06039319187402725,0.006344588007777929,-0.9269176409579813,0.9332622289657593,Negative
14361,2017-10-16 21:32:49,2017-10-16,21,Monday,"#MeToo

Soo happy to get this copy of @thenewhampshire on ""Strength and art: Made Masculine<e2><80><a6> https://t.co/HMjaTycNTq","#MeToo Soo happy to get this copy of @thenewhampshire on ""Strength and art: Made Masculine<e2><80><a6> https://t.co/HMjaTycNTq",0.0,0.0,Unknown,#metoo,0.0,0.002247724449262023,0.027617862448096275,0.970134437084198,0.967886712634936,0.970134437084198,Positive
20168,2017-10-16 22:41:31,2017-10-16,22,Monday,"I was eight years old and he was fourteen, everyone told me he was just experimenting. That he didn't understand what he was doing. #MeToo","I was eight years old and he was fourteen, everyone told me he was just experimenting. That he didn't understand what he was doing. #MeToo",0.0,5.0,ANDROID,#metoo,0.0,0.6650903224945068,0.3185039460659027,0.01640571840107441,-0.6486846040934324,0.6650903224945068,Negative
13869,2017-10-16 19:15:28,2017-10-16,19,Monday,Fell asleep at a house party and woke up to find a guy with his hands down my pants. I was only 14. #MeToo,Fell asleep at a house party and woke up to find a guy with his hands down my pants. I was only 14. #MeToo,0.0,1.0,ANDROID,#metoo,0.0,0.275348961353302,0.6422699093818665,0.08238114416599274,-0.19296781718730927,0.6422699093818665,Neutral
23564,2017-10-16 20:10:00,2017-10-16,20,Monday,Crazy to see how many are affected by sexual harassment.. #MeToo,Crazy to see how many are affected by sexual harassment.. #MeToo,0.0,0.0,IPHONE,#metoo,0.0,0.8496487736701965,0.1380772739648819,0.012273934669792652,-0.8373748390004039,0.8496487736701965,Negative
25468,2017-10-16 19:21:29,2017-10-16,19,Monday,"#MeToo  A WAY TO LET KNOW PEOPLE AROUND US, WHAT WE GO THROUGH!!! #dhikkarjanai","#MeToo A WAY TO LET KNOW PEOPLE AROUND US, WHAT WE GO THROUGH!!! #dhikkarjanai",0.0,0.0,ANDROID,#metoo,0.0,0.038508664816617966,0.6453402638435364,0.31615111231803894,0.277642447501421,0.6453402638435364,Neutral
15151,2017-10-16 22:28:38,2017-10-16,22,Monday,"The #metoo campaign should be followed by a #meaculpa response from men...

https://t.co/ATGHfhVht6",The #metoo campaign should be followed by a #meaculpa response from men... https://t.co/ATGHfhVht6,1.0,1.0,WEB,#metoo,0.0,0.21384373307228088,0.7495342493057251,0.03662199154496193,-0.17722174152731895,0.7495342493057251,Neutral
8730,2017-10-16 20:14:52,2017-10-16,20,Monday,I know it wasn't my fault but I still feel filthy sometimes #metoo,I know it wasn't my fault but I still feel filthy sometimes #metoo,0.0,1.0,ANDROID,#metoo,0.0,0.9039751291275024,0.09034386277198792,0.0056809838861227036,-0.8982941452413797,0.9039751291275024,Negative
1543,2017-10-16 23:27:59,2017-10-16,23,Monday,A Conservative Comedian Just Made A Sexist <e2><80><9c>Joke<e2><80><9d> Amid #MeToo And Quickly Paid For It https://t.co/X3JlE3X3Ie https://t.co/X3JlE3X3Ie,A Conservative Comedian Just Made A Sexist <e2><80><9c>Joke<e2><80><9d> Amid #MeToo And Quickly Paid For It https://t.co/X3JlE3X3Ie https://t.co/X3JlE3X3Ie,0.0,0.0,Unknown,#metoo,0.0,0.5272320508956909,0.4432544410228729,0.029513465240597725,-0.4977185856550932,0.5272320508956909,Negative
18744,2017-10-16 21:53:45,2017-10-16,21,Monday,"#metoo. Their shame, not mine.","#metoo. Their shame, not mine.",0.0,2.0,WEB,#metoo,0.0,0.8114327788352966,0.17955850064754486,0.009008828550577164,-0.8024239502847195,0.8114327788352966,Negative
24534,2017-10-16 20:33:04,2017-10-16,20,Monday,"#MeToo when I was 14, a guy years older than me tried to sext me and asked me for pictures. I stopped it but how many more did he do that 2?","#MeToo when I was 14, a guy years older than me tried to sext me and asked me for pictures. I stopped it but how many more did he do that 2?",0.0,1.0,ANDROID,#metoo,0.0,0.5927330255508423,0.3896087110042572,0.01765822060406208,-0.5750748049467802,0.5927330255508423,Negative
3242,2017-10-16 20:35:53,2017-10-16,20,Monday,A woman should never feel so traumatized that she<e2><80><99>s scared to talk about it #metoo,A woman should never feel so traumatized that she<e2><80><99>s scared to talk about it #metoo,0.0,1.0,IPHONE,#metoo,0.0,0.8885527849197388,0.10564310103654861,0.005804131738841534,-0.8827486531808972,0.8885527849197388,Negative
12156,2017-10-16 20:45:04,2017-10-16,20,Monday,"@kimrhodes4real This is so powerful,thank you for sharing! I shared my story on a post of Rachel's on FB so I'm just going to say #MeToo !<ed><a0><bd><ed><b2><96>","@kimrhodes4real This is so powerful,thank you for sharing! I shared my story on a post of Rachel's on FB so I'm just going to say #MeToo !<ed><a0><bd><ed><b2><96>",0.0,1.0,ANDROID,#metoo,1.0,0.003938398323953152,0.02407689206302166,0.9719846844673157,0.9680462861433625,0.9719846844673157,Positive
16163,2017-10-16 21:39:02,2017-10-16,21,Monday,"#MeToo May 17th, 1982. I'll NEVER forget that day.","#MeToo May 17th, 1982. I'll NEVER forget that day.",0.0,1.0,ANDROID,#metoo,0.0,0.028325289487838745,0.17174465954303741,0.7999300360679626,0.7716047465801239,0.7999300360679626,Positive
22675,2017-10-16 19:55:09,2017-10-16,19,Monday,"#metoo but it's too painful to talk about, I don't sleep and I'm always watching my back.","#metoo but it's too painful to talk about, I don't sleep and I'm always watching my back.",0.0,1.0,IPHONE,#metoo,0.0,0.9233173727989197,0.07112868875265121,0.00555396219715476,-0.9177634106017649,0.9233173727989197,Negative
6437,2017-10-16 19:20:05,2017-10-16,19,Monday,All of these #metoo tweets have been so depressing and courageous. It makes me look over my past and hope I wasn't someone who caused it.,All of these #metoo tweets have been so depressing and courageous. It makes me look over my past and hope I wasn't someone who caused it.,0.0,18.0,ANDROID,#metoo,0.0,0.9350766539573669,0.05993495509028435,0.004988351836800575,-0.9300883021205664,0.9350766539573669,Negative
16875,2017-10-16 20:13:05,2017-10-16,20,Monday,"Not many of my friends in Gujarat are talking about this. 
Please aa vancho aney samjho! #MeToo https://t.co/0sxWob57I7",Not many of my friends in Gujarat are talking about this. Please aa vancho aney samjho! #MeToo https://t.co/0sxWob57I7,0.0,2.0,Unknown,#metoo,0.0,0.6420438885688782,0.33709272742271423,0.020863451063632965,-0.6211804375052452,0.6420438885688782,Negative
9833,2017-10-16 23:32:46,2017-10-16,23,Monday,A Conservative Comedian Just Made A Sexist <e2><80><9c>Joke<e2><80><9d> Amid #MeToo And Quickly Paid For It https://t.co/ZjAJKBEHi9 https://t.co/ZjAJKBEHi9,A Conservative Comedian Just Made A Sexist <e2><80><9c>Joke<e2><80><9d> Amid #MeToo And Quickly Paid For It https://t.co/ZjAJKBEHi9 https://t.co/ZjAJKBEHi9,0.0,0.0,Unknown,#metoo,0.0,0.5272320508956909,0.4432544410228729,0.029513465240597725,-0.4977185856550932,0.5272320508956909,Negative
9417,2017-10-16 22:00:57,2017-10-16,22,Monday,"@Alyssa_Milano #metoo Ranges from a manager asking me to sit on his lap, being followed by men yelling from their c<e2><80><a6> https://t.co/ZEVvNdaN3D","@Alyssa_Milano #metoo Ranges from a manager asking me to sit on his lap, being followed by men yelling from their c<e2><80><a6> https://t.co/ZEVvNdaN3D",0.0,1.0,IPHONE,#metoo,0.0,0.556267261505127,0.42465686798095703,0.019075870513916016,-0.5371913909912109,0.556267261505127,Negative
14493,2017-10-16 21:28:07,2017-10-16,21,Monday,Me too. #MeToo,Me too. #MeToo,0.0,0.0,IPHONE,#metoo,0.0,0.06320705264806747,0.5410102605819702,0.3957826495170593,0.33257559686899185,0.5410102605819702,Neutral
19033,2017-10-16 23:21:47,2017-10-16,23,Monday,"I was sexually approached by two men one when I was 5 and one when I was 16. 
#Metoo",I was sexually approached by two men one when I was 5 and one when I was 16. #Metoo,0.0,2.0,IPHONE,#metoo,0.0,0.4393056035041809,0.5385180115699768,0.02217634953558445,-0.41712925396859646,0.5385180115699768,Neutral
19188,2017-10-16 19:14:18,2017-10-16,19,Monday,"#MeToo 
his voice is beautiful<ed><a0><bd><ed><b8><bb><e2><99><a5><ef><b8><8f>
https://t.co/4NxOGDfGEi https://t.co/GwhFXYNsym",#MeToo his voice is beautiful<ed><a0><bd><ed><b8><bb><e2><99><a5><ef><b8><8f> https://t.co/4NxOGDfGEi https://t.co/GwhFXYNsym,1.0,1.0,IPHONE,#metoo,2.0,0.005677677225321531,0.057217687368392944,0.9371045827865601,0.9314269055612385,0.9371045827865601,Positive
24458,2017-10-16 23:43:00,2017-10-16,23,Monday,It *should* be making men sick. #metoo,It *should* be making men sick. #metoo,0.0,0.0,IPHONE,#metoo,0.0,0.8983047604560852,0.09515030682086945,0.006544898264110088,-0.8917598621919751,0.8983047604560852,Negative
6117,2017-10-16 20:44:19,2017-10-16,20,Monday,@realDonaldTrump @POTUS is an absolute scumbag #metoo https://t.co/11iNvtRMIE,@realDonaldTrump @POTUS is an absolute scumbag #metoo https://t.co/11iNvtRMIE,0.0,0.0,IPHONE,#metoo,0.0,0.9425061345100403,0.051914282143116,0.005579567048698664,-0.9369265674613416,0.9425061345100403,Negative
23244,2017-10-16 20:33:24,2017-10-16,20,Monday,gonna go out on a limb and say that anyone surprised by the explosion of #metoo is complicit. you are either not trusted or not listening.,gonna go out on a limb and say that anyone surprised by the explosion of #metoo is complicit. you are either not trusted or not listening.,0.0,0.0,ANDROID,#metoo,0.0,0.8945938944816589,0.09903392195701599,0.006372181698679924,-0.888221712782979,0.8945938944816589,Negative
24736,2017-10-16 19:03:09,2017-10-16,19,Monday,Standpoint stands with all survivors; those who have chosen to declare #metoo and with those who have chosen to... https://t.co/SrROsnrxhR,Standpoint stands with all survivors; those who have chosen to declare #metoo and with those who have chosen to... https://t.co/SrROsnrxhR,0.0,2.0,Unknown,#metoo,0.0,0.03860865905880928,0.8449733257293701,0.1164180189371109,0.07780935987830162,0.8449733257293701,Neutral
10939,2017-10-16 20:24:26,2017-10-16,20,Monday,@GigiEdgley We can only hope the hashtag #METOO becomes a thing of the past as does the harassment or worse that started it.,@GigiEdgley We can only hope the hashtag #METOO becomes a thing of the past as does the harassment or worse that started it.,0.0,0.0,Unknown,#metoo,0.0,0.6619247198104858,0.2951761484146118,0.04289914667606354,-0.6190255731344223,0.6619247198104858,Negative
3544,2017-10-16 23:27:05,2017-10-16,23,Monday,"After 25+ yrs. working to end SH in the workplace, I'm so happy to see help like #MeToo ! Please keep helping! @ABA_CRSJ @ABATIPSEmployLw","After 25+ yrs. working to end SH in the workplace, I'm so happy to see help like #MeToo ! Please keep helping! @ABA_CRSJ @ABATIPSEmployLw",0.0,0.0,WEB,#metoo,0.0,0.003132049459964037,0.014201832003891468,0.9826661348342896,0.9795340853743255,0.9826661348342896,Positive
2265,2017-10-16 23:38:50,2017-10-16,23,Monday,"Yeah, just to make the point there are no safe places when it comes to SA/SH  #MeToo https://t.co/2IGe0Cvkn7","Yeah, just to make the point there are no safe places when it comes to SA/SH #MeToo https://t.co/2IGe0Cvkn7",0.0,2.0,WEB,#metoo,0.0,0.6203063130378723,0.3541978895664215,0.02549576759338379,-0.5948105454444885,0.6203063130378723,Negative
7741,2017-10-16 20:23:51,2017-10-16,20,Monday,"#MeToo He was fired from one company for sexually harassing me, and when I changed jobs two years later, he was working there!","#MeToo He was fired from one company for sexually harassing me, and when I changed jobs two years later, he was working there!",0.0,1.0,Unknown,#metoo,0.0,0.8968644142150879,0.0956258550286293,0.0075097219087183475,-0.8893546923063695,0.8968644142150879,Negative
9201,2017-10-16 22:49:01,2017-10-16,22,Monday,I get anxious going to Rossford. I get anxious going to Fallen Timbers now knowing that<e2><80><99>s where the haunt moved &amp; that THEYRE there #MeToo,I get anxious going to Rossford. I get anxious going to Fallen Timbers now knowing that<e2><80><99>s where the haunt moved &amp; that THEYRE there #MeToo,0.0,0.0,IPHONE,#metoo,0.0,0.813456654548645,0.17743687331676483,0.009106499142944813,-0.8043501554057002,0.813456654548645,Negative
1409,2017-10-16 20:32:08,2017-10-16,20,Monday,"A group of boys thought what their friend did to me was ok. I was asleep.
#MeToo",A group of boys thought what their friend did to me was ok. I was asleep. #MeToo,0.0,1.0,IPHONE,#metoo,0.0,0.6980911493301392,0.2840893268585205,0.017819469794631004,-0.6802716795355082,0.6980911493301392,Negative
26764,2017-10-16 20:51:44,2017-10-16,20,Monday,"My boss didn't have the right to take my innocence, that should have been my choice. #MeToo","My boss didn't have the right to take my innocence, that should have been my choice. #MeToo",0.0,0.0,WEB,#metoo,0.0,0.8524375557899475,0.13931170105934143,0.008250659331679344,-0.8441868964582682,0.8524375557899475,Negative
16204,2017-10-16 21:24:19,2017-10-16,21,Monday,"Join the conversation - take two minutes to share your story too! #metoo

https://t.co/h7IIc1EBQ7 https://t.co/v1CWY4LTcc",Join the conversation - take two minutes to share your story too! #metoo https://t.co/h7IIc1EBQ7 https://t.co/v1CWY4LTcc,2.0,3.0,WEB,#metoo,0.0,0.007421323098242283,0.5577100515365601,0.43486863374710083,0.42744731064885855,0.5577100515365601,Neutral
2935,2017-10-16 23:38:50,2017-10-16,23,Monday,#MeToo maybe it<e2><80><99>s not easy for me to share my story but just because I won<e2><80><99>t share doesn<e2><80><99>t make it any less real.,#MeToo maybe it<e2><80><99>s not easy for me to share my story but just because I won<e2><80><99>t share doesn<e2><80><99>t make it any less real.,1.0,1.0,IPHONE,#metoo,0.0,0.8334060907363892,0.15897952020168304,0.007614389061927795,-0.8257917016744614,0.8334060907363892,Negative
9468,2017-10-16 23:05:23,2017-10-16,23,Monday,It feels important to add #metoo,It feels important to add #metoo,0.0,0.0,IPHONE,#metoo,0.0,0.03151911124587059,0.448333203792572,0.5201476812362671,0.4886285699903965,0.5201476812362671,Positive
3263,2017-10-16 23:24:14,2017-10-16,23,Monday,"1st grade: me too
5th grade: me too
11th grade: me too
freshman yr: me too
senior yr: me too

After a while you stop counting.

#MeToo",1st grade: me too 5th grade: me too 11th grade: me too freshman yr: me too senior yr: me too After a while you stop counting. #MeToo,0.0,1.0,IPHONE,#metoo,0.0,0.09442450851202011,0.8143747448921204,0.09120076894760132,-0.0032237395644187927,0.8143747448921204,Neutral
17116,2017-10-16 21:20:36,2017-10-16,21,Monday,"Remember #YesAllWomen? Remember #WhyIStayed and #WhyILeft? Now we have #MeToo.

When do we start believing survivors?",Remember #YesAllWomen? Remember #WhyIStayed and #WhyILeft? Now we have #MeToo. When do we start believing survivors?,3.0,8.0,Unknown,#metoo,0.0,0.1325472593307495,0.7685027122497559,0.09895013272762299,-0.033597126603126526,0.7685027122497559,Neutral
1192,2017-10-16 22:51:00,2017-10-16,22,Monday,"Anyway, #MeToo","Anyway, #MeToo",0.0,2.0,IPHONE,#metoo,0.0,0.06235175207257271,0.45907062292099,0.4785776138305664,0.4162258617579937,0.4785776138305664,Positive
11570,2017-10-16 20:40:53,2017-10-16,20,Monday,Men: respond to #metoo with #IWill. #IWill absolutely support women in ending patriarchal garbage.  https://t.co/HSnfzPWvSg,Men: respond to #metoo with #IWill. #IWill absolutely support women in ending patriarchal garbage. https://t.co/HSnfzPWvSg,2.0,3.0,IPHONE,#metoo,0.0,0.02503865770995617,0.27847033739089966,0.6964910626411438,0.6714524049311876,0.6964910626411438,Positive
11793,2017-10-16 22:18:32,2017-10-16,22,Monday,"Sedated on date rape drug
By a colleague
By partners
By a priest
#MeToo",Sedated on date rape drug By a colleague By partners By a priest #MeToo,0.0,0.0,ANDROID,#metoo,0.0,0.6308822631835938,0.35504671931266785,0.014071020297706127,-0.6168112428858876,0.6308822631835938,Negative
25904,2017-10-16 19:37:48,2017-10-16,19,Monday,Saying no should be enough. Always. #metoo,Saying no should be enough. Always. #metoo,0.0,0.0,Unknown,#metoo,0.0,0.29101160168647766,0.64961177110672,0.05937664583325386,-0.2316349558532238,0.64961177110672,Neutral
23736,2017-10-16 21:05:45,2017-10-16,21,Monday,Guess what @DLoesch -you narcissistic drama queen - ALL WOMEN ARE LIKELY TO BE ASSAULTED.        #MeToo https://t.co/srvLCGyA1A,Guess what @DLoesch -you narcissistic drama queen - ALL WOMEN ARE LIKELY TO BE ASSAULTED. #MeToo https://t.co/srvLCGyA1A,0.0,5.0,IPHONE,#metoo,0.0,0.8975925445556641,0.09337101876735687,0.009036519564688206,-0.8885560249909759,0.8975925445556641,Negative
20131,2017-10-16 23:44:56,2017-10-16,23,Monday,"I don't trust, not fully. Not ever. And I miss that version of me. #MeToo","I don't trust, not fully. Not ever. And I miss that version of me. #MeToo",0.0,6.0,ANDROID,#metoo,0.0,0.905974268913269,0.08672192692756653,0.007303754333406687,-0.8986705145798624,0.905974268913269,Negative
22258,2017-10-16 22:54:12,2017-10-16,22,Monday,The latest RJ Marmol's Daily Newsworthy! https://t.co/X9q8VGWQnz #metoo #shopify,The latest RJ Marmol's Daily Newsworthy! https://t.co/X9q8VGWQnz #metoo #shopify,1.0,0.0,Unknown,#metoo,0.0,0.007411536294966936,0.7719261050224304,0.22066238522529602,0.21325084893032908,0.7719261050224304,Neutral
7903,2017-10-16 23:09:00,2017-10-16,23,Monday,"Me too. By strangers on the street, in professional situations, at social events. Young, old, all races. #MeToo","Me too. By strangers on the street, in professional situations, at social events. Young, old, all races. #MeToo",0.0,2.0,WEB,#metoo,0.0,0.11875093728303909,0.7611952424049377,0.12005389481782913,0.001302957534790039,0.7611952424049377,Neutral
22475,2017-10-16 23:34:22,2017-10-16,23,Monday,you know what? I had not thought about it in so long that I considered it unimportant.  I was wrong.  #MeToo,you know what? I had not thought about it in so long that I considered it unimportant. I was wrong. #MeToo,0.0,0.0,WEB,#metoo,0.0,0.6363845467567444,0.32334011793136597,0.04027532413601875,-0.5961092226207256,0.6363845467567444,Negative
7797,2017-10-16 21:12:33,2017-10-16,21,Monday,"#metoo 
I salute all of you brave women. 
Enough is enough!",#metoo I salute all of you brave women. Enough is enough!,0.0,0.0,IPHONE,#metoo,0.0,0.06119583919644356,0.14174486696720123,0.7970593571662903,0.7358635179698467,0.7970593571662903,Positive
7241,2017-10-16 23:40:01,2017-10-16,23,Monday,"Ladies and Gentlemen, General Leia Organa.

May we all defend our friends as did Carrie Fisher.

#MeToo #BadAss<e2><80><a6> https://t.co/7e3eJuUADw","Ladies and Gentlemen, General Leia Organa. May we all defend our friends as did Carrie Fisher. #MeToo #BadAss<e2><80><a6> https://t.co/7e3eJuUADw",0.0,0.0,Unknown,#metoo,0.0,0.10269223153591156,0.6248997449874878,0.27240803837776184,0.16971580684185028,0.6248997449874878,Neutral
26100,2017-10-16 20:57:59,2017-10-16,20,Monday,I was engaged. He was my future brother in law. I didn't consent. #MeToo,I was engaged. He was my future brother in law. I didn't consent. #MeToo,1.0,3.0,WEB,#metoo,0.0,0.31222665309906006,0.6507555246353149,0.03701780363917351,-0.27520884945988655,0.6507555246353149,Neutral
22467,2017-10-16 22:18:27,2017-10-16,22,Monday,"#MeToo because it effects everyone in different ways, big or even smaller effects - and that shouldn't be frowned upon. It's my experience","#MeToo because it effects everyone in different ways, big or even smaller effects - and that shouldn't be frowned upon. It's my experience",0.0,1.0,IPHONE,#metoo,0.0,0.29495978355407715,0.5827900171279907,0.12225016206502914,-0.172709621489048,0.5827900171279907,Neutral
28572,2017-10-16 23:48:19,2017-10-16,23,Monday,The latest The ZR Daily! https://t.co/E1H4vdIpWX Thanks to @trekonomics @AmniRusli @JFKJrForum #metoo #kirkuk,The latest The ZR Daily! https://t.co/E1H4vdIpWX Thanks to @trekonomics @AmniRusli @JFKJrForum #metoo #kirkuk,0.0,0.0,Unknown,#metoo,0.0,0.002554911421611905,0.19028954207897186,0.8071555495262146,0.8046006381046027,0.8071555495262146,Positive
18494,2017-10-16 21:28:35,2017-10-16,21,Monday,Are there women who have not been sexual harassed or assaulted? #MeToo,Are there women who have not been sexual harassed or assaulted? #MeToo,0.0,1.0,ANDROID,#metoo,0.0,0.4744524657726288,0.5023438334465027,0.023203644901514053,-0.45124882087111473,0.5023438334465027,Neutral
22342,2017-10-16 19:14:24,2017-10-16,19,Monday,"#MeToo

To the ""friend"" who insisted on walking me home,
To the stranger in the bar,
To the ""friend"" who wouldn't take no for an answer...","#MeToo To the ""friend"" who insisted on walking me home, To the stranger in the bar, To the ""friend"" who wouldn't take no for an answer...",1.0,1.0,IPHONE,#metoo,0.0,0.25438088178634644,0.6751313209533691,0.07048776745796204,-0.1838931143283844,0.6751313209533691,Neutral
2508,2017-10-16 21:31:02,2017-10-16,21,Monday,"Wish I didn't have to type this but yes, #metoo","Wish I didn't have to type this but yes, #metoo",0.0,1.0,IPHONE,#metoo,0.0,0.6319587230682373,0.30835816264152527,0.05968315154314041,-0.5722755715250969,0.6319587230682373,Negative
4186,2017-10-16 21:07:54,2017-10-16,21,Monday,"21yo. This creepy old guy (60 something) got in the elevator with me, and touched my tights, asking if I'd be around all day. #MeToo","21yo. This creepy old guy (60 something) got in the elevator with me, and touched my tights, asking if I'd be around all day. #MeToo",0.0,0.0,IPHONE,#metoo,0.0,0.6529055237770081,0.3289894759654999,0.01810499280691147,-0.6348005309700966,0.6529055237770081,Negative
5989,2017-10-16 19:25:30,2017-10-16,19,Monday,I believe you #metoo,I believe you #metoo,0.0,1.0,WEB,#metoo,0.0,0.014689060859382153,0.3042761981487274,0.6810346841812134,0.6663456233218312,0.6810346841812134,Positive
23973,2017-10-16 20:37:05,2017-10-16,20,Monday,"It breaks my heart every time I see somebody post #MeToo, I can only imagine what it's like to experience something like that.","It breaks my heart every time I see somebody post #MeToo, I can only imagine what it's like to experience something like that.",0.0,1.0,ANDROID,#metoo,0.0,0.9353305101394653,0.058843933045864105,0.00582559360191226,-0.9295049165375531,0.9353305101394653,Negative
27567,2017-10-16 23:24:21,2017-10-16,23,Monday,"*REQUIRED READING*
""#MeToo Floods Social Media With Stories of Harassment and Assault"" https://t.co/Xpk1a8L88O","*REQUIRED READING* ""#MeToo Floods Social Media With Stories of Harassment and Assault"" https://t.co/Xpk1a8L88O",0.0,1.0,WEB,#metoo,0.0,0.5677567720413208,0.4193318486213684,0.012911335565149784,-0.554845436476171,0.5677567720413208,Negative
165,2017-10-16 23:13:53,2017-10-16,23,Monday,#MeToo . This has to stop,#MeToo . This has to stop,0.0,0.0,ANDROID,#metoo,0.0,0.841352641582489,0.14197379350662231,0.016673579812049866,-0.8246790617704391,0.841352641582489,Negative
15666,2017-10-16 22:26:24,2017-10-16,22,Monday,"Survivors don't owe you anything. Not their time, resources, or their stories. #metoo https://t.co/2qiUNoRtOz https://t.co/eAm0I5pm4F","Survivors don't owe you anything. Not their time, resources, or their stories. #metoo https://t.co/2qiUNoRtOz https://t.co/eAm0I5pm4F",0.0,0.0,Unknown,#metoo,0.0,0.8456496000289917,0.1458692103624344,0.008481149561703205,-0.8371684504672885,0.8456496000289917,Negative
19379,2017-10-16 21:03:04,2017-10-16,21,Monday,#SupportingWomen in light and sadness for #MeToo,#SupportingWomen in light and sadness for #MeToo,0.0,2.0,ANDROID,#metoo,0.0,0.13598528504371643,0.6212747097015381,0.24274002015590668,0.10675473511219025,0.6212747097015381,Neutral
22749,2017-10-16 22:22:14,2017-10-16,22,Monday,It's hard to not feel disgusted by humanity after seeing the sheer number of women affected by sexual abuse posting with #MeToo,It's hard to not feel disgusted by humanity after seeing the sheer number of women affected by sexual abuse posting with #MeToo,0.0,0.0,Unknown,#metoo,0.0,0.9090697169303894,0.0842982605099678,0.006631951313465834,-0.9024377656169236,0.9090697169303894,Negative
10513,2017-10-16 21:20:03,2017-10-16,21,Monday,@truthwillbe4 <ed><a0><bd><ed><b8><a2> so sorry. I wish we had managed a better world for our kids. #MeToo,@truthwillbe4 <ed><a0><bd><ed><b8><a2> so sorry. I wish we had managed a better world for our kids. #MeToo,0.0,1.0,IPHONE,#metoo,1.0,0.8781445026397705,0.11078750342130661,0.011068020947277546,-0.867076481692493,0.8781445026397705,Negative
1238,2017-10-16 21:55:24,2017-10-16,21,Monday,Sad but admittedly not surprised to see #metoo trending; change must come #respect #breakthesilence #challenge<e2><80><a6> https://t.co/HUpEvzCn85,Sad but admittedly not surprised to see #metoo trending; change must come #respect #breakthesilence #challenge<e2><80><a6> https://t.co/HUpEvzCn85,0.0,0.0,WEB,#metoo,0.0,0.6803604960441589,0.29015862941741943,0.029480883851647377,-0.6508796121925116,0.6803604960441589,Negative
19832,2017-10-16 21:17:49,2017-10-16,21,Monday,Me too. Many times! It's never a fun topic to talk about but definitely men/ boys need to learn how to act around women/ girls. #MeToo,Me too. Many times! It's never a fun topic to talk about but definitely men/ boys need to learn how to act around women/ girls. #MeToo,0.0,1.0,WEB,#metoo,0.0,0.8827318549156189,0.10852300375699997,0.008745177648961544,-0.8739866772666574,0.8827318549156189,Negative
23235,2017-10-16 19:43:36,2017-10-16,19,Monday,"#Metoo Being reminded of things I rather not think about, feeling guilty even thought I shouldn<e2><80><99>t, that<e2><80><99>s actually the worst","#Metoo Being reminded of things I rather not think about, feeling guilty even thought I shouldn<e2><80><99>t, that<e2><80><99>s actually the worst",1.0,10.0,IPHONE,#metoo,0.0,0.9358091354370117,0.058534637093544006,0.0056562405079603195,-0.9301528949290514,0.9358091354370117,Negative
22803,2017-10-16 23:01:57,2017-10-16,23,Monday,#MeToo and it's too painful to remember the details and to talk about it..,#MeToo and it's too painful to remember the details and to talk about it..,0.0,1.0,ANDROID,#metoo,0.0,0.9216471314430237,0.07304631173610687,0.005306525155901909,-0.9163406062871218,0.9216471314430237,Negative
18438,2017-10-16 20:17:02,2017-10-16,20,Monday,"#MeToo #MondayMotivation #BoweBergdahl 
@SenateMajLdr is a loser and is scared of Bannon! https://t.co/ov0D8eUNib",#MeToo #MondayMotivation #BoweBergdahl @SenateMajLdr is a loser and is scared of Bannon! https://t.co/ov0D8eUNib,0.0,1.0,WEB,#metoo,0.0,0.9004486799240112,0.08849437534809113,0.011056985706090927,-0.8893916942179203,0.9004486799240112,Negative
9712,2017-10-16 20:39:42,2017-10-16,20,Monday,#metoo is taking over the media!! Stay tuned for my review/take on the #HarveyWeinsten agony! Only! directed at #iraniancinema #patriarchal,#metoo is taking over the media!! Stay tuned for my review/take on the #HarveyWeinsten agony! Only! directed at #iraniancinema #patriarchal,0.0,0.0,IPHONE,#metoo,0.0,0.16605417430400848,0.6451826691627502,0.18876315653324127,0.022708982229232788,0.6451826691627502,Neutral
56,2017-10-16 20:43:23,2017-10-16,20,Monday,"To Counter the trend #MeToo , Molesters should immediately start #SelfThoo","To Counter the trend #MeToo , Molesters should immediately start #SelfThoo",0.0,0.0,ANDROID,#metoo,0.0,0.7032193541526794,0.28458327054977417,0.012197415344417095,-0.6910219388082623,0.7032193541526794,Negative
28618,2017-10-16 19:10:04,2017-10-16,19,Monday,The #metoo stories are a wake up call for our society. Let's cleanse and correct. It's high time. It's the right time.,The #metoo stories are a wake up call for our society. Let's cleanse and correct. It's high time. It's the right time.,0.0,2.0,IPHONE,#metoo,0.0,0.06755205988883972,0.385982871055603,0.5464650988578796,0.4789130389690399,0.5464650988578796,Positive
8064,2017-10-16 21:29:09,2017-10-16,21,Monday,Always remember that consent can<e2><80><99>t be provided when somebody is blackout drunk and you<e2><80><99>re a piece of shit if you take advantage. #MeToo,Always remember that consent can<e2><80><99>t be provided when somebody is blackout drunk and you<e2><80><99>re a piece of shit if you take advantage. #MeToo,2.0,4.0,IPHONE,#metoo,0.0,0.8309030532836914,0.1564311683177948,0.01266578957438469,-0.8182372637093067,0.8309030532836914,Negative
21095,2017-10-16 23:10:46,2017-10-16,23,Monday,"In The Wake Of Harvey Weinstein Scandal, Women Say #MeToo https://t.co/Fg39RcA1il","In The Wake Of Harvey Weinstein Scandal, Women Say #MeToo https://t.co/Fg39RcA1il",0.0,0.0,WEB,#metoo,0.0,0.20637348294258118,0.7719012498855591,0.021725332364439964,-0.1846481505781412,0.7719012498855591,Neutral
11297,2017-10-16 19:01:37,2017-10-16,19,Monday,"I will always believe the women, no matter what. <ed><a0><bd><ed><b9><8c><ed><a0><bc><ed><bf><bc> #metoo https://t.co/yflK1AnLia","I will always believe the women, no matter what. <ed><a0><bd><ed><b9><8c><ed><a0><bc><ed><bf><bc> #metoo https://t.co/yflK1AnLia",0.0,0.0,IPHONE,#metoo,2.0,0.022355400025844574,0.3534615635871887,0.6241830587387085,0.6018276587128639,0.6241830587387085,Positive
12141,2017-10-16 21:19:33,2017-10-16,21,Monday,#metoo and I will teach my boys to not be the reason a girl ever has to say those two words.,#metoo and I will teach my boys to not be the reason a girl ever has to say those two words.,1.0,7.0,IPHONE,#metoo,0.0,0.7466753721237183,0.22919879853725433,0.02412583865225315,-0.7225495334714651,0.7466753721237183,Negative
20531,2017-10-16 23:20:21,2017-10-16,23,Monday,@rolandsmartin @RVAwonk @DLoesch @tvonetv She<e2><80><99>s definitely trying to hijack #MeToo as a reason for women to start packing heat.,@rolandsmartin @RVAwonk @DLoesch @tvonetv She<e2><80><99>s definitely trying to hijack #MeToo as a reason for women to start packing heat.,0.0,3.0,IPHONE,#metoo,0.0,0.862998902797699,0.12979692220687866,0.007204184774309397,-0.8557947180233896,0.862998902797699,Negative
21449,2017-10-16 19:51:14,2017-10-16,19,Monday,"Redub Star Wars Episode 5 so that Yoda says ""use the force....with permission"" #StarWarsTheLastJedi #MeToo","Redub Star Wars Episode 5 so that Yoda says ""use the force....with permission"" #StarWarsTheLastJedi #MeToo",0.0,0.0,WEB,#metoo,0.0,0.042902007699012756,0.7549046874046326,0.20219337940216064,0.1592913717031479,0.7549046874046326,Neutral
18323,2017-10-16 22:58:04,2017-10-16,22,Monday,The last line.....truth. #MeToo https://t.co/HxF5Z1pPCq,The last line.....truth. #MeToo https://t.co/HxF5Z1pPCq,0.0,0.0,IPHONE,#metoo,0.0,0.041943393647670746,0.7306416034698486,0.22741496562957764,0.1854715719819069,0.7306416034698486,Neutral
13561,2017-10-16 20:39:57,2017-10-16,20,Monday,#MeToo Don't @ me.,#MeToo Don't @ me.,0.0,2.0,ANDROID,#metoo,0.0,0.296904593706131,0.6088463068008423,0.09424909204244614,-0.20265550166368484,0.6088463068008423,Neutral
2060,2017-10-16 20:15:35,2017-10-16,20,Monday,"#metoo
Very early in my 20's it was clear to me every one of my close female friends had experienced mild to more... https://t.co/317uydsYEC",#metoo Very early in my 20's it was clear to me every one of my close female friends had experienced mild to more... https://t.co/317uydsYEC,0.0,0.0,Unknown,#metoo,0.0,0.1218092143535614,0.7930704355239868,0.08512039482593536,-0.03668881952762604,0.7930704355239868,Neutral
13772,2017-10-16 20:18:04,2017-10-16,20,Monday,"I filed a title ix against a student that assaulted me over a year ago. This past summer, he graduated with honors. #metoo","I filed a title ix against a student that assaulted me over a year ago. This past summer, he graduated with honors. #metoo",0.0,2.0,WEB,#metoo,0.0,0.6535862684249878,0.32708409428596497,0.019329676404595375,-0.6342565920203924,0.6535862684249878,Negative
19159,2017-10-16 19:03:38,2017-10-16,19,Monday,Can we believe that sexual power tripping is a HUGE issue now? Let<e2><80><99>s all change the world for the better. #metoo #IBelieveYou,Can we believe that sexual power tripping is a HUGE issue now? Let<e2><80><99>s all change the world for the better. #metoo #IBelieveYou,0.0,0.0,IPHONE,#metoo,0.0,0.5166027545928955,0.38563278317451477,0.09776446968317032,-0.4188382849097252,0.5166027545928955,Negative
24007,2017-10-16 20:15:16,2017-10-16,20,Monday,"I never talk abt it, but I admit #MeToo as a child, as a teenager n as a grown up! I still don<e2><80><99>t feel safe to walk alone in my home country!","I never talk abt it, but I admit #MeToo as a child, as a teenager n as a grown up! I still don<e2><80><99>t feel safe to walk alone in my home country!",0.0,0.0,IPHONE,#metoo,0.0,0.8455287218093872,0.14347650110721588,0.01099485158920288,-0.8345338702201843,0.8455287218093872,Negative
11382,2017-10-16 21:29:42,2017-10-16,21,Monday,@emilymeekx @kirstsolo thank you #MeToo,@emilymeekx @kirstsolo thank you #MeToo,0.0,3.0,IPHONE,#metoo,0.0,0.006860324181616306,0.2924342453479767,0.7007054090499878,0.6938450848683715,0.7007054090499878,Positive
18755,2017-10-16 19:41:35,2017-10-16,19,Monday,I'm pretty sure this list should be longer. #WomenWhoRoar #MeToo https://t.co/gkTKFecSBl,I'm pretty sure this list should be longer. #WomenWhoRoar #MeToo https://t.co/gkTKFecSBl,0.0,0.0,ANDROID,#metoo,0.0,0.11058887094259262,0.6691555976867676,0.2202555239200592,0.10966665297746658,0.6691555976867676,Neutral
19309,2017-10-16 23:45:06,2017-10-16,23,Monday,Every woman on earth has experienced some sort of objectification. Told to smile more. Sit a certain way. Laugh a little less loudly #MeToo,Every woman on earth has experienced some sort of objectification. Told to smile more. Sit a certain way. Laugh a little less loudly #MeToo,0.0,0.0,IPHONE,#metoo,0.0,0.750788688659668,0.2307172417640686,0.01849406585097313,-0.7322946228086948,0.750788688659668,Negative
22728,2017-10-16 19:39:51,2017-10-16,19,Monday,might as well bring this back from last year. i guess it's #MeToo https://t.co/dq25M7b8g2,might as well bring this back from last year. i guess it's #MeToo https://t.co/dq25M7b8g2,0.0,1.0,WEB,#metoo,0.0,0.23097805678844452,0.6889265775680542,0.08009536564350128,-0.15088269114494324,0.6889265775680542,Neutral
25973,2017-10-16 20:23:27,2017-10-16,20,Monday,"I can't bring myself to post it on FB, bc I don't want my dad to be upset. #MeToo","I can't bring myself to post it on FB, bc I don't want my dad to be upset. #MeToo",0.0,2.0,ANDROID,#metoo,0.0,0.7882310748100281,0.20278513431549072,0.008983887732028961,-0.7792471870779991,0.7882310748100281,Negative
4000,2017-10-16 20:30:52,2017-10-16,20,Monday,I don't know a single woman that hasn't been sexually assaulted. Most multiple times. A predator cannot be 'cured' with a sex doll #MeToo,I don't know a single woman that hasn't been sexually assaulted. Most multiple times. A predator cannot be 'cured' with a sex doll #MeToo,2.0,3.0,WEB,#metoo,0.0,0.8549224138259888,0.135127454996109,0.009950126521289349,-0.8449722873046994,0.8549224138259888,Negative
10876,2017-10-16 23:43:45,2017-10-16,23,Monday,Let our voices be heard. #MeToo,Let our voices be heard. #MeToo,0.0,4.0,IPHONE,#metoo,0.0,0.0424986258149147,0.5326301455497742,0.4248712360858917,0.382372610270977,0.5326301455497742,Neutral
8172,2017-10-16 21:18:28,2017-10-16,21,Monday,"#MeToo 
 
Some days I get flashes of memories I've put way in the back of my mind. Sometimes they make me feel ashamed, most times angry.","#MeToo Some days I get flashes of memories I've put way in the back of my mind. Sometimes they make me feel ashamed, most times angry.",0.0,1.0,ANDROID,#metoo,0.0,0.8919658660888672,0.10073266178369522,0.007301511708647013,-0.8846643543802202,0.8919658660888672,Negative
22581,2017-10-16 19:52:04,2017-10-16,19,Monday,"@Alyssa_Milano #MeToo. By a visiting priest when I was an altar server, aged 12. By my ex, for a year - the latter<e2><80><a6> https://t.co/DOGxAtKUP3","@Alyssa_Milano #MeToo. By a visiting priest when I was an altar server, aged 12. By my ex, for a year - the latter<e2><80><a6> https://t.co/DOGxAtKUP3",0.0,0.0,IPHONE,#metoo,0.0,0.17293508350849152,0.7877950072288513,0.039269883185625076,-0.13366520032286644,0.7877950072288513,Neutral
18381,2017-10-16 19:02:57,2017-10-16,19,Monday,"Friends, your #metoo stories have me at a loss for words, but I must say:
1. I believe you 
2. I'm so sorry
3. I want to help prevent this","Friends, your #metoo stories have me at a loss for words, but I must say: 1. I believe you 2. I'm so sorry 3. I want to help prevent this",0.0,11.0,WEB,#metoo,0.0,0.36813169717788696,0.32734325528144836,0.3045250177383423,-0.06360667943954468,0.36813169717788696,Negative
17550,2017-10-16 20:36:27,2017-10-16,20,Monday,The latest The MedStar Academy Daily! https://t.co/U7jh7RomoD Thanks to @Scottsdale @GoodyearNews #abc15 #metoo,The latest The MedStar Academy Daily! https://t.co/U7jh7RomoD Thanks to @Scottsdale @GoodyearNews #abc15 #metoo,0.0,1.0,Unknown,#metoo,0.0,0.002624544780701399,0.21381983160972595,0.7835555672645569,0.7809310224838555,0.7835555672645569,Positive
20166,2017-10-16 19:08:03,2017-10-16,19,Monday,"As one of the most isolating, lonely things I<e2><80><99>ve been through, I<e2><80><99>m filled with hope that the future WILL be brighter for our fight #MeToo","As one of the most isolating, lonely things I<e2><80><99>ve been through, I<e2><80><99>m filled with hope that the future WILL be brighter for our fight #MeToo",6.0,105.0,IPHONE,#metoo,0.0,0.16549277305603027,0.30559924244880676,0.5289079546928406,0.3634151816368103,0.5289079546928406,Positive
7349,2017-10-16 23:03:04,2017-10-16,23,Monday,I appreciate and love everyone that is sharing their stories and standing in solidarity with the #MeToo movement. #StandTogether #WeAreOne,I appreciate and love everyone that is sharing their stories and standing in solidarity with the #MeToo movement. #StandTogether #WeAreOne,0.0,2.0,IPHONE,#metoo,0.0,0.0038627926260232925,0.019659675657749176,0.9764775633811951,0.9726147707551718,0.9764775633811951,Positive
16489,2017-10-16 19:04:10,2017-10-16,19,Monday,"Hey, #metoo. Except I<e2><80><99>m hesitant to share bc I<e2><80><99>m tired of hearing how I could<e2><80><99>ve prevented the attack or how I should<e2><80><99>ve responded.","Hey, #metoo. Except I<e2><80><99>m hesitant to share bc I<e2><80><99>m tired of hearing how I could<e2><80><99>ve prevented the attack or how I should<e2><80><99>ve responded.",0.0,0.0,IPHONE,#metoo,0.0,0.8724663853645325,0.11901954561471939,0.00851399451494217,-0.8639523908495903,0.8724663853645325,Negative
24525,2017-10-16 19:29:56,2017-10-16,19,Monday,often wish i had spoken up earlier. it's not ever too late to say something. #metoo,often wish i had spoken up earlier. it's not ever too late to say something. #metoo,0.0,6.0,IPHONE,#metoo,0.0,0.24172279238700867,0.5052199959754944,0.2530572712421417,0.011334478855133057,0.5052199959754944,Neutral
9886,2017-10-16 19:53:00,2017-10-16,19,Monday,"#MeToo when I was about 10years old a boy of the same age grabbed me&amp;my friend's butt&amp;then ran away
It starts when their young
TEACH RESPECT",#MeToo when I was about 10years old a boy of the same age grabbed me&amp;my friend's butt&amp;then ran away It starts when their young TEACH RESPECT,0.0,0.0,WEB,#metoo,0.0,0.5874007344245911,0.38233086466789246,0.030268432572484016,-0.557132301852107,0.5874007344245911,Negative
22535,2017-10-16 19:51:03,2017-10-16,19,Monday,@tweetPollTroll I laughed at the statement then felt sick seeing #MeToo .  <ed><a0><bd><ed><b8><9e>,@tweetPollTroll I laughed at the statement then felt sick seeing #MeToo . <ed><a0><bd><ed><b8><9e>,0.0,0.0,ANDROID,#metoo,1.0,0.8470693826675415,0.1383986473083496,0.014531942084431648,-0.8325374405831099,0.8470693826675415,Negative
14416,2017-10-16 20:11:41,2017-10-16,20,Monday,"#MeToo 
Don<e2><80><99>t be afraid to speak out, be strong, be unapologetic.","#MeToo Don<e2><80><99>t be afraid to speak out, be strong, be unapologetic.",0.0,0.0,IPHONE,#metoo,0.0,0.17882099747657776,0.6215341091156006,0.19964492321014404,0.020823925733566284,0.6215341091156006,Neutral
21595,2017-10-16 21:50:42,2017-10-16,21,Monday,To all of the Women out there who are telling their stories I am in awe of your bravery! It was never EVER you're f<e2><80><a6> https://t.co/4j68Ordf7B,To all of the Women out there who are telling their stories I am in awe of your bravery! It was never EVER you're f<e2><80><a6> https://t.co/4j68Ordf7B,3.0,4.0,IPHONE,#metoo,0.0,0.05594220757484436,0.15105512738227844,0.7930026650428772,0.7370604574680328,0.7930026650428772,Positive
20877,2017-10-16 22:17:14,2017-10-16,22,Monday,"#Metoo.

If all the humans who have been sexually harassed or assaulted wrote ""Me too."" as a status, we might... https://t.co/qldwlzmlWq","#Metoo. If all the humans who have been sexually harassed or assaulted wrote ""Me too."" as a status, we might... https://t.co/qldwlzmlWq",0.0,0.0,Unknown,#metoo,0.0,0.5473012924194336,0.42330145835876465,0.029397232457995415,-0.5179040599614382,0.5473012924194336,Negative
22345,2017-10-16 20:15:00,2017-10-16,20,Monday,This is a powerful read.  I applaud you @ReallyChristina for speaking out! #MeToo https://t.co/fEm3foEnHL,This is a powerful read. I applaud you @ReallyChristina for speaking out! #MeToo https://t.co/fEm3foEnHL,0.0,2.0,Unknown,#metoo,0.0,0.005482550710439682,0.018662434071302414,0.9758550524711609,0.9703725017607212,0.9758550524711609,Positive
30,2017-10-16 22:59:36,2017-10-16,22,Monday,So many of us spoke out today to say #metoo and many were standing with us silently. This is<e2><80><a6> https://t.co/BQL3JMcn0t,So many of us spoke out today to say #metoo and many were standing with us silently. This is<e2><80><a6> https://t.co/BQL3JMcn0t,0.0,0.0,Unknown,#metoo,0.0,0.05976894870400429,0.49760860204696655,0.44262245297431946,0.38285350427031517,0.49760860204696655,Neutral
21090,2017-10-16 20:05:45,2017-10-16,20,Monday,Alyssa Milano's #MeToo Campaign Inspires Thousands To Speak Out About Sexual Misconduct ...: https://t.co/f2idJQi9y6,Alyssa Milano's #MeToo Campaign Inspires Thousands To Speak Out About Sexual Misconduct ...: https://t.co/f2idJQi9y6,0.0,0.0,Unknown,#metoo,0.0,0.023732291534543037,0.7333614826202393,0.24290621280670166,0.21917392127215862,0.7333614826202393,Neutral
10194,2017-10-16 22:28:08,2017-10-16,22,Monday,"He thought he was entitled to me. As if our friendship gave him the right to do anything he wanted.

#MeToo",He thought he was entitled to me. As if our friendship gave him the right to do anything he wanted. #MeToo,0.0,0.0,ANDROID,#metoo,0.0,0.5542536377906799,0.4057411551475525,0.04000519588589668,-0.5142484419047832,0.5542536377906799,Negative
9745,2017-10-16 19:56:14,2017-10-16,19,Monday,"#metoo But you know, I'm a guy so I'm sure it was my fault.","#metoo But you know, I'm a guy so I'm sure it was my fault.",0.0,0.0,WEB,#metoo,0.0,0.6920631527900696,0.2889116108417511,0.019025221467018127,-0.6730379313230515,0.6920631527900696,Negative
1339,2017-10-16 22:10:06,2017-10-16,22,Monday,"A Cold, Hard Look At What The #MeToo Phenomenon Says About Men And Toxic Masculinity [Opinion] https://t.co/pyvkfXQ2Ho via Max Mundan","A Cold, Hard Look At What The #MeToo Phenomenon Says About Men And Toxic Masculinity [Opinion] https://t.co/pyvkfXQ2Ho via Max Mundan",0.0,0.0,Unknown,#metoo,0.0,0.2804093658924103,0.7059245109558105,0.013666192069649696,-0.2667431738227606,0.7059245109558105,Neutral
15836,2017-10-16 19:07:16,2017-10-16,19,Monday,<e2><80><9c>#MeToo excludes folks who haven<e2><80><99>t been assaulted<e2><80><9d> is a take so terrible it might actually be lethal at a distance,<e2><80><9c>#MeToo excludes folks who haven<e2><80><99>t been assaulted<e2><80><9d> is a take so terrible it might actually be lethal at a distance,5.0,16.0,IPHONE,#metoo,0.0,0.8825023174285889,0.11066583544015884,0.00683189183473587,-0.875670425593853,0.8825023174285889,Negative
9525,2017-10-16 23:41:05,2017-10-16,23,Monday,"Me too.
If all the women who have been sexually harassed or assaulted wrote ""Me too"" as a status, we might give peo<e2><80><a6> https://t.co/xYBS4mGGPF","Me too. If all the women who have been sexually harassed or assaulted wrote ""Me too"" as a status, we might give peo<e2><80><a6> https://t.co/xYBS4mGGPF",0.0,0.0,WEB,#metoo,0.0,0.5619232058525085,0.39196303486824036,0.04611380770802498,-0.5158093981444836,0.5619232058525085,Negative
20010,2017-10-16 22:45:56,2017-10-16,22,Monday,"#metoo 
Because apparently wearing a swim suit at the pool is an invitation. 

P.S. its not",#metoo Because apparently wearing a swim suit at the pool is an invitation. P.S. its not,0.0,2.0,ANDROID,#metoo,0.0,0.5454196333885193,0.42072516679763794,0.03385523334145546,-0.5115644000470638,0.5454196333885193,Negative
27506,2017-10-16 20:10:08,2017-10-16,20,Monday,#MeToo and my grandma and my mum and each of my 4 sisters and every woman I've ever spoken to on the topic,#MeToo and my grandma and my mum and each of my 4 sisters and every woman I've ever spoken to on the topic,1.0,5.0,WEB,#metoo,0.0,0.16963835060596466,0.7231025695800781,0.10725908726453781,-0.06237926334142685,0.7231025695800781,Neutral
25818,2017-10-16 21:00:54,2017-10-16,21,Monday,"This takes so much courage for me to say, but #MeToo . If you don<e2><80><99>t see a problem, you are the problem.","This takes so much courage for me to say, but #MeToo . If you don<e2><80><99>t see a problem, you are the problem.",1.0,2.0,IPHONE,#metoo,0.0,0.6384103298187256,0.30637606978416443,0.05521351844072342,-0.5831968113780022,0.6384103298187256,Negative
26526,2017-10-16 20:23:16,2017-10-16,20,Monday,"@IAmLindsayJones NO. LINDSAY NO. This broke my heart. Also, I was 22. #MeToo #keepmovingforward https://t.co/beXsiibj5w","@IAmLindsayJones NO. LINDSAY NO. This broke my heart. Also, I was 22. #MeToo #keepmovingforward https://t.co/beXsiibj5w",0.0,0.0,ANDROID,#metoo,0.0,0.9215209484100342,0.07149768620729446,0.006981292273849249,-0.9145396561361849,0.9215209484100342,Negative
17514,2017-10-16 22:37:32,2017-10-16,22,Monday,<e2><80><9c>It<e2><80><99>s when we start turning these stories into action that we<e2><80><99>re going to see real change.<e2><80><9d>- @jessemermell https://t.co/nbxTuJjd1i #MeToo,<e2><80><9c>It<e2><80><99>s when we start turning these stories into action that we<e2><80><99>re going to see real change.<e2><80><9d>- @jessemermell https://t.co/nbxTuJjd1i #MeToo,1.0,2.0,IPHONE,#metoo,0.0,0.03253202140331268,0.7712588906288147,0.196209117770195,0.16367709636688232,0.7712588906288147,Neutral
1952,2017-10-16 19:56:00,2017-10-16,19,Monday,what should look like a moment of passion is the ugliness of sexual abuse #MeToo #sexualabuse<e2><80><a6> https://t.co/OmiB2CWs89,what should look like a moment of passion is the ugliness of sexual abuse #MeToo #sexualabuse<e2><80><a6> https://t.co/OmiB2CWs89,0.0,0.0,Unknown,#metoo,0.0,0.8574149012565613,0.13456661999225616,0.008018553256988525,-0.8493963479995728,0.8574149012565613,Negative
22743,2017-10-16 19:48:03,2017-10-16,19,Monday,#YesEveryWoman #MeToo #IchAuch #MoiAussi a multilingual reminder that it is time to stop sexual violence. Its impact is devastating.,#YesEveryWoman #MeToo #IchAuch #MoiAussi a multilingual reminder that it is time to stop sexual violence. Its impact is devastating.,3.0,10.0,IPHONE,#metoo,0.0,0.8300387859344482,0.1541631519794464,0.01579795777797699,-0.8142408281564713,0.8300387859344482,Negative
22161,2017-10-16 20:20:25,2017-10-16,20,Monday,The latest The Richard Headland Daily! https://t.co/ckZPoqu0gC Thanks to @fairerfinance #metoo #deal,The latest The Richard Headland Daily! https://t.co/ckZPoqu0gC Thanks to @fairerfinance #metoo #deal,0.0,0.0,Unknown,#metoo,0.0,0.0033280395437031984,0.25468936562538147,0.7419825792312622,0.738654539687559,0.7419825792312622,Positive
14214,2017-10-16 19:10:24,2017-10-16,19,Monday,#MeToo one day I will be able to tell this part of my story.,#MeToo one day I will be able to tell this part of my story.,0.0,0.0,Unknown,#metoo,0.0,0.04517325758934021,0.5930690169334412,0.36175766587257385,0.31658440828323364,0.5930690169334412,Neutral
22208,2017-10-16 22:12:03,2017-10-16,22,Monday,"To everyone tweeting #metoo, my heart is right with you.","To everyone tweeting #metoo, my heart is right with you.",2.0,1.0,IPHONE,#metoo,0.0,0.021645894274115562,0.1861761063337326,0.7921779751777649,0.7705320809036493,0.7921779751777649,Positive
16973,2017-10-16 22:18:05,2017-10-16,22,Monday,@Yo_se_tu @angela_813 @rosemcgowan Same. I'm currently tracking down his email address to point it out to him. #metoo,@Yo_se_tu @angela_813 @rosemcgowan Same. I'm currently tracking down his email address to point it out to him. #metoo,0.0,2.0,IPHONE,#metoo,0.0,0.1370892971754074,0.7743126749992371,0.08859804272651672,-0.048491254448890686,0.7743126749992371,Neutral
13154,2017-10-16 20:11:09,2017-10-16,20,Monday,Our member orgs fight daily to create a world where all women &amp; girls have bodily autonomy &amp; are safe from sexual/domestic violence. #MeToo,Our member orgs fight daily to create a world where all women &amp; girls have bodily autonomy &amp; are safe from sexual/domestic violence. #MeToo,0.0,2.0,IPHONE,#metoo,0.0,0.0792427733540535,0.6157209873199463,0.3050362467765808,0.2257934734225273,0.6157209873199463,Neutral
25657,2017-10-16 23:13:04,2017-10-16,23,Monday,He refused to even admit he<e2><80><99>d done anything wrong #MeToo,He refused to even admit he<e2><80><99>d done anything wrong #MeToo,1.0,1.0,IPHONE,#metoo,0.0,0.800081729888916,0.19116686284542084,0.008751417510211468,-0.7913303123787045,0.800081729888916,Negative
17565,2017-10-16 21:24:41,2017-10-16,21,Monday,"Quit my 1st job @ 15 bc of sexual harassment from coworkers. Was too embarrassed &amp; uncomfortable to tell anyone why, so I didn<e2><80><99>t. #MeToo","Quit my 1st job @ 15 bc of sexual harassment from coworkers. Was too embarrassed &amp; uncomfortable to tell anyone why, so I didn<e2><80><99>t. #MeToo",0.0,9.0,IPHONE,#metoo,0.0,0.9125109314918518,0.08119373023509979,0.006295304279774427,-0.9062156272120774,0.9125109314918518,Negative
